handle,seo_title,title_len,meta_description,meta_len
albarino,Albariño Wine | Drinks House 247 ,33,Dive into the coastal allure of Albariño wines with Drinks House 247. Spain's answer to refreshing and aromatic white wines.,124
alcohol-gift-sets,Alcohol Gift Sets | Same Day London | Drinks House 247,54,"Shop luxury alcohol gift sets with same-day delivery in London in 30–45 mins. Champagne, whisky & wine gift sets. Personalised message included. Order 24/7.",156
all,Products - All Collections on Drinkshouse247,44,"Browse every bottle at Drinks House 247 — wine, champagne, spirits, beer and mixers. Same-day London delivery in 30–45 mins, 24/7.",130
all-products,Booze Delivery in London - 30 Minute Service,44,"Drinks House 247 offers booze delivery in London within 30 minutes. Discover a variety of wines, beers, liquors, and snacks today!",130
alsace,Alsace Wine Delivery in UK - Shop Alsace Collection Online,58,"Alsace wines — aromatic Riesling, Pinot Gris and Gewürztraminer from northeast France. Same-day London delivery, UK next-day.",125
anejo-tequila,Discover Rich Añejo Tequila Collection Online,45,"Explore our Añejo Tequila collection, where aged tequila meets oak barrel mastery. Enjoy rich vanilla notes and agave essence in every sip.",139
anniversary-gifts,Anniversary Gifts | Same Day London & UK | Drinks House 247,59,"Romantic anniversary gifts delivered same day in London or next day UK-wide. Champagne, fine wine & luxury spirits from Drinks House 247.",137
armand-de-brignac-champagne,Armand de Brignac Champagne | Drinks House 247 ,47,"Indulge in the ultimate luxury of Armand de Brignac Champagne at Drinks House 247. An embodiment of opulence, grandeur, and unmatched taste.""",141
award-winning-wine,Award-Winning Wines | Prestigious Collection Online,51,"Explore our Award-Winning Wines collection, featuring top-rated wines recognized by experts. Elevate your taste with unrivaled quality today!",141
barossa-valley,Barossa Valley Wine | Drinks House 247 ,39,"Experience the bold flavors of Barossa Valley wines with Drinks House 247. Australia's red wine crown jewel, from earthy undertones to ripe fruit bursts.",153
beaujolais,Beaujolais Wine | Drinks House 247 ,35,"Dive into the vibrant world of Beaujolais wines with Drinks House 247. Experience France's festive red wine region, one sip at a time.",134
beers,Beer Delivery London | Same Day 24/7 | Drinks House 247,55,"Order beer delivery in London in 30–45 mins, 24/7. Stella, Corona, Peroni, Heineken & cider, delivered cold. No minimum order. Drinks House 247.",144
belvedere-vodka,Belvedere Vodka Delivery London | Drinks House 247,50,"Buy Belvedere vodka online, from classic to limited editions. Same-day London delivery in 30-45 minutes, next-day UK-wide.",122
best-sellers,Best Sellers | Alcohol in 30 Mins | Drinks House 247,52,"Our best-selling alcohol, mixers and snacks, delivered across London in 30 minutes. Order 24/7 from Drinks House 247.",117
birthday-gifts,Birthday Alcohol Gifts | Same Day London | Drinks House 247,59,"Luxury birthday gifts delivered same day in London in 30–45 mins. Champagne, whisky, wine & gift sets. Personalised message included. Order 24/7.",145
blanc-de-blancs-champagne,Blanc de Blancs Champagne | Drinks House 247,44,"Blanc de Blancs Champagne made entirely from Chardonnay — elegant, precise and age-worthy. Same-day London delivery, 24/7.",122
blanc-de-noirs-champagne,Blanc de Noirs Champagne | Drinks House 247 ,44,"Explore Drinks House 247's elite Blanc de Noirs Champagne, a blend of Pinot Noir & Meunier, epitomized by Billecart Salmon & Bollinger.",135
blanco-tequila,Blanco Tequila | Drinks House 247,33,"Blanco tequila — pure unaged agave with white pepper and fresh grass notes. Same-day London delivery, 24/7.",107
bollinger-champagne,Bollinger Champagne | Same Day London | Drinks House 247,56,"Buy Bollinger Champagne online. Special Cuvée, Rosé & La Grande Année with same-day delivery in London in 30–45 mins. Order 24/7 from Drinks House 247.",151
bordeaux,Bordeaux Wine | Drinks House 247,32,"Bordeaux wines from bold Left Bank reds to luscious Sauternes. Same-day London delivery, next-day UK-wide from Drinks House 247.",128
bourbon-whisky,Bourbon Whisky | Drinks House 247,33,"From vanilla-rich Kentucky classics to small-batch craft bourbon. Ideal for Old Fashioneds, Manhattans or sipping neat, delivered fast across London.",149
brut-champagne,Brut Champagne | Drinks House 247 ,34,"Experience the timeless allure of Brut Champagne at Drinks House 247. A symphony of tradition, flavor, and Champagne sophistication.",132
brut-nature-champagne,Brut Nature Champagne at Drinks House 247,41,"Unveil the untouched beauty of Brut Nature Champagne at Drinks House 247. A symphony of simplicity, clarity, and authenticity.",126
burgundy,Burgundy Wine Collection - Exquisite Pinot Noir & Chardonnay,60,"Discover Burgundy Wine, featuring exquisite Pinot Noir and Chardonnay. Explore the rich heritage and unparalleled terroir of this celebrated region.",148
burgundy-gifts,Explore Burgundy Wine Gifts Collection for UK Luxury,52,"Discover our Burgundy Wine Gifts for UK. Perfect for gifting, our elegant collection combines luxury and sophistication for any occasion.",137
cabernet-sauvignon,Cabernet Sauvignon Wines: Explore Our Exquisite Collection,58,"Discover the depth of Cabernet Sauvignon Wines at Drinks House 247, featuring bold flavors from Napa Valley and Bordeaux. Perfect for red wine enthusiasts.",155
caviar-champagne-gift-in-uk,Caviar & Champagne Gifts | Drinks House 247,43,"Luxury caviar and Champagne gift sets delivered UK-wide — same-day in London, next-day nationwide. Fine caviar paired with iconic Champagne.",140
caviar-chocolate-gifts,Caviar & Chocolate Gifts | Drinks House 247,43,"Indulgent caviar and fine chocolate gift sets from Charbonnel et Walker, Venchi & Ladurée. Same-day London caviar & chocolate gift delivery.",140
caviar-delivery-london,Caviar Delivery London | Same Day 24/7 | Drinks House 247,57,"Buy caviar online for same day delivery in London, 24/7 — Beluga, Oscietra, Kaluga & Baeri from £50, chilled to your door in 30–45 minutes. Next day UK-wide.",157
caviar-gifts-hampers,Caviar Gifts & Hampers | London & UK | Drinks House 247,55,"Luxury caviar hampers and gift sets from £180 — Dom Pérignon, Ruinart and vodka pairings, hand-packed and delivered same day in London or next day UK-wide.",155
certified-biodynamic-wines,Certified Biodynamic Wines | Drinks House 247 ,46,"Experience harmony with Certified Biodynamic Wines. Nature's rhythm, bottled to perfection.",91
certified-organic-wines,Organic Wines & Spirits | Drinks House 247,42,"Shop organic wine, Champagne and spirits at Drinks House 247. Certified organic gins, whiskies, vodkas and wines — fast delivery across London and the UK.",154
chablis,Chablis Wine Gifts - Pure Chardonnay from France,48,"Explore Chablis Wine Gifts for the finest Chablis, France Chardonnay. Discover wines with crisp minerality and freshness in every sip.",134
champagne,Buy Champagne Online | Same Day London | Drinks House 247,57,"Buy champagne online with same-day delivery in London in 30–45 mins. Dom Pérignon, Krug, Veuve Clicquot & more. Gift boxes available. Order 24/7.",145
champagne-100-250,Champagne £100–£250 | Prestige Cuvées | Drinks House 247,56,"Prestige Champagne from £100 to £250 — Bollinger La Grande Année, Billecart-Salmon Grand Cru, Amour de Deutz. Same-day London delivery, 24/7.",141
champagne-flute-gift-sets,Champagne & Flute Gift Sets | Drinks House 247,46,"Champagne paired with elegant flutes, gift-ready from the box. Shop luxury Champagne & flute gift sets at Drinks House 247 with fast UK delivery.",145
champagne-gifts,Champagne Gifts | London & UK Delivery | Drinks House 247,57,"Luxury champagne gifts — Moët, Veuve Clicquot, Dom Pérignon and more, gift-boxed. Same-day London delivery, next-day UK-wide.",125
champagne-half-bottle-37-5cl,Champagne Half Bottle 37.5cl | Drinks House 247 ,48,"Savor the richness of Champagne Half Bottle 37.5cl at Drinks House 247. Double the pleasure, double the elegance.",113
champagne-jeroboam-3l,Champagne Jeroboam 3L | Drinks House 247 ,41,Embrace extravagance with the Champagne Jeroboam 3L at Drinks House 247. A symphony of flavors for grand occasions.,115
champagne-magnum-1-5l,Magnum Champagne Gifts 150cl - Celebrate with Style,51,"Explore Magnum Champagne Gifts at Drinks House 247. Ideal for grand celebrations, these 1.5L bottles promise extended flavors and effervescence.",144
champagne-methuselah-6l,Champagne Methuselah 6L | Drinks House 247 ,43,Experience opulence with the Champagne Methuselah 6L at Drinks House 247. A grand choice for epic celebrations.,111
champagne-quarter-bottle-20cl,Champagne Quarter Bottle 20cl | Drinks House 247 ,49,Discover the charm of the Champagne Quarter Bottle 20cl at Drinks House 247. Perfectly portioned luxury for every special moment.,129
champagne-standard-bottle-75cl,Champagne Standard Bottle 75cl | Drinks House 247 ,50,"Experience the classic allure of the Champagne Standard Bottle 75cl at Drinks House 247. Tradition, taste, and timeless elegance.",129
champagne-under-100,Champagne Under £100 | Same-Day Delivery | Drinks House 247,59,"Big-name Champagne under £100 — Bollinger Special Cuvée, Billecart-Salmon, Ayala and more. Same-day London delivery in 30–45 minutes, 24/7.",139
charbonnel-et-walker,Chocolate Gifts & Cakes | Drinks House 247,42,"Luxury chocolate gifts and cakes from Charbonnel et Walker, Farhi, Venchi & Ladurée. Beautifully crafted treats, delivered across the UK.",137
chardonnay,Chardonnay Wine Collection - Diverse & Enchanting Wines,55,"Explore our Chardonnay Wine Collection for a diverse range of flavors, from buttery Californian richness to crisp Chablis. Discover your perfect wine today.",156
charles-heidsieck-champagne,Charles Heidsieck Champagne | Drinks House 247 ,47,"Savor the sophistication of Charles Heidsieck Champagne at Drinks House 247. A journey of elegance, heritage, and exceptional quality.",134
chenin-blanc,Chenin Blanc Wine | Drinks House 247 ,37,"Dive into the multifaceted world of Chenin Blanc wines, showcasing adaptability and character, brought straight to your glass.",126
christmas-gifts,Christmas Gifts | Same Day London & UK | Drinks House 247,57,"Luxury Christmas gifts delivered same day in London or next day UK-wide. Champagne, wine, spirits & hampers from Drinks House 247. Order 24/7.",142
clase-azul-tequila,Clase Azul Tequila Delivery London | Drinks House 247,53,"Buy Clase Azul tequila online, including Reposado and Anejo. Same-day London delivery in 30-45 minutes, next-day UK-wide.",121
cognac,Cognac Delivery London | Same Day 24/7 | Drinks House 247,57,"Cognac delivered in London in 30–45 mins, 24/7. Hennessy, Rémy Martin, Courvoisier — VS to XO. Gift packaging available.",120
congratulations-gifts,Congratulations Gifts | Same Day London | Drinks House 247,58,"Send premium congratulations gifts from Drinks House 247. Champagne, wine, and hampers with same-day delivery London, next-day UK-wide. Perfect for milestones.",159
corporate-gifts,Corporate Gifts | Champagne & Spirits | Drinks House 247,56,"Premium corporate gifts delivered same day in London in 30–45 mins. Champagne, whisky & curated gift sets for clients & teams. Order 24/7 from Drinks House 247.",160
demi-sec-champagne,Demi-Sec Champagne at Drinks House 247,38,"Demi-Sec Champagne — sweeter styles from renowned houses, ideal with dessert. Same-day London delivery, 24/7 from Drinks House 247.",131
deutz-champagne,Deutz Champagne | Drinks House 247 ,35,"Indulge in the timeless beauty of Deutz Champagne at Drinks House 247. A symphony of flavors, tradition, and masterful winemaking.",130
dom-perignon-champagne,Dom Pérignon Champagne | Same Day London | Drinks House 247,59,Order Dom Pérignon Champagne online. Vintage prestige cuvée with same-day delivery in London in 30–45 mins. Gift boxes available. 24/7 from Drinks House 247.,157
don-julio-tequila,Don Julio Tequila Delivery London | Drinks House 247,52,"Buy Don Julio tequila online, including Don Julio 1942. Same-day London delivery in 30-45 minutes, next-day UK-wide.",116
engagement-gifts,Elegant Engagement Gifts Same-Day London | UK Next-Day,54,"Celebrate love with engagement gifts from Drinks House 247. Champagne, hampers, and premium gift wrapping. Same-day London delivery, next-day UK-wide.",150
extra-anejo-tequila,Extra Añejo Tequila | Drinks House 247,38,"Extra Añejo tequila aged at least three years in oak — toffee, black pepper and deep spice. Same-day London delivery, 24/7.",123
extra-brut-champagne,Extra Brut Champagne | Drinks House 247,39,"Drinks House 247 features Extra Brut Champagne's subtle elegance; taste Veuve Clicquot Extra Old, Gosset Extra Brut, and more.",126
father-s-day-gifts,Father’s Day Gifts Same-Day London | Next-Day UK Delivery,57,"Celebrate Father’s Day with premium gifts from Drinks House 247. Whisky, wine, hampers, and elegant wrapping. Same-day London delivery, next-day UK-wide.",153
fine-wine-100,"Fine Wine £100+ | Tignanello, Burgundy | Drinks House 247",57,"Fine and collectible wine over £100 — Tignanello, Bâtard-Montrachet, grand cru Burgundy and Napa icons. Same-day London delivery, 24/7.",135
fleur-de-miraval-champagne,Fleur de Miraval Champagne | Drinks House 247 ,46,"Savor the exquisite charm of Fleur de Miraval Champagne at Drinks House 247. A journey of taste, tradition, and unparalleled quality.",133
flowers-delivery-in-london,Flowers Delivery London: Same-Day & Next Day Service,52,Enjoy Flowers Delivery London with same-day or next-day options. Choose luxurious boxes or bouquets from Drinks House 247 and personalize your message.,151
gewurztraminer,Gewürztraminer Wine | Drinks House 247 ,39,Savor the exotic allure of Gewürztraminer wines with Drinks House 247. Dive into a world of aromatic richness and flavor complexity.,132
gifts-for-connoisseur,Gifts for the Connoisseur | Drinks House 247,44,"Rare Champagnes, aged single malts and prestige bottles for the true enthusiast. Shop luxury gifts for the connoisseur at Drinks House 247.",139
gifts-hampers,Luxury Wine & Champagne Gift Hampers | Drinks House 247,55,"Chilled, gift-ready wine and Champagne hampers delivered same day across London. Premium bottles, artisan chocolates and luxury packaging.",138
gifts-over-1000,Luxury Wine Gifts over £1000 | Same-Day Delivery London,55,Explore premium wine gifts over £1000. Perfect for any occasion with same-day London delivery. Discover exclusive Wine Gifts over £1000 at Drinks House 247.,156
gifts-under-1000,Wine Gifts under £1000 - Luxury Gifts with Same-Day Delivery,60,"Explore exclusive Wine Gifts under £1000 perfect for any occasion. Enjoy London same-day delivery for your luxury gift, ensuring it arrives promptly.",149
gin,Gin Delivery London | Same Day 24/7 | Drinks House 247,54,"Gin delivered in London in 30–45 mins, 24/7. Hendrick's, Bombay Sapphire, Gordon's and more, with mixers. No minimum order.",123
gin-gifts,Gin Gifts | Same Day Delivery London | Drinks House 247,55,"Send premium gin gifts with same-day delivery in London in 30–45 mins. Hendrick's, Tanqueray, Monkey 47 & more. Free gift packaging & personalised message.",155
glenfiddich-whisky,Glenfiddich Whisky Delivery London | Drinks House 247,53,"Buy Glenfiddich single malt Scotch whisky online. Same-day London delivery in 30-45 minutes, next-day UK-wide.",110
graduation-gifts,Graduation Gifts | Champagne & Spirits | Drinks House 247,57,"Celebrate graduation with luxury alcohol gifts delivered same day in London in 30–45 mins. Champagne, whisky & gift sets. Order 24/7 from Drinks House 247.",155
grenache,Grenache Wines Collection | Shop at Drinks House 247,52,"Explore our Grenache Wines Collection for vibrant reds, rosés, and sweet wines. Enjoy the fruity exuberance of Grenache at Drinks House 247.",140
heidsieck-co-champagne,Heidsieck & Co Champagne | Drinks House 247 ,44,"Indulge in the legendary legacy of Heidsieck & Co at Drinks House 247. A mosaic of history, passion, and Champagne artistry.",124
hennessy-cognac,Hennessy Cognac Delivery London | Drinks House 247,50,"Buy Hennessy cognac online, from VS to XO. Same-day London delivery in 30-45 minutes, next-day UK-wide.",103
henriot-champagne,Henriot Champagne | Drinks House 247 ,37,"Discover the regal world of Henriot Champagne at Drinks House 247. A celebration of excellence, history, and unmatched taste.",125
hibiki-whisky,Hibiki Whisky Delivery London | Drinks House 247,48,"Buy Hibiki Japanese whisky online, including Hibiki Harmony. Same-day London delivery in 30-45 minutes, next-day UK-wide.",121
irish-whisky,Irish Whisky | Drinks House 247,31,"Triple-distilled Irish whisky with a signature smooth finish. Blends and single malts with honey, vanilla and gentle spice, delivered fast UK-wide.",147
italian-wine-gifts,Italian Wine Gifts,18,"Italian wine gifts from Barolo to Chianti and Prosecco, with gift sets and premium packaging. Same-day London delivery, next-day UK-wide.",137
japanese-whisky,Japanese Whisky | Drinks House 247,34,"Elegant Japanese whisky prized for balance and finesse. From floral blends to cask-driven single malts, ideal for collectors, with fast UK delivery.",148
johnnie-walker-whisky,Johnnie Walker Delivery London | Drinks House 247,49,"Buy Johnnie Walker Scotch whisky online, from Black Label to Blue Label. Same-day London delivery, next-day UK-wide.",116
kosher-wines,Kosher Wine Gifts - Perfect Presents for Every Occasion,55,"Explore Kosher Wine Gifts offering rich heritage and taste. Our collection adheres to Jewish dietary laws, ensuring quality and tradition.",138
krug-champagne,Krug Champagne | Same Day Delivery London | Drinks House 247,60,"Buy Krug Champagne online. Grande Cuvée, Rosé & vintage bottles with same-day delivery in London in 30–45 mins. Order 24/7 from Drinks House 247.",145
languedoc-roussillon,Languedoc-Roussillon Wine | Drinks House 247 ,45,"Unveil the wine wonders of Languedoc-Roussillon at Drinks House 247. From coastal plains to mountain terraces, savor the region's diverse and historic vintages.",160
lanson-champagne,Lanson Champagne | Drinks House 247 ,36,"Dive into the esteemed world of Lanson Champagne at Drinks House 247. A beacon of tradition, quality, and Champagne elegance.",125
laurent-perrier-champagne,Laurent-Perrier Champagne | Same Day | Drinks House 247,55,"Buy Laurent-Perrier Champagne online. La Cuvée, Cuvée Rosé & Ultra Brut with same-day delivery in London in 30–45 mins. Order 24/7 from Drinks House 247.",153
liquor,Liquor Delivery London | Premium Spirits | Drinks House 247,59,"Order liquor delivery in London in 30-45 mins, 24/7. Premium whisky, vodka, tequila, gin & more. No minimum order. Same-day UK delivery. Drinks House 247.",154
loire-valley,Loire Valley Wine | Drinks House 247 ,37,Experience the wine mosaic of the Loire Valley with Drinks House 247. A French wine region that promises diversity in every glass.,130
louis-roederer-champagne,Louis Roederer & Cristal | Same Day | Drinks House 247,54,Buy Louis Roederer & Cristal Champagne online. Prestige cuvées with same-day delivery in London in 30–45 mins. Order 24/7 from Drinks House 247.,144
luxury-champagne-250,Luxury Champagne £250+ | Rare & Prestige | Drinks House 247,59,"Rare and luxury Champagne over £250 — Armand de Brignac, Bollinger R.D., Elisabeth Salmon rosé, prestige magnums. Same-day London delivery, 24/7.",145
macallan-whisky,Macallan Whisky Delivery London | Drinks House 247,50,"Buy The Macallan single malt whisky online. Same-day delivery across London in 30-45 minutes, next-day UK-wide. Ideal for whisky gifts.",135
malbec-wine,Malbec Wine Collection - Bold Flavors from Drinks House 247,59,Explore the Malbec Wine Collection at Drinks House 247. Discover bold flavors from Mendoza to Cahors and indulge in rich wines for enthusiasts.,143
marlborough,Wines from Marlborough - Zesty Whites Delivered to UK,53,"Discover Wines from Marlborough, featuring New Zealand's vibrant Sauvignon Blancs. Enjoy the zest with our Marlborough wine delivery to the UK.",143
medoc,Bordeaux Médoc Wine Delivery in UK - Exclusive Collection,57,"Explore Bordeaux Médoc Wine Delivery in UK. Enjoy left-bank Cabernet blends that showcase power, structure, and elegance. Order now for true prestige.",150
mendoza,Wines from Mendoza - Taste the Finest Argentine Wines,53,"Explore Wines from Mendoza, Argentina's renowned Malbec capital. Discover wines reflecting the harmony of altitude, soil, and passion.",134
mercier-champagne,Mercier Champagne | Drinks House 247 ,37,"Relish the delightful charm of Mercier Champagne at Drinks House 247. A perfect blend of tradition, modernity and joy.",118
merlot-wine-delivery,Merlot Wine | Drinks House 247,30,"Merlot wines from Bordeaux to the New World — soft, plummy and food-friendly. Same-day London delivery, next-day UK-wide.",121
mezcal,Mezcal Delivery London | Same Day 24/7 | Drinks House 247,57,"Mezcal delivered in London in 30–45 mins, 24/7. Casamigos, Ilegal, Del Maguey and Clase Azul — smoky Oaxacan agave.",115
mixers,Soft Drinks & Mixers - Same Day Delivery in London,50,Discover our Soft Drinks & Mixers collection for same-day delivery in London. Perfect for creating the ultimate drink pairing with your favorite alcohol.,153
moet-chandon-champagne,Moët & Chandon Champagne | Same Day | Drinks House 247,54,"Buy Moët & Chandon Champagne online. Impérial, Rosé & Ice Impérial with same-day delivery in London in 30–45 mins. Order 24/7 from Drinks House 247.",148
montrachet-wine-gifts,Montrachet Wine Gifts: Elegant Selections for Wine Lovers,57,"Montrachet wine gifts — premium white Burgundy in elegant packaging, for collectors and special occasions. Same-day London delivery.",132
mother-s-day-gifts,Mother’s Day Gifts Same-Day London | Next-Day UK Delivery,57,"Pamper Mum with Mother’s Day gifts from Drinks House 247. Champagne, hampers, and artisanal treats with elegant wrapping. Same-day London delivery, next-day UK.",160
multi-vintage-wine,Multi-Vintage Wine | Drinks House 247 ,38,"Blending years, crafting excellence. Experience the harmony of our Multi-Vintage Wines selection.",97
mushrooms-supplements,Mushroom & Supplements for Immunity & Longevity ,48,"Boost immunity & longevity with mushrooms, CoQ10, shilajit, sea moss & ashwagandha. Premium supplements for energy, wellness & cutting-edge health benefits.

",158
napa-valley,Napa Valley Wine | Drinks House 247,35,"Napa Valley wines — bold Cabernet Sauvignon with vanilla-rich oak ageing. Same-day London delivery, next-day UK-wide.",117
nebbiolo,Discover Our Premium Nebbiolo Wines Collection,46,Explore Nebbiolo wines with their signature tar and rose aroma. Discover the elegance and complexity of wines like Italian Barolo and Barbaresco.,145
non-alcoholic-gifts,Non-Alcoholic Gifts | Drinks House 247,38,"Alcohol-free sparkling, zero-proof spirits and gift-ready treats for every celebration. Shop non-alcoholic gifts at Drinks House 247.",133
non-vintage-wine,Non-Vintage Wine | Drinks House 247 ,36,Consistency meets craftsmanship. Dive into timeless flavors with our Non-Vintage Wine selection.,96
patron-tequila,Patron Tequila Delivery London | Drinks House 247,49,"Buy Patron tequila online, from Silver to Anejo. Same-day London delivery in 30-45 minutes, next-day UK-wide.",109
perrier-jouet-champagne,Perrier Jouet Champagne | Drinks House 247 ,43,"Uncover the poetic elegance of Perrier Jouet Champagne at Drinks House 247. A canvas of taste, tradition, and timeless allure.",126
philipponnat-champagne,Philipponnat Champagne | Drinks House 247 ,42,"Experience the genuine passion of Philipponnat Champagne at Drinks House 247. A legacy of taste, authenticity, and Champagne brilliance.",136
piemonte,Piedmont Collection: Discover Italy's Wine Royalty,50,"Piedmont wines — Nebbiolo-driven Barolo and Barbaresco, plus aromatic whites. Same-day London delivery, UK next-day.",116
pinot-grigio,Pinot Grigio Wine | Drinks House 247,36,"Italian Pinot Grigio with citrus notes and a floral bouquet, from Veneto to Alto Adige. Same-day London delivery, 24/7.",119
pinot-noir,Pinot Noir Wines | Drinks House 247,35,"Pinot Noir from Burgundy and beyond — red berry fruit, earthy depth and silky texture. Same-day London delivery, 24/7.",118
piper-heidsieck-champagne,Piper Heidsieck Champagne | Drinks House 247 ,45,"Experience the timeless elegance of PIPER HEIDSIECK at Drinks House 247. A symphony of tradition, taste, and timeless luxury.",125
pol-roger-champagne,Pol Roger Champagne | Same Day London | Drinks House 247,56,"Buy Pol Roger Champagne online. Réserve Brut, Vintage & Sir Winston Churchill with same-day delivery in London in 30–45 mins. Order 24/7 from Drinks House 247.",159
pomerol,Pommerol Wines in UK - Explore Our Pomerol Collection,53,Discover Pommerol wines in UK at Drinks House 247. Explore our Pomerol collection featuring Bordeaux's Merlot-dominant wines with plush fruit flavors.,150
pommery-champagne,Pommery Champagne | Drinks House 247 ,37,"Experience the vibrant world of Pommery Champagne at Drinks House 247. A celebration of innovation, taste, and timeless elegance.",129
port-fortified-wines,Port & Fortified Wine Delivery London | Drinks House 247,56,"Buy port, sherry, Madeira and vermouth online. Taylor's tawny & vintage port, VORS sherry and more — same-day London delivery in 30–45 minutes, 24/7.",149
practicing-organic-wines,Practicing Organic Wines | Drinks House 247 ,44,Discover wines with an eco-conscious heart. Embrace natural processes in our Practicing Organic collection.,107
prosecco-gifts,Prosecco Gifts | Drinks House 247,33,"Gift-ready Prosecco bottles, sets and hampers for every celebration. Shop luxury Prosecco gifts at Drinks House 247 with fast UK delivery.",138
provence,Provence Wine Gifts in UK - Elegant Wines Collection,52,Explore Provence wine gifts in UK at Drinks House 247. Discover elegant rosé wines capturing the sunlit charm and rich heritage of Provence.,140
rare-champagne,Rare Champagne | Drinks House 247 ,34,"Savor the unparalleled luxury of RARE Champagne at Drinks House 247. An ode to exclusivity, taste, and Champagne grandeur.",122
rare-whisky-500,"Rare Whisky £500+ | Macallan, Hibiki | Drinks House 247",55,"Rare and collectible whisky over £500 — aged Macallan, Hibiki 21 & 30, Laphroaig 25, GlenAllachie 35. Same-day London delivery, 24/7.",133
red-wine,Red Wine Delivery London | Same Day 24/7 | Drinks House 247,59,"Order red wine delivery in London in 30–45 mins, 24/7. Bordeaux, Rioja, Malbec, Merlot & more. Same-day UK delivery. No minimum order. Drinks House 247.",152
reposado-tequila,Reposado Tequila | Drinks House 247,35,"Reposado tequila rested in oak for honey, black pepper and gentle spice. Same-day London delivery, 24/7 from Drinks House 247.",126
retirement-gifts-l,Retirement Gifts Same-Day London | Next-Day UK Delivery,55,"Celebrate milestones with retirement gifts from Drinks House 247. Champagne, wine, hampers, and premium wrapping. Same-day London delivery, next-day UK.",152
rhone-valley,Rhone Wine Delivery in London & UK - Shop Rhone Collection,58,Explore our Rhone Wine Delivery in London & UK. Discover diverse Rhone Valley wines from peppery Syrahs to Grenache blends. Shop now at Drinks House 247.,153
riesling,Riesling Wine | Drinks House 247 ,33,"Discover the aromatic allure of Riesling wines with Drinks House 247. From Germany's steep slopes to Australia's modern twist, Riesling never ceases to enchant.",160
rioja,Rioja Wine Gifts: Unique Spanish Wine Collection,48,"Discover the best Rioja wine gifts. Explore our selection of vibrant yet structured Spanish wines, perfect for gifting. Shop now for Rioja wines.",145
romantic-gifts,Romantic Gifts Same-Day London | UK Next-Day Delivery,53,"Surprise your partner with romantic gifts from Drinks House 247. Champagne, wines, hampers, and premium wrapping. Same-day London delivery, next-day UK-wide.",157
rose-champagne,Rosé Champagne Delivery London | Drinks House 247,49,"Order rosé champagne delivery in London in 30–45 mins, 24/7. Moët Rosé, Veuve Clicquot Rosé, Laurent-Perrier & more, chilled to your door. Drinks House 247.",156
rose-champagne-wine-gifts,Rosé Champagne & Wine Gifts | London | Drinks House 247,55,"Shop rosé champagne & wine gifts with same-day delivery in London in 30–45 mins. Veuve Clicquot Rosé, Whispering Angel & more. Order 24/7.",138
rose-wine,Rosé Wine Delivery London | Same Day | Drinks House 247,55,"Order rosé wine delivery in London in 30–45 mins, 24/7. Whispering Angel, Provence rosé & more. Same-day UK delivery. No minimum order. Drinks House 247.",153
ruinart-champagne,Ruinart Champagne | Same Day London | Drinks House 247,54,"Buy Ruinart Champagne online — Blanc de Blancs, Rosé, R de Ruinart and Dom Ruinart. Same-day London delivery in 30–45 mins.",123
rum,Rum Delivery London | Same Day 24/7 | Drinks House 247,54,"Order rum delivery in London in 30–45 mins, 24/7. Captain Morgan, Bacardi, spiced, dark & aged rums with mixers. No minimum order. Drinks House 247.",148
rye-whisky,Rye Whisky | Same Day London | Drinks House 247,47,"Rye whisky — spicy, peppery American and Canadian styles. Same-day London delivery, 24/7 from Drinks House 247.",111
saint-emilion,Saint-Émilion Wines | Bordeaux Reds | Drinks House 247,54,"Explore Wines From Saint-Émilion, a collection of rich Bordeaux reds. Discover these celebrated wines, highlighting Merlot's captivating taste.",143
sangiovese,Sangiovese Wine | Drinks House 247,34,Relish the rustic elegance of Sangiovese wines with Drinks House 247. A journey through Tuscany's vineyards and Italy's winemaking pride.,137
sauvignon-blanc,Sauvignon Blanc Wine | Drinks House 247,39,"Sauvignon Blanc from Bordeaux to Marlborough — zesty, aromatic and refreshing. Same-day London delivery, 24/7.",110
scotch-whisky,Blended Scotch Whisky | Drinks House 247,40,"Smooth, versatile blended Scotch whisky from iconic labels to premium aged blends. Perfect for highballs or everyday drams, with fast UK delivery.",146
sec-champagne,Sec Champagne | Drinks House 247,32,Discover Sec Champagne — a delicately sweeter style (17–35g/l) that bridges dry and sweet. Explore the range at Drinks House 247 with fast delivery.,148
shiraz,Shiraz Wines Collection - Spicy & Bold Wines | Drinks House,59,"Explore the Shiraz Wines Collection at Drinks House 247. Discover bold flavors of blackberry, plum, and spicy pepper in our exclusive Shiraz selection.",151
shop-by-case,Buy Wine by the Case | Drinks House 247,39,"Mixed and single-variety cases of wine and champagne, delivered across London same day and next day UK-wide.",108
sicily,Sicilian Winemaking: Sicily Collection at Drinks House 247,58,"Discover Sicilian winemaking with our Sicily Collection. Enjoy aromatic whites from Etna to robust reds of Nero d'Avola, showcasing volcanic soil elegance.",155
single-malt-whisky,Single Malt Whisky | Drinks House 247,37,"Hand-picked premium single malt whisky, from sherried Speyside favourites to smoky Islay icons. Delivered quickly anywhere in the UK.",133
sparkling-rose-wine,Sparkling Rose Wine | Drinks House 247 ,39,Where bubbles meet blush. Discover the enchanting dance of flavors in our Sparkling Rosé Wines.,95
sparkling-wine,Sparkling Wine Delivery London | Same Day | Drinks House 247,60,"Sparkling wine delivered in London in 30–45 mins, 24/7. Prosecco, Cava and premium fizz, chilled to your door. Next-day UK-wide.",128
spirits,"Spirits Delivery London | 30–45 Min, 24/7 | Drinks House 247",60,"Premium spirits delivered across London in 30–45 minutes, 24/7 — whisky, vodka, gin, rum, tequila and cognac. No minimum order, next-day UK-wide.",145
sustainable-wines,Sustainable Wines | Drinks House 247 ,37,Eco-conscious and delightful. Explore wines crafted for today and tomorrow in our Sustainable collection.,105
taittinger-champagne,Taittinger Champagne | Same Day London | Drinks House 247,57,"Buy Taittinger Champagne online — Brut Réserve, Prestige Rosé and Comtes de Champagne. Same-day London delivery in 30–45 mins.",126
tempranillo,Tempranillo Wine | Drinks House 247,35,"Tempranillo from Rioja and Ribera del Duero — ripe fruit and oak-aged depth. Same-day London delivery, 24/7 from Drinks House 247.",130
tennessee-whisky,Tennessee Whiskey Delivery London | Drinks House 247,52,"Jack Daniel's and Tennessee whiskey delivered across London in 30–45 minutes, or next day UK-wide.",98
tequila,Tequila Delivery London | Same Day 24/7 | Drinks House 247,58,"Order tequila delivery in London in 30–45 mins, 24/7. Don Julio 1942, Cazcanes, Jose Cuervo — blanco, reposado & añejo. No minimum order. Drinks House 247.",155
thank-you-gifts,Thank You Gifts | Same Day London & UK | Drinks House 247,57,"Premium thank you gifts delivered same day in London or next day UK-wide. Champagne, wine, whisky & gift sets from Drinks House 247. Order 24/7.",144
tuscany,Tuscany Wine Gifts | Sangiovese Wine Collection Online,54,Explore our Tuscany Wine Gifts collection featuring Chianti and Brunello wines. Experience a delicate bouquet of cherries and wild berries in every bottle.,155
valentine-s-gifts,Valentine's Gifts UK - Luxury Collection | Drinks House 247,59,Discover luxury Valentine's gifts UK at Drinks House 247. Enjoy same-day London delivery & exquisite gift options for any occasion. Shop premium gifts now!,155
vegan-wines,Vegan Wines | Drinks House 247,30,"Discover premium Vegan Wines. Compassionately crafted, delightful in taste. A true toast to the earth.",102
vegetarian-wines,Vegetarian Wines | Drinks House 247,35,"Explore ethically crafted Vegetarian Wines. Rich flavors, responsibly produced. Perfect harmony between nature and taste.",121
veneto,Veneto Wine | Drinks House 247 ,31,Revel in the multifaceted wines of Veneto with Drinks House 247. Italy's region of sparkling celebrations and romantic reds.,124
vermouth-aperitifs,Vermouth & Aperitifs | Same Day London | Drinks House 247,57,"Buy vermouth and aperitifs online - Carpano, Cocchi, Lillet, Noilly Prat and Suze. Same-day London delivery in 30-45 minutes, next-day across the UK.",149
veuve-clicquot-champagne,Veuve Clicquot Champagne | Same Day | Drinks House 247,54,"Buy Veuve Clicquot Champagne online. Yellow Label, Rosé & vintage bottles with same-day delivery in London in 30–45 mins. Order 24/7 from Drinks House 247.",155
vintage-wine,Vintage Wine Gifts - Curated Collection at Drinks House 247,59,"Explore our Vintage Wine Gifts collection at Drinks House 247. Discover wines that age gracefully, offering complex flavors and unique character from each year.",160
vodka,Vodka Delivery London | Same Day 24/7 | Drinks House 247,56,"Order vodka delivery in London in 30–45 mins, 24/7. Grey Goose, Belvedere, Cîroc, Absolut & Smirnoff. Same-day UK delivery. No minimum order. Drinks House 247.",159
wedding-gifts,Wedding Gifts | Champagne & Alcohol | Drinks House 247,54,"Luxury wedding gifts delivered same day in London in 30–45 mins. Champagne, fine wine & premium spirits. Personalised message included. Order 24/7.",147
whisky,Whisky Delivery London | Same Day 24/7 | Drinks House 247,57,"Order premium whisky online with same-day delivery in London in 30–45 mins. Scotch, Japanese, bourbon & rare single malts. Order 24/7 from Drinks House 247.",156
whisky-100-500,Whisky £100–£500 | Aged Single Malts | Drinks House 247,55,"Premium whisky from £100 to £500 — Bowmore 21, Dalmore 15, Balvenie 14, Blanton’s Gold, GlenAllachie. Same-day London delivery in 30–45 minutes.",144
whisky-gifts,Whisky Gifts | Same Day London | Drinks House 247,49,"Buy premium whisky gifts online. Same-day delivery in London in 30–45 mins. Hibiki, Johnnie Walker Blue & more. Personalised message included. Order 24/7.",154
whisky-under-100,Whisky Under £100 | Same-Day Delivery | Drinks House 247,56,"Great whisky under £100 — Balvenie DoubleWood 12, Chivas Regal 18, Aberfeldy 12, Cotswolds single malts and bourbon. Same-day London delivery, 24/7.",148
white-wine,White Wine Delivery London | Same Day | Drinks House 247,56,"Order white wine delivery in London in 30–45 mins, 24/7. Sauvignon Blanc, Chardonnay, Chablis & more. Same-day UK delivery. No minimum order. Drinks House 247.",159
wine-30-100,Wine £30–£100 | Estate Bottles | Drinks House 247,49,"Premium wines from £30 to £100 — Château Minuty, Aalto, Château Angludet, top Malbec and Burgundy. Same-day London delivery in 30–45 minutes, 24/7.",147
wine-box-6-bottles,Wine Case Gifts - Premium Wine Selection & Delivery,51,"Wine case gifts — six bottles of red, white, sparkling or rosé from vineyards worldwide. Same-day London delivery.",114
wine-under-200,Gifts under £200 | Luxury Gifting in London,43,"Discover exquisite Gifts under £200 with Drinks House 247. Premium wines, whiskies, and hampers, all with London same-day delivery.",131
wine-under-30,Wine Under £30 | Same-Day Delivery | Drinks House 247,53,"Everyday wines under £30 — Bordeaux, Côtes du Rhône, Casillero del Diablo and more reds, whites and rosés. Same-day London delivery in 30–45 minutes.",149
wine-under-500,Luxury Under £500 Gifts | Same-Day Delivery | Drinks House,58,"Explore Under £500 Gifts at Drinks House 247. Discover luxury wines, hampers, and more with same-day London delivery. Elegance meets affordability.",147
wines,Wine Delivery London | Same Day 24/7 | Drinks House 247,55,"Order wine delivery in London in 30–45 mins, 24/7. Premium red, white, rosé & sparkling wines with same-day UK delivery. No minimum order. Drinks House 247.",156
wines-from-argentina,Wines from Argentina | Drinks House 247 ,40,"Explore the peaks of Argentinian wines with Drinks House 247. From Mendoza's majesty to Salta's serenades, embrace Argentina's wine passion.",140
wines-from-australia,Explore Premium Wines From Australia Online Now,47,Discover vibrant Shiraz and Chardonnays with our Wines From Australia collection. Experience diverse flavors and enjoy the art of Australian winemaking.,152
wines-from-chile,Wines from Chile | Drinks House 247,35,"Savor Chile's wine mosaic with Drinks House 247. From Maipo's lushness to Casablanca's elegance, experience Chile's terroir tales.",130
wines-from-england,Wines From England | Drinks House 247 ,38,"Discover England's effervescent wine offerings with Drinks House 247. From Sussex's sparkle to Kent's charisma, explore the British wine renaissance.",149
wines-from-france,Wines From France | Drinks House 247 ,37,"Experience France's wine legacy with Drinks House 247. From Bordeaux's grace to Champagne's sparkle, savor the essence of French terroir.",137
wines-from-germany,Wines From Germany | Drinks House 247 ,38,"Embrace Germany's wine heritage with Drinks House 247. From Mosel's magic to Rhine's romance, savor the symphony of German wines.",129
wines-from-hungary,Wines From Hungary | Drinks House 247 ,38,"Discover Hungary's vinous tapestry with Drinks House 247. From the golden allure of Tokaji to Eger's red revelations, Hungarian wines enchant and inspire.",154
wines-from-israel,Wines from Israel | Drinks House 247 ,37,"Discover Israel's vinous legacy with Drinks House 247. From Galilee's grace to Negev's novelty, experience Israel's wine tapestry.",130
wines-from-italy,Wines From Italy - Discover Authentic Italian Flavors,53,"Explore our Wines From Italy collection, capturing Italy's diverse climates and winemaking passion. Experience Tuscany and Sicily with every sip.",145
wines-from-japan,Wines From Japan | Drinks House 247 ,36,"Explore the artistry of Japanese wines with Drinks House 247. From Yamanashi's yin to Koshu's yang, immerse in Japan's vinous elegance.",135
wines-from-new-zealand,Wines from New Zealand | Drinks House 247 ,42,"Journey through New Zealand's wine terrains with Drinks House 247. From Marlborough's vibrancy to Otago's elegance, savor the kiwi wine charm.",142
wines-from-portugal,Wines from Portugal | Drinks House 247 ,39,"Venture into Portugal's wine realms with Drinks House 247. From Douro's depths to Vinho Verde's zest, uncover Portugal's bottled poetry.",136
wines-from-spain,Wines from Spain | Drinks House 247,35,"Embark on Spain's wine journey with Drinks House 247. From Rioja's rhythms to Rías Baixas' whispers, relish Spain's vinous vibrancy.",132
wines-from-usa,Wines From USA | Drinks House 247 ,34,"Dive into the American wine landscape with Drinks House 247. From Napa's nuances to Oregon's originality, toast to the USA's wine diversity.",140
wines-that-pair-with-caviar,Wines that Pair with Caviar | Drinks House 247,46,"Discover the wines and Champagnes that pair perfectly with caviar at Drinks House 247. Crisp, mineral bottles chosen to flatter every briny pearl.",146
wines-that-pair-with-chicken,Wine Pairing with Chicken | Drinks House 247,44,"Roast, grilled, creamy or spiced — the sauce decides the wine, not the chicken. London delivery in 30–45 minutes.",113
wines-that-pair-with-lamb,Wines that Pair with Lamb | Drinks House 247,44,"The best red wines to pair with lamb — structured Bordeaux, Rioja and Syrah chosen to match every roast and grill. Shop the pairing at Drinks House 247.",152
wines-that-pair-with-oyster,Wine Pairing with Oysters | Drinks House 247,44,"Chablis, Muscadet and Blanc de Blancs Champagne — the classic oyster matches, and what to avoid. London in 30–45 minutes.",121
wines-that-pair-with-pasta,Wine Pairing with Pasta | Drinks House 247,42,"Tomato, cream, pesto or ragù — the sauce picks the wine. Italian reds and whites delivered across London in 30–45 minutes.",122
wines-that-pair-with-pizza,Wines that Pair with Pizza | Drinks House 247,45,"Bright Italian reds, crisp whites and rosés chosen to pair with pizza. Find your perfect pizza-night wine at Drinks House 247 with fast UK delivery.",148
wines-that-pair-with-risotto,Wine Pairing with Risotto | Drinks House 247,44,"Mushroom, seafood or saffron risotto — which white or light red to pour, and why. Same-day delivery across London.",114
wines-that-pair-with-salmon,Wine Pairing with Salmon | Drinks House 247,43,"Which wines actually work with salmon — Pinot Noir, Chablis and rosé Champagne, and why. Delivered across London in 30–45 minutes.",130
wines-that-pair-with-seafood-1,Wines That Pair With Seafood | Drinks House 247,47,"Wines that pair with seafood — crisp whites, Champagne and light reds chosen for fish and shellfish. Same-day London delivery.",126
wines-that-pair-with-shellfish,Wine Pairing with Shellfish | Drinks House 247,46,"Crab, lobster, prawns and mussels each want a different wine. Champagne, Chablis and crisp whites, delivered across London.",123
wines-that-pair-with-steak,Wines that Pair with Steak | Drinks House 247,45,"Bold Cabernet, Malbec and Bordeaux reds chosen to pair with steak. Find the perfect bottle for your cut at Drinks House 247 with fast UK delivery.",146
wines-that-pair-with-sushi,Wines that Pair with Sushi | Drinks House 247,45,"Crisp Riesling, Champagne and aromatic whites chosen to pair with sushi and sashimi. Discover the perfect match at Drinks House 247.",132
wines-under-100,Exclusive Gifts under £100 - Same-Day London Delivery,53,Discover luxury gifts under £100. Enjoy same-day delivery in London. Perfect for special occasions with our premium gifting service.,132
wines-under-50,Gifts under £50 UK - Luxury Gifts for Every Occasion,52,"Explore 'Gifts under £50 UK' with Drinks House 247. Find luxury wines, whiskies, and hampers for any occasion. Same-day London delivery available.",146
yamazaki-whisky,Yamazaki Whisky Delivery London | Drinks House 247,50,"Buy Yamazaki Japanese single malt whisky online. Same-day London delivery in 30-45 minutes, next-day UK-wide.",109
zinfandel,Zinfandel Wine | Drinks House 247 ,34,Explore the bold world of Zinfandel wines with Drinks House 247. California's red wine that promises fruit-forward delight with every sip.,138
