handle,title,products,image_url,alt_text
albarino,Albariño,1,https://cdn.shopify.com/s/files/1/1624/5203/collections/terras1.jpg?v=1789731873,Albariño
alcohol-gift-sets,Alcohol Gift Sets & Hampers,67,https://cdn.shopify.com/s/files/1/1624/5203/collections/Drinks_House_247_Champagne_party-min_d6c3bbe6-6419-451f-9e59-78370f06a707.jpg?v=1738382160,City of London - Drinks House 247 
all,Products,1448,https://cdn.shopify.com/s/files/1/1624/5203/collections/bombay-sapphire-premier-cru-murcian-lemon-gin-70cl_1.webp?v=1789731632,Products
all-products,All Products,653,https://cdn.shopify.com/s/files/1/1624/5203/collections/59833368-78E4-4103-901A-B0D6ED2D79F8.png?v=1738379570,
alsace,Alsace,1,https://cdn.shopify.com/s/files/1/1624/5203/collections/WillyGisselbrechtReserveSpecialeGewurztraminer.png?v=1789731875,Alsace
anejo-tequila,Añejo Tequila,44,https://cdn.shopify.com/s/files/1/1624/5203/collections/don-julio-1942.jpg?v=1789731800,Añejo Tequila
anniversary-gifts,Anniversary Gifts,491,https://cdn.shopify.com/s/files/1/1624/5203/collections/IMG-5863.png?v=1784854930,
armand-de-brignac-champagne,Armand de Brignac Champagne,6,https://cdn.shopify.com/s/files/1/1624/5203/collections/armanddebrignacwbox__72797.1360180439.1280.1280.jpg?v=1789731877,Armand de Brignac Champagne
award-winning-wine,Award-Winning Wines,37,https://cdn.shopify.com/s/files/1/1624/5203/collections/GuadoalTassoMarchesiAntinori2020.jpg?v=1789731879,Award-Winning Wines
barossa-valley,Barossa Valley,1,https://cdn.shopify.com/s/files/1/1624/5203/collections/Shiraz-redwine.jpg?v=1789731880,Barossa Valley
beaujolais,Beaujolais,1,https://cdn.shopify.com/s/files/1/1624/5203/collections/JulienasChateauFuisse2020.jpg?v=1789731882,Beaujolais
beers,Beer Delivery in London,19,https://cdn.shopify.com/s/files/1/1624/5203/collections/pexels-photo-1446271_8d8c1926-c17e-4e7a-bfc7-303981e2ca1c.jpg?v=1656664768,Beer delivery within 30 minutes - beer bottles cheers
belvedere-vodka,Belvedere Vodka,10,https://cdn.shopify.com/s/files/1/1624/5203/collections/belvedere_vodka_70cl.jpg?v=1789731884,Belvedere Vodka
best-sellers,Best Sellers,28,https://cdn.shopify.com/s/files/1/1624/5203/collections/IMG-5867.png?v=1784854931,
birthday-gifts,Birthday Gifts,1224,https://cdn.shopify.com/s/files/1/1624/5203/collections/IMG-5865.png?v=1784854934,
blanc-de-blancs-champagne,Blanc de Blancs Champagne,32,https://cdn.shopify.com/s/files/1/1624/5203/collections/Perrier-Jouet_Blanc_de_Blancs_Champagne_75cl.jpg?v=1789731885,Blanc de Blancs Champagne
blanc-de-noirs-champagne,Blanc de Noirs Champagne,5,https://cdn.shopify.com/s/files/1/1624/5203/collections/Devaux_CoeurdesBar_BlancdeNoirs.jpg?v=1789731887,Blanc de Noirs Champagne
blanco-tequila,Blanco Tequila,41,https://cdn.shopify.com/s/files/1/1624/5203/collections/41lgk8TTLCL._SX385.jpg?v=1789731889,Blanco Tequila
bollinger-champagne,Bollinger Champagne,11,https://cdn.shopify.com/s/files/1/1624/5203/collections/640x640_d973d59c-226f-4c93-9930-50746df44b0f.jpg?v=1789731891,Bollinger Champagne
bordeaux,Bordeaux Wine,59,https://cdn.shopify.com/s/files/1/1624/5203/collections/4560461912565-Chateau_Les_Maurins_Bordeaux_Rouge.jpg?v=1789731782,Bordeaux Wine
bourbon-whisky,Bourbon Whisky,12,https://cdn.shopify.com/s/files/1/1624/5203/collections/Balvenie-14_Year_Old_Curious_Cask_Bourbon_Barrel.png?v=1789731894,Bourbon Whisky
brut-champagne,Brut Champagne,165,https://cdn.shopify.com/s/files/1/1624/5203/collections/51LztkeD10L._SX385.jpg?v=1789731665,Brut Champagne
brut-nature-champagne,Brut Nature Champagne,2,https://cdn.shopify.com/s/files/1/1624/5203/collections/laurent_perrier_blanc_de_blancs_brut_nature_champagne_75cl.webp?v=1789731896,Brut Nature Champagne
burgundy,Burgundy Wine,111,https://cdn.shopify.com/s/files/1/1624/5203/collections/DOMDEMONTILLEBOURGOGNEBL.jpg?v=1789731724,Burgundy Wine
burgundy-gifts,Burgundy Wine Gifts,111,https://cdn.shopify.com/s/files/1/1624/5203/collections/PulignyMontrachetVougeraie2021.jpg?v=1789731725,Burgundy Wine Gifts
cabernet-sauvignon,Cabernet Sauvignon,115,https://cdn.shopify.com/s/files/1/1624/5203/collections/25.webp?v=1789731674,Cabernet Sauvignon
caviar-champagne-gift-in-uk,Caviar & Champagne Gift in UK,26,https://cdn.shopify.com/s/files/1/1624/5203/collections/Dom-P_Hamper.jpg?v=1789731898,Caviar & Champagne Gift in UK
caviar-chocolate-gifts,Caviar & Chocolate Gifts,81,https://cdn.shopify.com/s/files/1/1624/5203/collections/D4282C79-F3B5-4B91-A796-37E60BD284BE.jpg?v=1789731737,Caviar & Chocolate Gifts
caviar-delivery-london,Caviar Delivery London,19,https://cdn.shopify.com/s/files/1/1624/5203/collections/The-Prestige_Pearl_Ruinart_Blanc_de_Blancs_Oscietra_Caviar_Gift_Set.png?v=1789731900,Caviar Delivery London
caviar-gifts-hampers,Caviar Gifts & Hampers,10,https://cdn.shopify.com/s/files/1/1624/5203/collections/Almas-Caviar_prunier.jpg?v=1789731902,Caviar Gifts & Hampers
certified-biodynamic-wines,Certified Biodynamic Wines,2,https://cdn.shopify.com/s/files/1/1624/5203/collections/DomainedeMontille_Volnay1erCru_EnChampans_2017.jpg?v=1789731903,Certified Biodynamic Wines
certified-organic-wines,Organic Gifts,24,https://cdn.shopify.com/s/files/1/1624/5203/collections/2022CastellodiTassarolo_IlCastello.jpg?v=1789731905,Certified Organic Wines
chablis,Chablis Wine Gifts,51,https://cdn.shopify.com/s/files/1/1624/5203/collections/DomaineJean-NoelGagnard_Chassagne-Montrachet_LesChaumes_2021.jpg?v=1789731790,Chablis Wine
champagne,Buy Champagne Online: Luxury Bottles & Gift Sets,297,https://cdn.shopify.com/s/files/1/1624/5203/collections/pexels-photo-1449060_1_1_1_c3fa00c2-e730-470b-9c22-4f10d0bf2edd.jpg?v=1721941117,champagne bottle with flute & Chocolate 
champagne-100-250,Champagne £100–£250,69,https://cdn.shopify.com/s/files/1/1624/5203/collections/champagne-veuve-clicquot-extra-brut-extra-old-presentation-case.jpg?v=1789731739,Champagne £100–£250
champagne-flute-gift-sets,Champagne & Flute Gift Sets,91,https://cdn.shopify.com/s/files/1/1624/5203/collections/piper-heidsieck-champagne-gift-set-75cl.webp?v=1789731731,Champagne & Flute Gift Sets
champagne-gifts,Champagne Gifts – Luxury Champagne Gift Delivery in London & UK,293,https://cdn.shopify.com/s/files/1/1624/5203/collections/Veuve_Clicquot_Vintage_2015_In_Veuve_Box__19044.jpg?v=1789731650,Champagne Gifts
champagne-half-bottle-37-5cl,Champagne Half Bottle 37.5cl,3,https://cdn.shopify.com/s/files/1/1624/5203/collections/40.jpg?v=1789731907,Champagne Half Bottle 37.5cl
champagne-jeroboam-3l,Champagne Jeroboam 3L,2,https://cdn.shopify.com/s/files/1/1624/5203/collections/CharlesHeidsieckBrutMillesimeChampagne1981_3L.jpg?v=1789731909,Champagne Jeroboam 3L
champagne-magnum-1-5l,Magnum Champagne Gifts 150cl,24,https://cdn.shopify.com/s/files/1/1624/5203/collections/36.webp?v=1789731944,Champagne Magnum 1.5L
champagne-methuselah-6l,Champagne Methuselah 6L,1,https://cdn.shopify.com/s/files/1/1624/5203/collections/TaittingerComtesdeChampagneBlancdeBlancsBrut2011_6L.jpg?v=1789731946,Champagne Methuselah 6L
champagne-quarter-bottle-20cl,Champagne Quarter Bottle 20cl,3,https://cdn.shopify.com/s/files/1/1624/5203/collections/38.webp?v=1789731947,Champagne Quarter Bottle 20cl
champagne-standard-bottle-75cl,Champagne Standard Bottle 75cl,255,https://cdn.shopify.com/s/files/1/1624/5203/collections/jpeg-optimizer_LaurentPerrierRoseCuvewithGiftBox-compressed.jpg?v=1789731654,Champagne Standard Bottle 75cl
champagne-under-100,Champagne Under £100,105,https://cdn.shopify.com/s/files/1/1624/5203/collections/laurent-perrier-la-cuvee-brut-75cl.webp?v=1789731727,Champagne Under £100
charbonnel-et-walker,Chocolate Gifts and Cakes,66,https://cdn.shopify.com/s/files/1/1624/5203/collections/Caramelised-Biscuit-Thins.jpg?v=1789731772,Chocolate Gifts and Cakes
chardonnay,Chardonnay Wine,112,https://cdn.shopify.com/s/files/1/1624/5203/collections/jm_boillot_montagny.webp?v=1789731723,Chardonnay Wine
charles-heidsieck-champagne,Charles Heidsieck Champagne,16,https://cdn.shopify.com/s/files/1/1624/5203/collections/CharlesHeidsieck_RoseMillesime2005.jpg?v=1789731949,Charles Heidsieck Champagne
chenin-blanc,Chenin Blanc,3,https://cdn.shopify.com/s/files/1/1624/5203/collections/Herzog-Prince_Vineyard_Chenin_Blanc_2023_Kosher_75cl.jpg?v=1789731951,Chenin Blanc
christmas-gifts,Christmas Gifts,525,https://cdn.shopify.com/s/files/1/1624/5203/collections/Moe-t_Chandon_Imperial_Brut_Champagne_75cl_with_Gift_Box.jpg?v=1789731638,Christmas Gifts
clase-azul-tequila,Clase Azul Tequila,12,https://cdn.shopify.com/s/files/1/1624/5203/collections/clase-azul-plata-tequila-70cl.webp?v=1789731953,Clase Azul Tequila
cognac,Cognac Delivery in London,24,https://cdn.shopify.com/s/files/1/1624/5203/collections/203131011_0_640x640_6ed43d66-f78f-46a8-8941-24a4b09bf235.jpg?v=1789731954,Cognac Delivery in London
congratulations-gifts,Congratulations Gifts,45,https://cdn.shopify.com/s/files/1/1624/5203/collections/Caviar-_Vodka_Hamper_041e1be7-5e8c-46e4-a5c7-7b86aa774b19.png?v=1789731799,Congratulations Gifts
corporate-gifts,Corporate & Business Gifts,299,https://cdn.shopify.com/s/files/1/1624/5203/collections/IMG-5863_40565898-d02c-4137-b1de-8e45ff345d5b.png?v=1784854930,
demi-sec-champagne,Demi-Sec Champagne,5,https://cdn.shopify.com/s/files/1/1624/5203/collections/moet-and-chandon-nectar-imperial.jpg?v=1789731956,Demi-Sec Champagne
deutz-champagne,Deutz Champagne,4,https://cdn.shopify.com/s/files/1/1624/5203/collections/deutzclassicbrutnvchampagne.jpg?v=1789731957,Deutz Champagne
dom-perignon-champagne,Dom Pérignon Champagne,49,https://cdn.shopify.com/s/files/1/1624/5203/collections/IMG-5867_cc1d4f51-07af-4cf8-9ace-948e2bf71bd2.png?v=1784855850,The Iconic Celebration of Dom Perignon Hamper in UK
don-julio-tequila,Don Julio Tequila,10,https://cdn.shopify.com/s/files/1/1624/5203/collections/112043.jpg?v=1789731959,Don Julio Tequila
engagement-gifts,Engagement Gifts,67,https://cdn.shopify.com/s/files/1/1624/5203/collections/milkseasalt.jpg?v=1789731741,Engagement Gifts
extra-anejo-tequila,Extra Añejo Tequila,19,https://cdn.shopify.com/s/files/1/1624/5203/collections/103151536930846.webp?v=1789731961,Extra Añejo Tequila
extra-brut-champagne,Extra Brut Champagne,14,https://cdn.shopify.com/s/files/1/1624/5203/collections/laurent-perrier-ultra-brut-75cl.jpg?v=1789731963,Extra Brut Champagne
father-s-day-gifts,Father’s Day Gifts,665,https://cdn.shopify.com/s/files/1/1624/5203/collections/snapshotimagehandler_696543881_b9afa444-2704-43ec-b652-ed36246c6230.jpg?v=1789731635,Father’s Day Gifts
fine-wine-100,Fine Wine £100+,171,https://cdn.shopify.com/s/files/1/1624/5203/collections/3k_75cl-in-su_41.jpg?v=1789731663,Fine Wine £100+
fleur-de-miraval-champagne,Fleur de Miraval Champagne,2,https://cdn.shopify.com/s/files/1/1624/5203/collections/FleurdeMiraval_RoseER3_GiftBox.jpg?v=1789731964,Fleur de Miraval Champagne
flowers-delivery-in-london,Flowers Delivery in London,4,https://cdn.shopify.com/s/files/1/1624/5203/collections/20WhiteRosesBouquet1.jpg?v=1789731966,Flowers Delivery in London
gewurztraminer,Gewürztraminer,1,https://cdn.shopify.com/s/files/1/1624/5203/collections/WillyGisselbrechtReserveSpecialeGewurztraminer_1cc4d851-c10d-4c25-975a-dc0972cc6804.png?v=1789731968,Gewürztraminer
gifts-for-connoisseur,Gifts for Connoisseur,63,https://cdn.shopify.com/s/files/1/1624/5203/collections/darkmarcde.jpg?v=1789731779,Gifts for Connoisseur
gifts-hampers,Same-Day London Delivery: Luxury Wine & Champagne Gift Hampers,37,,
gifts-over-1000,Gifts over £1000,90,https://cdn.shopify.com/s/files/1/1624/5203/collections/louis-roederer-cristal-2000_2.jpg?v=1789731733,Gifts over £1000
gifts-under-1000,Gifts under £1000,329,https://cdn.shopify.com/s/files/1/1624/5203/collections/Moet-_Chandon_Imperial_Rose_Champagne_Gift_Box_75cl.jpg?v=1789731647,Gifts under £1000
gin,Gin Delivery London,47,https://cdn.shopify.com/s/files/1/1624/5203/collections/snapshotimagehandler_423418515.jpg?v=1789731795,Gin Delivery London
gin-gifts,Gin Gifts,47,https://cdn.shopify.com/s/files/1/1624/5203/collections/wg007.jpg?v=1789731797,Gin Gifts
glenfiddich-whisky,Glenfiddich Whisky,5,https://cdn.shopify.com/s/files/1/1624/5203/collections/glenfidch.webp?v=1789731969,Glenfiddich Whisky
graduation-gifts,Graduation Gifts,292,https://cdn.shopify.com/s/files/1/1624/5203/collections/300x300.jpg?v=1789731651,Graduation Gifts
grenache,Grenache,1,https://cdn.shopify.com/s/files/1/1624/5203/collections/OrangeGoldGerardBertrand2021.jpg?v=1789731971,Grenache
heidsieck-co-champagne,Heidsieck & Co Champagne,4,https://cdn.shopify.com/s/files/1/1624/5203/collections/monopole_heidieck_imperatrice_champagne_1.webp?v=1789731972,Heidsieck & Co Champagne
hennessy-cognac,Hennessy Cognac,6,https://cdn.shopify.com/s/files/1/1624/5203/collections/hennessy-xo-cognac-extra-old.jpg?v=1789731973,Hennessy Cognac
henriot-champagne,Henriot Champagne,5,https://cdn.shopify.com/s/files/1/1624/5203/collections/henriotdemisec.jpg?v=1789731975,Henriot Champagne
hibiki-whisky,Hibiki Whisky,5,https://cdn.shopify.com/s/files/1/1624/5203/collections/Hibiki-30_year_old.png?v=1789732010,Hibiki Whisky
irish-whisky,Irish Whisky,6,https://cdn.shopify.com/s/files/1/1624/5203/collections/jameson4.5l.jpg?v=1789732012,Irish Whisky
italian-wine-gifts,Italian Wine Gifts,38,https://cdn.shopify.com/s/files/1/1624/5203/collections/antinori-tignanello-2019-75cl-tuscany-italy_18569781_44771446_2048.jpg?v=1789732013,Italian Wine Gifts
japanese-whisky,Japanese Whisky,25,https://cdn.shopify.com/s/files/1/1624/5203/collections/hibiki-harmony-japanese-whisky-70cl-box.jpg?v=1789732014,Japanese Whisky
johnnie-walker-whisky,Johnnie Walker Whisky,13,https://cdn.shopify.com/s/files/1/1624/5203/collections/whisky-escoces-double-black-garrafa-1-litro-johnnie-walker-4959262.jpg?v=1789732016,Johnnie Walker Whisky
kosher-wines,Kosher Gifts,11,https://cdn.shopify.com/s/files/1/1624/5203/collections/IMG-4922.jpg?v=1789732017,Kosher Wines
krug-champagne,Krug Champagne,15,https://cdn.shopify.com/s/files/1/1624/5203/collections/krug_grande_cuvee_champagne_gift_boxed_75cl.webp?v=1789732019,Krug Champagne
languedoc-roussillon,Languedoc-Roussillon,5,https://cdn.shopify.com/s/files/1/1624/5203/collections/royale-chardonnay-1536x1536.jpg?v=1789732021,Languedoc-Roussillon
lanson-champagne,Lanson Champagne,1,,
laurent-perrier-champagne,Laurent-Perrier Champagne,17,https://cdn.shopify.com/s/files/1/1624/5203/collections/laurent_perrier_rose_bamboo_robe.webp?v=1789732022,Laurent-Perrier Champagne
liquor,Liquor Delivery in London,374,https://cdn.shopify.com/s/files/1/1624/5203/collections/pexels-photo-616836_1_1_7454b7fd-e8a1-4593-801d-16e5a0a2b826.jpg?v=1656665332,Bottle and glass of bourbon whiskey 
loire-valley,Loire Valley,6,https://cdn.shopify.com/s/files/1/1624/5203/collections/DomainedesSablesVerts_Glouglou_Saumur-Champigny2020.jpg?v=1789732024,Loire Valley
louis-roederer-champagne,Louis Roederer Champagne,10,https://cdn.shopify.com/s/files/1/1624/5203/collections/mcs7ix2zs56u3-vs6gor4a_pb_x600_7d41822e-6d8b-431d-80f5-fe1d8b887c6f.jpg?v=1789732025,Louis Roederer Champagne
luxury-champagne-250,Luxury Champagne £250+,144,https://cdn.shopify.com/s/files/1/1624/5203/collections/ruinart-blanc-de-blanc-nv-champagne-75cl-12-abv_temp.webp?v=1789731670,Luxury Champagne £250+
macallan-whisky,Macallan Whisky,25,https://cdn.shopify.com/s/files/1/1624/5203/collections/Macallan-12_Year_Old_Sherry_Oak.jpg?v=1789732027,Macallan Whisky
malbec-wine,Malbec Wine,3,https://cdn.shopify.com/s/files/1/1624/5203/collections/ALHAPPELLATIONParajeAltamiraMalbec2019__250x500_5e235db9-ffa1-4e46-a266-dcfa061158fa.jpg?v=1789732028,Malbec Wine
marlborough,Marlborough,6,https://cdn.shopify.com/s/files/1/1624/5203/collections/KimCrawford_MarlboroughSauvignonBlanc2021.png?v=1789732029,Marlborough
medoc,Médoc,50,https://cdn.shopify.com/s/files/1/1624/5203/collections/0_0_orig.jpg?v=1789731791,Médoc Wine
mendoza,Wines from Mendoza,4,https://cdn.shopify.com/s/files/1/1624/5203/collections/367385011_0_640x640_3eb73c40-215e-4503-9625-e027e375430b.jpg?v=1789732031,Wines from Mendoza
mercier-champagne,Mercier Champagne,3,https://cdn.shopify.com/s/files/1/1624/5203/collections/mercier-brut-champagne-75cl.jpg?v=1789732032,Mercier Champagne
merlot-wine-delivery,Merlot Wine,33,https://cdn.shopify.com/s/files/1/1624/5203/collections/Chateau-Haut-Blanville-Merlot-Pays-dOc.jpg?v=1789732034,Merlot Wine
mezcal,Mezcal,11,https://cdn.shopify.com/s/files/1/1624/5203/collections/ilegal-mezcal-joven.jpg?v=1789732035,Mezcal
mixers,Soft Drinks & Mixers,30,https://cdn.shopify.com/s/files/1/1624/5203/collections/pexels-photo-340996_1.jpg?v=1785989691,alcohol and mixer delivery in london
moet-chandon-champagne,Moët & Chandon Champagne,19,https://cdn.shopify.com/s/files/1/1624/5203/collections/MoetGrandvintage2015champagne.jpg?v=1789732037,Moët & Chandon Champagne
montrachet-wine-gifts,Montrachet Wine Gifts,32,https://cdn.shopify.com/s/files/1/1624/5203/collections/ChassagneMontrachetABacheletMonnot2020.jpg?v=1789732039,Montrachet Wine Gifts
mother-s-day-gifts,Mother’s Day Gifts,81,https://cdn.shopify.com/s/files/1/1624/5203/collections/pinkchampagnetruffle.jpg?v=1789731736,Mother’s Day Gifts
multi-vintage-wine,Multi-Vintage Wine,3,https://cdn.shopify.com/s/files/1/1624/5203/collections/Nyetimber-Classic-Cuvee.jpg?v=1789732067,Multi-Vintage Wine
mushrooms-supplements,Mushrooms & Supplements,10,https://cdn.shopify.com/s/files/1/1624/5203/collections/image_3.jpg?v=1741233012,Mushrooms boosting immunity & longevity 
napa-valley,Napa Valley,7,https://cdn.shopify.com/s/files/1/1624/5203/collections/OpusOne2019.jpg?v=1789732069,Napa Valley
nebbiolo,Nebbiolo,5,https://cdn.shopify.com/s/files/1/1624/5203/collections/gaja-barbaresco-2019-magnum-15l.webp?v=1789732070,Nebbiolo
non-alcoholic-gifts,Non-Alcoholic Gifts,8,https://cdn.shopify.com/s/files/1/1624/5203/collections/French-Bloom_Le_Rose_Alcohol_Free.png?v=1789732072,Non-Alcoholic Gifts
non-vintage-wine,Non-Vintage Wine,64,https://cdn.shopify.com/s/files/1/1624/5203/collections/Charbonnel-et_walker_dark_sea_salt_Truffle_chocolate.jpg?v=1789731777,Non-Vintage Wine
patron-tequila,Patron Tequila,10,https://cdn.shopify.com/s/files/1/1624/5203/collections/patron-silver-tequila-proof-80-750-ml.jpg?v=1789732074,Patrón Tequila
perrier-jouet-champagne,Perrier Jouet Champagne,7,https://cdn.shopify.com/s/files/1/1624/5203/collections/perrier_jouet_grand_brut_new_bottle_gift_box_75cl.webp?v=1789732075,Perrier-Jouët Champagne
philipponnat-champagne,Philipponnat Champagne,4,https://cdn.shopify.com/s/files/1/1624/5203/collections/PhilipponnatRoyalReserveBrutchampagne.jpg?v=1789732076,Philipponnat Champagne
piemonte,Piedmont,7,https://cdn.shopify.com/s/files/1/1624/5203/collections/Gaja-Barbaresco-2019-684x684.jpg?v=1789732078,Piedmont
pinot-grigio,Pinot Grigio,2,https://cdn.shopify.com/s/files/1/1624/5203/collections/5010658314966.jpg?v=1789732079,Pinot Grigio
pinot-noir,Pinot Noir Wine Gifts,54,https://cdn.shopify.com/s/files/1/1624/5203/collections/JEAN-CLAUDEBOISSET_BOURGOGNEPINOTNOIR.jpg?v=1789731786,Pinot Noir Wine
piper-heidsieck-champagne,Piper Heidsieck Champagne,10,https://cdn.shopify.com/s/files/1/1624/5203/collections/Piper-Heidsieck_CuveeBrut_Luminous.jpg?v=1789732080,Piper-Heidsieck Champagne
pol-roger-champagne,Pol Roger Champagne,7,https://cdn.shopify.com/s/files/1/1624/5203/collections/pol-roger-brut-reserve-nv-champagne.jpg?v=1789732082,Pol Roger Champagne
pomerol,Pomerol,15,https://cdn.shopify.com/s/files/1/1624/5203/collections/7e57b3b6f01042d2b7699975aeb51f7f.jpg?v=1789732083,Pomerol
pommery-champagne,Pommery Champagne,3,https://cdn.shopify.com/s/files/1/1624/5203/collections/pommery_brut_apanage_75cl_1.jpg?v=1789732085,Pommery Champagne
port-fortified-wines,Port & Fortified Wines,8,https://cdn.shopify.com/s/files/1/1624/5203/collections/Cocchi-Vermouth_di_Torino_75cl_af715a1b-fe0c-420b-bdab-c367635da4d5.jpg?v=1789732086,Port & Fortified Wines
practicing-organic-wines,Practicing Organic Wines,3,https://cdn.shopify.com/s/files/1/1624/5203/collections/PalmerHalf2019.jpg?v=1789732088,Practicing Organic Wines
prosecco-gifts,Prosecco Gifts,8,https://cdn.shopify.com/s/files/1/1624/5203/collections/IMG-5866_f2e54171-0d78-4ca6-a347-2dd3f3a1ad9e.png?v=1784854933,
provence,Provence wine Gifts,21,https://cdn.shopify.com/s/files/1/1624/5203/collections/Chateau-d_Esclans_Whispering_Angel_Rose_75cl.jpg?v=1789732089,Provence Wine
rare-champagne,Rare Champagne,15,https://cdn.shopify.com/s/files/1/1624/5203/collections/luc-belaire-rare-luxe-75cl_temp.jpg?v=1789732091,Rare Champagne
rare-whisky-500,Rare Whisky £500+,21,https://cdn.shopify.com/s/files/1/1624/5203/collections/Yamazaki-Smoky_Batch.png?v=1789732093,Rare Whisky £500+
red-wine,Red Wine Delivery in London,236,https://cdn.shopify.com/s/files/1/1624/5203/collections/10033584341022.jpg?v=1789731655,Red Wine Delivery in London
reposado-tequila,Reposado Tequila,31,https://cdn.shopify.com/s/files/1/1624/5203/collections/clase-azul-reposado-40-b_1.jpg?v=1789732094,Reposado Tequila
retirement-gifts-l,Retirement Gifts,180,https://cdn.shopify.com/s/files/1/1624/5203/collections/jack.jpg?v=1789731661,Retirement Gifts
rhone-valley,Rhone,3,https://cdn.shopify.com/s/files/1/1624/5203/collections/7.jpg?v=1789732095,Rhône Valley
riesling,Riesling,3,https://cdn.shopify.com/s/files/1/1624/5203/collections/Grosset-Polish_Hill_Riesling_2024_75cl.jpg?v=1789732126,Riesling
rioja,Rioja wine Gifts,10,https://cdn.shopify.com/s/files/1/1624/5203/collections/Lopez-de_Heredia_Vina_Tondonia_2017.jpg?v=1789732127,Rioja Wine
romantic-gifts,Romantic Gifts,402,https://cdn.shopify.com/s/files/1/1624/5203/collections/unnamed_cac14fc1-eeae-43a5-abf2-f37eba928fce.jpg?v=1789731645,Romantic Gifts
rose-champagne,Rosé Champagne,82,https://cdn.shopify.com/s/files/1/1624/5203/collections/011720_1528883547776.jpg?v=1789731734,Rosé Champagne
rose-champagne-wine-gifts,Rosé Champagne & Wine Gifts,102,https://cdn.shopify.com/s/files/1/1624/5203/collections/miraval-provence-rose_1024x1024_d2f9497d-bc4d-4e0f-896c-69cdb02baa02.jpg?v=1789731729,Rosé Champagne & Wine Gifts
rose-wine,Rosé Wine Delivery in London,20,https://cdn.shopify.com/s/files/1/1624/5203/collections/kylie-minogue-rose-wine-75cl.jpg?v=1789732128,Rosé Wine Delivery in London
ruinart-champagne,Ruinart Champagne,10,https://cdn.shopify.com/s/files/1/1624/5203/collections/r-de-ruinart-brut-nv-champagne-75cl_temp.webp?v=1789732130,Ruinart Champagne
rum,Rum Delivery in London,24,https://cdn.shopify.com/s/files/1/1624/5203/collections/60762011_0_640x640_ab8909bb-4b1c-4bed-a6eb-394811e436c4.jpg?v=1789732131,Rum Delivery in London
rye-whisky,Rye Whisky,1,https://cdn.shopify.com/s/files/1/1624/5203/collections/WhistlePig-10_Year_Old_Straight_Rye_Whiskey_70cl.jpg?v=1789731550,Rye Whisky
saint-emilion,Wines From Saint-Émilion,9,https://cdn.shopify.com/s/files/1/1624/5203/collections/uuHPNnHlQBmudpqgku1nTg_pb_x600_f2cdfeac-a92f-4a54-9037-458073d58f9d.jpg?v=1789732133,Wines From Saint-Émilion
sangiovese,Sangiovese,5,,
sauvignon-blanc,Sauvignon Blanc,14,https://cdn.shopify.com/s/files/1/1624/5203/collections/Screenshot2023-09-15212101.jpg?v=1789732135,Sauvignon Blanc
scotch-whisky,Blended Scotch Whisky,24,https://cdn.shopify.com/s/files/1/1624/5203/collections/1.jpg?v=1789732136,Blended Scotch Whisky
sec-champagne,Sec Champagne,2,https://cdn.shopify.com/s/files/1/1624/5203/collections/taittinger-nocturne-sec-champagne-city-lights-limited-edition-gift-box-75cl.webp?v=1789732137,Sec Champagne
shiraz,Shiraz,11,https://cdn.shopify.com/s/files/1/1624/5203/collections/038102_a_the-chocolate-block.jpg?v=1789732139,Shiraz
shop-by-case,Shop By Case,25,https://cdn.shopify.com/s/files/1/1624/5203/collections/valencay_sauvignon.jpg?v=1789732140,Shop By Case
sicily,Sicily,2,https://cdn.shopify.com/s/files/1/1624/5203/collections/Image08.jpg?v=1789732142,Sicily
single-malt-whisky,Single Malt whisky,94,https://cdn.shopify.com/s/files/1/1624/5203/collections/glenfiddich-15-year-old-solera-reserve-p779-11841.jpg?v=1789731730,Single Malt Whisky
sparkling-rose-wine,Sparkling Rose Wine,10,https://cdn.shopify.com/s/files/1/1624/5203/collections/Freixenet-Ice_Bucket_Gift_Set.jpg?v=1789732143,Sparkling Rosé Wine
sparkling-wine,Sparkling Wine,37,https://cdn.shopify.com/s/files/1/1624/5203/collections/o3lXro5RrGkGZ_2Cfbstg_pb_600x600_65f3805e-a4f0-4cea-b7c7-7a91924fbba5.png?v=1789732145,Sparkling Wine
spirits,Spirits Delivery in London,471,https://cdn.shopify.com/s/files/1/1624/5203/collections/001504296_003_69886_708.jpg?v=1789731641,Spirits Delivery in London
sustainable-wines,Sustainable Wines,2,https://cdn.shopify.com/s/files/1/1624/5203/collections/BalfourBrutRose2018.jpg?v=1789732147,Sustainable Wines
taittinger-champagne,Taittinger Champagne,9,https://cdn.shopify.com/s/files/1/1624/5203/collections/c49795ff-f384-49f6-a469-660133a521cc_998999679.jpg?v=1789732148,Taittinger Champagne
tempranillo,Tempranillo,7,https://cdn.shopify.com/s/files/1/1624/5203/collections/VinaTondoniaTondoniaReservaRioja2011Magnum.jpg?v=1789732150,Tempranillo
tennessee-whisky,Tennessee Whisky,4,https://cdn.shopify.com/s/files/1/1624/5203/collections/JackDanielsOldNo.7TennesseeWhiskeyGuitarGiftPack_70cl.jpg?v=1789732151,Tennessee Whisky
tequila,Tequila Delivery in London,140,https://cdn.shopify.com/s/files/1/1624/5203/collections/EEFEE222-664F-4E78-B2EA-A606E0D510A9.jpg?v=1780713885,"Tequila and Mezcal Gift Delivery London | Blanco, Reposado, Extra Anejo Same day Delivered in 30-45 minutes "
thank-you-gifts,Thank You Gifts,329,https://cdn.shopify.com/s/files/1/1624/5203/collections/dom-perignon-vintage-2013-champagne-with-gift-box.jpg?v=1789731648,Thank You Gifts
tuscany,Tuscany Wine Gifts,23,https://cdn.shopify.com/s/files/1/1624/5203/collections/Marchesi-Antinori_Tignanello_2021_75cl.png?v=1789732153,Tuscany Wine
valentine-s-gifts,Valentine’s Gifts,168,https://cdn.shopify.com/s/files/1/1624/5203/collections/IMG-5866.png?v=1784854936,
vegan-wines,Vegan Wines,48,https://cdn.shopify.com/s/files/1/1624/5203/collections/BalfourBrutRose2008.jpg?v=1789731794,Vegan Wines
vegetarian-wines,Vegetarian Wines,48,https://cdn.shopify.com/s/files/1/1624/5203/collections/ChambertinClosdeBezeArmandRousseau1993.jpg?v=1789731793,Vegetarian Wines
veneto,Veneto,14,https://cdn.shopify.com/s/files/1/1624/5203/collections/NinoFrancoProseccoRustico.jpg?v=1789732155,Veneto
vermouth-aperitifs,Vermouth & Aperitifs,8,https://cdn.shopify.com/s/files/1/1624/5203/collections/3052283_001.jpg?v=1789732177,Vermouth & Aperitifs
veuve-clicquot-champagne,Veuve Clicquot Champagne,19,https://cdn.shopify.com/s/files/1/1624/5203/collections/Wedding-Gift_of_Veuve_Clicquot.png?v=1785989709,"A luxury wedding gift set featuring multiple bottles of Veuve Clicquot champagne arranged in front of a large cream-colored box labeled 'WEDDING GIFT', flanked by two orange gift boxes on each side."
vintage-wine,Vintage Wine Gifts,504,https://cdn.shopify.com/s/files/1/1624/5203/collections/Vina-Tondonia_Tinto_Reserva_2014.jpg?v=1789731639,Vintage Wine Gifts
vodka,Vodka Delivery in London,33,https://cdn.shopify.com/s/files/1/1624/5203/collections/869e3d1832faa862b4d7f8d05c62048d_06a74f35-6000-45a2-adf1-b87e60b73bff.jpg?v=1656664560,Absolut vodka bottle gold imagery
wedding-gifts,Wedding Gifts,262,https://cdn.shopify.com/s/files/1/1624/5203/collections/IMG-5864.png?v=1784854932,
whisky,Whiskey Delivery in London,157,https://cdn.shopify.com/s/files/1/1624/5203/collections/Bk5_uPg9_400x400_d94945ba-97f6-4186-a6f4-07ef3cccc2f7.jpg?v=1738382040,whiskey glass and cigar
whisky-100-500,Whisky £100–£500,63,https://cdn.shopify.com/s/files/1/1624/5203/collections/Macallan_12_Double_Cask.jpg?v=1789731780,Whisky £100–£500
whisky-gifts,Whisky Gifts,151,https://cdn.shopify.com/s/files/1/1624/5203/collections/opt__aboutcom__coeus__resources__content_migration__liquor__2018__06__13150155__jameson-bottle-800x800-aa9bee41339d4cbe9f1d709c002f0ac2.jpg?v=1789731669,Whisky Gifts
whisky-under-100,Whisky Under £100,68,https://cdn.shopify.com/s/files/1/1624/5203/collections/414-87209594-03004_M.jpg?v=1789731740,Whisky Under £100
white-wine,White Wine Delivery in London,140,https://cdn.shopify.com/s/files/1/1624/5203/collections/52485110267934.jpg?v=1789731671,White Wine Delivery in London
wine-30-100,Wine £30–£100,222,https://cdn.shopify.com/s/files/1/1624/5203/collections/petit-chablis-louis-jadot-750.jpg?v=1789731656,Wine £30–£100
wine-box-6-bottles,Wine Case Gifts,6,https://cdn.shopify.com/s/files/1/1624/5203/collections/Image_03_6a5de52c-d2c4-43c2-96cf-84c944b0fd77.jpg?v=1656664952,Pre-Mixed Cases
wine-under-200,Gifts under £200,1066,https://cdn.shopify.com/s/files/1/1624/5203/collections/snapshotimagehandler_776860530.jpg?v=1789731633,Gifts under £200
wine-under-30,Wine Under £30,54,https://cdn.shopify.com/s/files/1/1624/5203/collections/41KUjKfQY-L._SX342.jpg?v=1789731788,Wine Under £30
wine-under-500,Gifts Under £500,644,https://cdn.shopify.com/s/files/1/1624/5203/collections/FullSizeRender_806b0f84-ef97-48ec-af8c-2658f2d6e956.jpg?v=1789731636,Gifts Under £500
wines,Wine Delivery in London,436,https://cdn.shopify.com/s/files/1/1624/5203/collections/winecollection_f1337da2-b425-4808-a709-ead28c6da703.jpg?v=1776545370,Send Wine Gifts to UK 
wines-from-argentina,Wines From Argentina,7,https://cdn.shopify.com/s/files/1/1624/5203/collections/Flechas-de-Los-Andes-Gran-Malbec-2017-1.jpg?v=1789732179,Wines From Argentina
wines-from-australia,Wines From Australia,8,https://cdn.shopify.com/s/files/1/1624/5203/collections/Shiraz-redwine_1bd27fc8-16ce-4361-b283-2037053dc684.jpg?v=1789732180,Wines From Australia
wines-from-chile,Wines From Chile,5,https://cdn.shopify.com/s/files/1/1624/5203/collections/sena_4.webp?v=1789732181,Wines From Chile
wines-from-england,Wines From England,22,https://cdn.shopify.com/s/files/1/1624/5203/collections/Square_0012_2015-Nyetimber-Blanc-De-Blanc-Full-BTL.jpg?v=1789732183,Wines From England
wines-from-france,Wines From France,414,https://cdn.shopify.com/s/files/1/1624/5203/collections/216floMCzjL._AC.jpg?v=1789731644,Wines From France
wines-from-germany,Wines From Germany,1,,
wines-from-hungary,Wines From Hungary,1,https://cdn.shopify.com/s/files/1/1624/5203/collections/Royal-Tokaji_Blue_Label_5_Puttonyos_Aszu_50cl.jpg?v=1789732184,Wines From Hungary
wines-from-israel,Wines From Israel,3,https://cdn.shopify.com/s/files/1/1624/5203/collections/Yatir-Forest_2021_Kosher_75cl.jpg?v=1789732186,Wines From Israel
wines-from-italy,Wines From Italy,56,https://cdn.shopify.com/s/files/1/1624/5203/collections/24.webp?v=1789731783,Wines From Italy
wines-from-japan,Wines From Japan,18,https://cdn.shopify.com/s/files/1/1624/5203/collections/2ygB2641eP.webp?v=1789732187,Wines From Japan
wines-from-new-zealand,Wines From New Zealand,8,https://cdn.shopify.com/s/files/1/1624/5203/collections/kimcrawfordspsauvignonblanc.webp?v=1789732189,Wines From New Zealand
wines-from-portugal,Wines From Portugal,6,https://cdn.shopify.com/s/files/1/1624/5203/collections/EspumanteQt_Romeira-600x706.jpg?v=1789732190,Wines From Portugal
wines-from-spain,Wines From Spain,14,https://cdn.shopify.com/s/files/1/1624/5203/collections/terras1_1f1fedc3-a230-458d-8ecd-1cf93bd3723b.jpg?v=1789732191,Wines From Spain
wines-from-usa,Wines From USA,14,https://cdn.shopify.com/s/files/1/1624/5203/collections/20.webp?v=1789732192,Wines From USA
wines-that-pair-with-caviar,Wines that pair with Caviar,164,https://cdn.shopify.com/s/files/1/1624/5203/collections/Cloudy-bay_Sauvignon_Blanc.jpg?v=1789731667,Wines that pair with Caviar
wines-that-pair-with-chicken,Wines that pair with Chicken,184,https://cdn.shopify.com/s/files/1/1624/5203/collections/louis-valmoissire.jpg?v=1789731659,Wines that pair with Chicken
wines-that-pair-with-lamb,Wines that pair with Lamb,114,https://cdn.shopify.com/s/files/1/1624/5203/collections/vina-tondonia-reserva-1387320.jpg?v=1789731721,Wines that pair with Lamb
wines-that-pair-with-oyster,Wines that pair with Oysters,65,https://cdn.shopify.com/s/files/1/1624/5203/collections/Villamaria.webp?v=1789731775,Wines that pair with Oysters
wines-that-pair-with-pasta,Wines that pair with Pasta,56,https://cdn.shopify.com/s/files/1/1624/5203/collections/DellaViteproseccorose75cl.jpg?v=1789731784,Wines that pair with Pasta
wines-that-pair-with-pizza,Wines that pair with Pizza,37,https://cdn.shopify.com/s/files/1/1624/5203/collections/5052898002906_T1.jpg?v=1789732194,Wines that pair with Pizza
wines-that-pair-with-risotto,Wines that pair with Risotto,167,https://cdn.shopify.com/s/files/1/1624/5203/collections/42896c3b-760e-464b-a0c6-cedc85f807a1.jpg?v=1789731664,Wines that pair with Risotto
wines-that-pair-with-salmon,Wines that pair with Salmon,186,https://cdn.shopify.com/s/files/1/1624/5203/collections/Herzog-Special_Reserve_Pinot_Noir_2021_Kosher_75cl.jpg?v=1789731658,Wines that pair with Salmon
wines-that-pair-with-seafood-1,Wines that pair with Seafood,36,https://cdn.shopify.com/s/files/1/1624/5203/collections/a97c739a-2236-46b6-b671-d1ec938c4ca1.jpg?v=1789732195,Wines that pair with Seafood
wines-that-pair-with-shellfish,Wines that pair with shellfish,65,https://cdn.shopify.com/s/files/1/1624/5203/collections/Ruinart-Blanc_de_Blancs_skin.png?v=1789731774,Wines that pair with Shellfish
wines-that-pair-with-steak,Wines that pair with Steak,133,https://cdn.shopify.com/s/files/1/1624/5203/collections/snapshotimagehandler_2022625600.jpg?v=1789731673,Wines that pair with Steak
wines-that-pair-with-sushi,Wines that pair with Sushi,54,https://cdn.shopify.com/s/files/1/1624/5203/collections/300289.jpg?v=1789731787,Wines that pair with Sushi
wines-under-100,Gifts under £100,460,https://cdn.shopify.com/s/files/1/1624/5203/collections/bollinger-compressor.jpg?v=1789731643,Gifts under £100
wines-under-50,Gifts under £50,268,https://cdn.shopify.com/s/files/1/1624/5203/collections/7593b260-5f26-424e-bfbc-de1d3f370c07-14.jpg?v=1789731653,Gifts under £50
yamazaki-whisky,Yamazaki Whisky,5,https://cdn.shopify.com/s/files/1/1624/5203/collections/Yamazaki-Limited_Edition_2022.png?v=1789732197,Yamazaki Whisky
zinfandel,Zinfandel,3,https://cdn.shopify.com/s/files/1/1624/5203/collections/PrimitivodiManduriaAttanasio2016.jpg?v=1789732199,Zinfandel
