on_product,links_to,handle,shown,live_min,live_max,diff
White Peak Wire Works Bourbon Barrel English Single Malt Whisky 70cl,The Prestige Pearl — Ruinart Blanc de Blancs & Oscietra Caviar Gift Set,the-prestige-pearl-ruinart-blanc-de-blancs-oscietra-caviar-gift-set,390.0,380.0,380.0,10.0
Hampden Estate 1753 Pure Single Jamaican Rum 70cl,The Prestige Pearl — Ruinart Blanc de Blancs & Oscietra Caviar Gift Set,the-prestige-pearl-ruinart-blanc-de-blancs-oscietra-caviar-gift-set,390.0,380.0,380.0,10.0
Renais Gin by Emma & Alex Watson 70cl,The Prestige Pearl — Ruinart Blanc de Blancs & Oscietra Caviar Gift Set,the-prestige-pearl-ruinart-blanc-de-blancs-oscietra-caviar-gift-set,390.0,380.0,380.0,10.0
Michter's US*1 Kentucky Straight Bourbon 70cl,The Prestige Pearl — Ruinart Blanc de Blancs & Oscietra Caviar Gift Set,the-prestige-pearl-ruinart-blanc-de-blancs-oscietra-caviar-gift-set,390.0,380.0,380.0,10.0
Eminente Reserva 7 Year Old Cuban Rum 70cl,The Prestige Pearl — Ruinart Blanc de Blancs & Oscietra Caviar Gift Set,the-prestige-pearl-ruinart-blanc-de-blancs-oscietra-caviar-gift-set,390.0,380.0,380.0,10.0
The GlenDronach Original 12 Year Old Single Malt Whisky 70cl,The Prestige Pearl — Ruinart Blanc de Blancs & Oscietra Caviar Gift Set,the-prestige-pearl-ruinart-blanc-de-blancs-oscietra-caviar-gift-set,390.0,380.0,380.0,10.0
St-Germain Elderflower Liqueur 70cl,The Prestige Pearl — Ruinart Blanc de Blancs & Oscietra Caviar Gift Set,the-prestige-pearl-ruinart-blanc-de-blancs-oscietra-caviar-gift-set,390.0,380.0,380.0,10.0
Champagne Telmont Réserve Brut NV 75cl,The Prestige Pearl — Ruinart Blanc de Blancs & Oscietra Caviar Gift Set,the-prestige-pearl-ruinart-blanc-de-blancs-oscietra-caviar-gift-set,390.0,380.0,380.0,10.0
Grey Goose Altius Ultra-Premium Vodka 70cl,The Prestige Pearl — Ruinart Blanc de Blancs & Oscietra Caviar Gift Set,the-prestige-pearl-ruinart-blanc-de-blancs-oscietra-caviar-gift-set,390.0,380.0,380.0,10.0
Nc'nean Organic Single Malt Scotch Whisky 70cl,The Prestige Pearl — Ruinart Blanc de Blancs & Oscietra Caviar Gift Set,the-prestige-pearl-ruinart-blanc-de-blancs-oscietra-caviar-gift-set,390.0,380.0,380.0,10.0
Bowmore 21 Year Old Sherry Oak Islay Single Malt Scotch Whisky 70cl,The Prestige Pearl — Ruinart Blanc de Blancs & Oscietra Caviar Gift Set,the-prestige-pearl-ruinart-blanc-de-blancs-oscietra-caviar-gift-set,390.0,380.0,380.0,10.0
Amaro Nonino Quintessentia 70cl,The Prestige Pearl — Ruinart Blanc de Blancs & Oscietra Caviar Gift Set,the-prestige-pearl-ruinart-blanc-de-blancs-oscietra-caviar-gift-set,390.0,380.0,380.0,10.0
Italicus Rosolio di Bergamotto 70cl,The Prestige Pearl — Ruinart Blanc de Blancs & Oscietra Caviar Gift Set,the-prestige-pearl-ruinart-blanc-de-blancs-oscietra-caviar-gift-set,390.0,380.0,380.0,10.0
Green Chartreuse Liqueur 70cl,The Prestige Pearl — Ruinart Blanc de Blancs & Oscietra Caviar Gift Set,the-prestige-pearl-ruinart-blanc-de-blancs-oscietra-caviar-gift-set,390.0,380.0,380.0,10.0
Château de Laubade XO Bas-Armagnac 70cl,The Prestige Pearl — Ruinart Blanc de Blancs & Oscietra Caviar Gift Set,the-prestige-pearl-ruinart-blanc-de-blancs-oscietra-caviar-gift-set,390.0,380.0,380.0,10.0
Christian Drouin XO Calvados Pays d'Auge 70cl,The Prestige Pearl — Ruinart Blanc de Blancs & Oscietra Caviar Gift Set,the-prestige-pearl-ruinart-blanc-de-blancs-oscietra-caviar-gift-set,390.0,380.0,380.0,10.0
González Byass Apóstoles Palo Cortado VORS 30 Year Old Sherry 37.5cl,The Prestige Pearl — Ruinart Blanc de Blancs & Oscietra Caviar Gift Set,the-prestige-pearl-ruinart-blanc-de-blancs-oscietra-caviar-gift-set,390.0,380.0,380.0,10.0
Royal Tokaji Blue Label 5 Puttonyos Aszú 50cl,The Prestige Pearl — Ruinart Blanc de Blancs & Oscietra Caviar Gift Set,the-prestige-pearl-ruinart-blanc-de-blancs-oscietra-caviar-gift-set,390.0,380.0,380.0,10.0
Barsol Primero Quebranta Pisco 70cl,The Prestige Pearl — Ruinart Blanc de Blancs & Oscietra Caviar Gift Set,the-prestige-pearl-ruinart-blanc-de-blancs-oscietra-caviar-gift-set,390.0,380.0,380.0,10.0
Jade 1901 Absinthe Supérieure 70cl,The Prestige Pearl — Ruinart Blanc de Blancs & Oscietra Caviar Gift Set,the-prestige-pearl-ruinart-blanc-de-blancs-oscietra-caviar-gift-set,390.0,380.0,380.0,10.0
Blandy's 10 Year Old Malmsey Madeira 50cl,The Prestige Pearl — Ruinart Blanc de Blancs & Oscietra Caviar Gift Set,the-prestige-pearl-ruinart-blanc-de-blancs-oscietra-caviar-gift-set,390.0,380.0,380.0,10.0
Linie Aquavit 70cl,The Prestige Pearl — Ruinart Blanc de Blancs & Oscietra Caviar Gift Set,the-prestige-pearl-ruinart-blanc-de-blancs-oscietra-caviar-gift-set,390.0,380.0,380.0,10.0
Grappa Sarpa di Poli 70cl,The Prestige Pearl — Ruinart Blanc de Blancs & Oscietra Caviar Gift Set,the-prestige-pearl-ruinart-blanc-de-blancs-oscietra-caviar-gift-set,390.0,380.0,380.0,10.0
Kweichow Moutai Flying Fairy Baijiu 50cl,The Prestige Pearl — Ruinart Blanc de Blancs & Oscietra Caviar Gift Set,the-prestige-pearl-ruinart-blanc-de-blancs-oscietra-caviar-gift-set,390.0,380.0,380.0,10.0
Matsui Umeshu Japanese Plum Liqueur with Whisky 70cl,The Prestige Pearl — Ruinart Blanc de Blancs & Oscietra Caviar Gift Set,the-prestige-pearl-ruinart-blanc-de-blancs-oscietra-caviar-gift-set,390.0,380.0,380.0,10.0
Grand Marnier Cuvée du Centenaire 70cl,The Prestige Pearl — Ruinart Blanc de Blancs & Oscietra Caviar Gift Set,the-prestige-pearl-ruinart-blanc-de-blancs-oscietra-caviar-gift-set,390.0,380.0,380.0,10.0
Cocchi Barolo Chinato 50cl,The Prestige Pearl — Ruinart Blanc de Blancs & Oscietra Caviar Gift Set,the-prestige-pearl-ruinart-blanc-de-blancs-oscietra-caviar-gift-set,390.0,380.0,380.0,10.0
Chambord Black Raspberry Liqueur 70cl,The Prestige Pearl — Ruinart Blanc de Blancs & Oscietra Caviar Gift Set,the-prestige-pearl-ruinart-blanc-de-blancs-oscietra-caviar-gift-set,390.0,380.0,380.0,10.0
Lillet Blanc 75cl,The Prestige Pearl — Ruinart Blanc de Blancs & Oscietra Caviar Gift Set,the-prestige-pearl-ruinart-blanc-de-blancs-oscietra-caviar-gift-set,390.0,380.0,380.0,10.0
Passoã Passion Fruit Liqueur 70cl,The Prestige Pearl — Ruinart Blanc de Blancs & Oscietra Caviar Gift Set,the-prestige-pearl-ruinart-blanc-de-blancs-oscietra-caviar-gift-set,390.0,380.0,380.0,10.0
González Byass Alfonso Oloroso Seco Sherry 75cl,The Prestige Pearl — Ruinart Blanc de Blancs & Oscietra Caviar Gift Set,the-prestige-pearl-ruinart-blanc-de-blancs-oscietra-caviar-gift-set,390.0,380.0,380.0,10.0
Seedlip Spice 94 Non-Alcoholic Spirit 70cl,The Prestige Pearl — Ruinart Blanc de Blancs & Oscietra Caviar Gift Set,the-prestige-pearl-ruinart-blanc-de-blancs-oscietra-caviar-gift-set,390.0,380.0,380.0,10.0
Pentire Adrift Non-Alcoholic Botanical Spirit 70cl,The Prestige Pearl — Ruinart Blanc de Blancs & Oscietra Caviar Gift Set,the-prestige-pearl-ruinart-blanc-de-blancs-oscietra-caviar-gift-set,390.0,380.0,380.0,10.0
G. Miclo Poire William Eau de Vie 70cl,The Prestige Pearl — Ruinart Blanc de Blancs & Oscietra Caviar Gift Set,the-prestige-pearl-ruinart-blanc-de-blancs-oscietra-caviar-gift-set,390.0,380.0,380.0,10.0
Ki No Bi Kyoto Dry Gin 70cl,The Prestige Pearl — Ruinart Blanc de Blancs & Oscietra Caviar Gift Set,the-prestige-pearl-ruinart-blanc-de-blancs-oscietra-caviar-gift-set,390.0,380.0,380.0,10.0
The Cristal Prestige Hamper,The Prestige Pearl — Ruinart Blanc de Blancs & Oscietra Caviar Gift Set,the-prestige-pearl-ruinart-blanc-de-blancs-oscietra-caviar-gift-set,390.0,380.0,380.0,10.0
Carmel Signature Mediterranean 2 Vats 2020 (Kosher) 75cl,The Prestige Pearl — Ruinart Blanc de Blancs & Oscietra Caviar Gift Set,the-prestige-pearl-ruinart-blanc-de-blancs-oscietra-caviar-gift-set,390.0,380.0,380.0,10.0
Yatir Forest 2021 (Kosher) 75cl,The Prestige Pearl — Ruinart Blanc de Blancs & Oscietra Caviar Gift Set,the-prestige-pearl-ruinart-blanc-de-blancs-oscietra-caviar-gift-set,390.0,380.0,380.0,10.0
Herzog Special Reserve Pinot Noir 2021 (Kosher) 75cl,The Prestige Pearl — Ruinart Blanc de Blancs & Oscietra Caviar Gift Set,the-prestige-pearl-ruinart-blanc-de-blancs-oscietra-caviar-gift-set,390.0,380.0,380.0,10.0
The Great British Hamper,The Prestige Pearl — Ruinart Blanc de Blancs & Oscietra Caviar Gift Set,the-prestige-pearl-ruinart-blanc-de-blancs-oscietra-caviar-gift-set,390.0,380.0,380.0,10.0
The Demi-Sec & Chocolate Hamper,The Prestige Pearl — Ruinart Blanc de Blancs & Oscietra Caviar Gift Set,the-prestige-pearl-ruinart-blanc-de-blancs-oscietra-caviar-gift-set,390.0,380.0,380.0,10.0
Herzog Prince Vineyard Chenin Blanc 2023 (Kosher) 75cl,The Prestige Pearl — Ruinart Blanc de Blancs & Oscietra Caviar Gift Set,the-prestige-pearl-ruinart-blanc-de-blancs-oscietra-caviar-gift-set,390.0,380.0,380.0,10.0
Dom Pérignon Vintage 2017 Champagne in Gift Box 75cl,The Prestige Pearl — Ruinart Blanc de Blancs & Oscietra Caviar Gift Set,the-prestige-pearl-ruinart-blanc-de-blancs-oscietra-caviar-gift-set,390.0,380.0,380.0,10.0
"López de Heredia Viña Cubillo, Crianza 2017 - 75cl Rioja - Spain",The Prestige Pearl — Ruinart Blanc de Blancs & Oscietra Caviar Gift Set,the-prestige-pearl-ruinart-blanc-de-blancs-oscietra-caviar-gift-set,390.0,380.0,380.0,10.0
"López de Heredia Viña Cubillo, Crianza 2014 - 75cl Rioja - Spain",The Prestige Pearl — Ruinart Blanc de Blancs & Oscietra Caviar Gift Set,the-prestige-pearl-ruinart-blanc-de-blancs-oscietra-caviar-gift-set,390.0,380.0,380.0,10.0
The Murakami Prestige Hamper,The Prestige Pearl — Ruinart Blanc de Blancs & Oscietra Caviar Gift Set,the-prestige-pearl-ruinart-blanc-de-blancs-oscietra-caviar-gift-set,390.0,380.0,380.0,10.0
The Malt Collector's Hamper,The Prestige Pearl — Ruinart Blanc de Blancs & Oscietra Caviar Gift Set,the-prestige-pearl-ruinart-blanc-de-blancs-oscietra-caviar-gift-set,390.0,380.0,380.0,10.0
