resource_kind,handle,gid,current_href,should_be
article,after-hours-liquor-understanding-late-night-alcohol-access,gid://shopify/Article/1023149048183,https://drinkshouse247.co.uk/pages/champagne-delivery-london,/collections/champagne
article,alcohol-delivery-3am-london,gid://shopify/Article/1025024622967,/pages/challenge-21,/pages/challenge-25
article,alcohol-delivery-to-office-london,gid://shopify/Article/1025024754039,/pages/challenge-21,/pages/challenge-25
article,alcoholic-beverage-delivery-guide-your-essential-2026-handbook,gid://shopify/Article/1023014830455,https://drinkshouse247.co.uk/pages/challenge-21,/pages/challenge-25
article,best-birthday-alcohol-gift-hamper-ideas,gid://shopify/Article/1023366889847,https://drinkshouse247.co.uk/pages/champagne-delight-buying-champagne-online-at-drinks-house-247,/collections/champagne
article,bulk-alcohol-delivery-london,gid://shopify/Article/1023752962423,https://drinkshouse247.co.uk/pages/champagne-delight-buying-champagne-online-at-drinks-house-247,/collections/champagne
article,can-you-gift-alcohol-uk,gid://shopify/Article/1024140607863,https://drinkshouse247.co.uk/pages/champagne-gifts-delivery,/pages/send-a-gift-of-champagne
article,celebrate-from-afar-same-day-champagne-wine-delivery-in-the-uk-for-birthdays-and-anniversaries,gid://shopify/Article/559877259420,https://drinkshouse247.co.uk/products/dom-perignon-champagne,/products/dom-perignon-champagne-2013
article,champagne-gifts-london-same-day-delivery-perfect-for-valentines-day-2026,gid://shopify/Article/1022993334647,/pages/valentines-day-alcohol-delivery-london-uk-2026,/pages/valentines-day-alcohol-delivery-london-uk-2026-romantic-gifts-party-drinks-house-247
article,choosing-corporate-wine-gift-boxes,gid://shopify/Article/1023384027511,https://drinkshouse247.co.uk/pages/champagne-delivery-in-uk,/pages/uk-champagne-delivery
article,christmas-alcohol-gift-guide,gid://shopify/Article/1024048464247,https://drinkshouse247.co.uk/pages/champagne-delivery-uk-bringing-elegance-to-your-doorstep,/pages/uk-champagne-delivery
article,christmas-party-planning-why-to-book-your-drinks-early,gid://shopify/Article/1024693404023,https://www.drinkshouse247.co.uk/collections/pre-mixed-cases,/collections/wine-box-6-bottles
article,corporate-champagne-gifts-london,gid://shopify/Article/1023764300151,https://drinkshouse247.co.uk/pages/a-sparkling-gesture-sending-champagne-as-a-gift,/pages/send-a-gift-of-champagne
article,craft-beer-styles-explained-ipa-stout-lager-and-more,gid://shopify/Article/1024691732855,https://www.drinkshouse247.co.uk/collections/pre-mixed-cases,/collections/wine-box-6-bottles
article,dinner-party-cocktail-ideas,gid://shopify/Article/393051340956,https://www.drinkshouse247.co.uk/products/captain-morgan-white-rum?_pos=1&amp;_sid=d186b5e7f&amp;_ss=r,/collections/rum?_pos=1&amp;_sid=d186b5e7f&amp;_ss=r
article,dom-perignon-delivery-london,gid://shopify/Article/1023665963383,https://drinkshouse247.co.uk/pages/buy-champagne-online,/collections/champagne
article,dom-perignon-gift-review-is-it-worth-it,gid://shopify/Article/1023846023543,https://drinkshouse247.co.uk/pages/champagne-gifts-delivery,/pages/send-a-gift-of-champagne
article,end-of-summer-cocktails-to-see-off-august,gid://shopify/Article/1024692060535,https://www.drinkshouse247.co.uk/collections/pre-mixed-cases,/collections/wine-box-6-bottles
article,fine-wine-buying-guide,gid://shopify/Article/1024229540215,https://drinkshouse247.co.uk/pages/happy-birthday-champagne,/pages/champagne-gifts-birthday
article,how-to-make-rum-punch,gid://shopify/Article/391748649116,https://www.drinkshouse247.co.uk/collections/rum/products/captain-morgan-white-rum,/collections/rum
article,how-to-send-champagne-without-guesswork,gid://shopify/Article/1024062587255,https://drinkshouse247.co.uk/pages/champagne-gifts-delivery,/pages/send-a-gift-of-champagne
article,how-to-serve-and-store-wine,gid://shopify/Article/389870551177,https://www.drinkshouse247.co.uk/collections/white-wine/products/albert-bichot-chablis,/products/louis-jadot-chablis
article,how-to-serve-and-store-wine,gid://shopify/Article/389870551177,https://www.drinkshouse247.co.uk/products/cheese-platter-1-2-people,/products/cheese-platter
article,large-format-wine-bottles-explained,gid://shopify/Article/1023543902583,https://drinkshouse247.co.uk/pages/buy-champagne-online,/collections/champagne
article,last-minute-bank-holiday-drinks-delivery-in-london,gid://shopify/Article/1024691569015,https://www.drinkshouse247.co.uk/collections/pre-mixed-cases,/collections/wine-box-6-bottles
article,late-night-beer-delivery-london,gid://shopify/Article/1023349129591,https://drinkshouse247.co.uk/pages/online-champagne-delivery,/collections/champagne
article,mothers-day-cocktails,gid://shopify/Article/557866156188,https://www.drinkshouse247.co.uk/collections/champagne/products/moet-chandon-imperial-champagne,/products/moet-chandon-champagne
article,next-day-champagne-delivery-uk-guide,gid://shopify/Article/1023742574967,https://drinkshouse247.co.uk/pages/champagne-chocolate-flowers-the-perfect-valentines-day-gift-london-2026,/pages/champagne-and-chocolate-flowers-the-perfect-valentines-day-gift-london-2026
article,next-day-champagne-gift-delivery,gid://shopify/Article/1023358271863,https://drinkshouse247.co.uk/pages/champagne-delivery-in-uk,/pages/uk-champagne-delivery
article,notting-hill-carnival-drinks-guide,gid://shopify/Article/1024692355447,https://www.drinkshouse247.co.uk/collections/pre-mixed-cases,/collections/wine-box-6-bottles
article,oktoberfest-at-home-beers-steins-and-snacks,gid://shopify/Article/1024693305719,https://www.drinkshouse247.co.uk/collections/pre-mixed-cases,/collections/wine-box-6-bottles
article,online-champagne-your-complete-guide-to-buying-in-2026,gid://shopify/Article/1023138267511,https://drinkshouse247.co.uk/pages/champagne-delivery-london,/collections/champagne
article,party-alcohol-calculator-smart-hosting,gid://shopify/Article/1023538233719,https://drinkshouse247.co.uk/pages/champagne-engagement-gifts-celebrate-love-with-sparkling-wine,/pages/champagne-for-engagement-gift-a-toast-to-celebrate-love
article,personalised-champagne-box-guide-unique-gifting-ideas-2026,gid://shopify/Article/1022940709239,https://drinkshouse247.co.uk/collections/organic-champagne,/collections/certified-organic-wines
article,personalised-champagne-box-guide-unique-gifting-ideas-2027,gid://shopify/Article/1022974099831,https://drinkshouse247.co.uk/collections/organic-champagne,/collections/certified-organic-wines
article,picnic-drinks-ideas-for-london-parks,gid://shopify/Article/1024691962231,https://www.drinkshouse247.co.uk/collections/pre-mixed-cases,/collections/wine-box-6-bottles
article,premium-wine-gift-trends,gid://shopify/Article/1023640568183,https://drinkshouse247.co.uk/pages/unveil-the-elegance-with-bollinger-champagne-gifts,/pages/bollinger-champagne-gifts
article,sparkling-wine-delivery-for-every-occasion,gid://shopify/Article/1023989645687,https://drinkshouse247.co.uk/pages/send-prosecco-gift-uk-bubbly-fast-delivery-drinks-house-248,/pages/send-prosecco-gift-uk-bubbly-fast-delivery-drinks-house-247
article,spiced-rum-cocktails-worth-making,gid://shopify/Article/1024691634551,https://www.drinkshouse247.co.uk/collections/pre-mixed-cases,/collections/wine-box-6-bottles
article,the-surprising-calorie-difference-vodka-soda-and-cola,gid://shopify/Article/1024586088823,/blogs/posts/flavoured-vodka-sodas-vs-regular-calorie-breakdown,/blogs/posts/top-10-alcoholic-drinks-with-the-least-calories
article,varieties-of-taittinger-champagne,gid://shopify/Article/559316041884,https://www.drinkshouse247.co.uk/products/taittinger-vintage,/products/taittinger-brut-millesime-champagne
article,vegan-wine-vs-organic-wine,gid://shopify/Article/1023597740407,https://drinkshouse247.co.uk/collections/organic-champagne,/collections/certified-organic-wines
article,veuve-clicquot-champagne-facts,gid://shopify/Article/558272643228,https://www.drinkshouse247.co.uk/collections/champagne/products/veuve-clicquot-vintage-champagne-2012,/products/veuve-clicquot-vintage-champagne-2015
article,veuve-clicquot-gift-delivery-uk,gid://shopify/Article/1023671107959,https://drinkshouse247.co.uk/pages/alcohol-delivery-1,/pages/alcohol-delivery
article,veuve-clicquot-hamper-review,gid://shopify/Article/1023795855735,https://drinkshouse247.co.uk/pages/champagne-delivered-as-a-gift,/pages/send-a-gift-of-champagne
article,wedding-gift,gid://shopify/Article/559191392412,https://drinkshouse247.co.uk/pages/champagne-gift-delivered,/pages/send-a-gift-of-champagne
collection,alcohol-gift-sets,gid://shopify/Collection/292014227612,https://www.drinkshouse247.co.uk/collections/gifts,/collections/alcohol-gift-sets
collection,all-products,gid://shopify/Collection/91267989566,https://www.drinkshouse247.co.uk/collections/extras,/collections/mixers
collection,anniversary-gifts,gid://shopify/Collection/305497899164,https://www.drinkshouse247.co.uk/collections/champagne/products/dom-perignon-champagne,/products/dom-perignon-champagne-2013
collection,anniversary-gifts,gid://shopify/Collection/305497899164,https://www.drinkshouse247.co.uk/collections/gifts,/collections/alcohol-gift-sets
collection,birthday-gifts,gid://shopify/Collection/305497768092,https://www.drinkshouse247.co.uk/collections/gifts,/collections/alcohol-gift-sets
collection,blanc-de-blancs-champagne,gid://shopify/Collection/303002517660,https://drinkshouse247.co.uk/pages/champagne-delight-buying-champagne-online-at-drinks-house-247,/collections/champagne
collection,blanc-de-blancs-champagne,gid://shopify/Collection/303002517660,https://drinkshouse247.co.uk/pages/champagne-delight-buying-champagne-online-at-drinks-house-247,/collections/champagne
collection,brut-champagne,gid://shopify/Collection/294418874524,https://drinkshouse247.co.uk/products/dom-perignon-champagne?_pos=1&amp;_sid=a27b6fb01&amp;_ss=r,/products/dom-perignon-champagne-2013?_pos=1&amp;_sid=a27b6fb01&amp;_ss=r
collection,christmas-gifts,gid://shopify/Collection/305498095772,https://www.drinkshouse247.co.uk/collections/champagne/products/bollinger-special-cuvee-champagne,/products/bollinger-special-cuvee-brut-champagne-75cl
collection,christmas-gifts,gid://shopify/Collection/305498095772,https://www.drinkshouse247.co.uk/collections/champagne/products/dom-perignon-champagne,/products/dom-perignon-champagne-2013
collection,christmas-gifts,gid://shopify/Collection/305498095772,https://www.drinkshouse247.co.uk/collections/gifts,/collections/alcohol-gift-sets
collection,corporate-gifts,gid://shopify/Collection/304974397596,https://www.drinkshouse247.co.uk/collections/gifts,/collections/alcohol-gift-sets
collection,graduation-gifts,gid://shopify/Collection/305498554524,https://www.drinkshouse247.co.uk/collections/gifts,/collections/alcohol-gift-sets
collection,rose-champagne-wine-gifts,gid://shopify/Collection/305637425308,https://www.drinkshouse247.co.uk/collections/gifts,/collections/alcohol-gift-sets
collection,thank-you-gifts,gid://shopify/Collection/305498030236,https://www.drinkshouse247.co.uk/collections/champagne/products/moet-chandon-imperial-champagne,/products/moet-chandon-champagne
collection,thank-you-gifts,gid://shopify/Collection/305498030236,https://www.drinkshouse247.co.uk/collections/gifts,/collections/alcohol-gift-sets
collection,wedding-gifts,gid://shopify/Collection/304973971612,https://www.drinkshouse247.co.uk/collections/gifts,/collections/alcohol-gift-sets
collection,whisky-gifts,gid://shopify/Collection/304944185500,https://www.drinkshouse247.co.uk/collections/gifts,/collections/alcohol-gift-sets
page,24-hour-alcohol-delivery-service,gid://shopify/Page/89142722716,https://drinkshouse247.co.uk/collections/champagne/products/dom-perignon-champagne,/products/dom-perignon-champagne-2013
page,a-heartfelt-gift-red-wine,gid://shopify/Page/93841588380,https://www.drinkshouse247.co.uk/collections/red-wine/products/chateau-les-eyquem-margaux-2019,/products/chateau-les-eyquem-margaux-2021
page,alcohol-delivery-as-a-gift,gid://shopify/Page/89642270876,https://www.drinkshouse247.co.uk/collections/moet-et-chandon-champagne,/collections/moet-chandon-champagne
page,alcohol-delivery-battersea,gid://shopify/Page/90028507292,https://www.drinkshouse247.co.uk/collections/champagne/products/louis-roederer-cristal,/products/louis-roederer-cristal-champagne
page,alcohol-delivery-canary-wharf,gid://shopify/Page/90028605596,https://www.drinkshouse247.co.uk/collections/wines/products/chateau-les-eyquem-margaux-2019,/products/chateau-les-eyquem-margaux-2021
page,alcohol-delivery-near-me-how-to-find-the-perfect-alcohol-delivery-service-in-your-area,gid://shopify/Page/88634097820,https://drinkshouse247.co.uk/pages/champagne-gift-delivered,/pages/send-a-gift-of-champagne
page,alcohol-delivery-near-me-how-to-find-the-perfect-alcohol-delivery-service-in-your-area,gid://shopify/Page/88634097820,https://drinkshouse247.co.uk/pages/champagne-gift-delivered,/pages/send-a-gift-of-champagne
page,alcohol-delivery-peckham,gid://shopify/Page/90028146844,https://www.drinkshouse247.co.uk/collections/champagne/products/bollinger-special-cuvee,/products/bollinger-special-cuvee-brut-champagne-75cl
page,alcohol-delivery-streatham,gid://shopify/Page/90028245148,https://www.drinkshouse247.co.uk/collections/champagne/products/bollinger-special-cuvee,/products/bollinger-special-cuvee-brut-champagne-75cl
page,alcohol-delivery-twickenham,gid://shopify/Page/90027884700,https://www.drinkshouse247.co.uk/collections/champagne/products/bollinger-special-cuvee,/products/bollinger-special-cuvee-brut-champagne-75cl
page,alcohol-gift-delivery-in-london-uk-perfect-for-celebrations,gid://shopify/Page/692274037111,https://www.drinkshouse247.co.uk/collections/champagne/products/dom-perignon-champagne,/products/dom-perignon-champagne-2013
page,alcohol-gifts-the-perfect-gesture-of-appreciation-and-celebration,gid://shopify/Page/93841031324,https://www.drinkshouse247.co.uk/collections/moet-et-chandon-champagne,/collections/moet-chandon-champagne
page,anniversary-gift-an-expression-of-love-and-commitment,gid://shopify/Page/94745165980,https://www.drinkshouse247.co.uk/collections/champagne/products/dom-perignon-champagne,/products/dom-perignon-champagne-2013
page,anniversary-wine-and-champagne-gifts-romantic-delivery-uk-drinks-house-247,gid://shopify/Page/701487219063,https://drinkshouse247.co.uk/pages/delivery-info,/policies/shipping-policy
page,best-beer-delivery-london,gid://shopify/Page/91987935388,https://www.drinkshouse247.co.uk/collections/beers/products/strongbow-dark-fruit-cider-1,/products/strongbow-original-cider
page,best-beer-delivery-london,gid://shopify/Page/91987935388,https://www.drinkshouse247.co.uk/collections/beers/products/strongbow-dark-fruit-cider-1,/products/strongbow-original-cider
page,best-beer-delivery-london,gid://shopify/Page/91987935388,https://www.drinkshouse247.co.uk/collections/beers/products/strongbow-dark-fruit-cider-1,/products/strongbow-original-cider
page,bollinger-champagne-gifts,gid://shopify/Page/93917675676,https://drinkshouse247.co.uk/pages/champagne-gift-delivered,/pages/send-a-gift-of-champagne
page,boxed-champagne-gifts,gid://shopify/Page/89837633692,https://www.drinkshouse247.co.uk/collections/champagne/products/veuve-clicquot-vintage-champagne-2012,/products/veuve-clicquot-vintage-champagne-2015
page,bulk-alcohol-delivery-and-cases-wine-champagne-spirits-uk-drinks-house-247,gid://shopify/Page/701522411895,https://drinkshouse247.co.uk/pages/delivery-info,/policies/shipping-policy
page,caymus-cabernet-sauvignon-napa-valley-2022-75cl-collector-s-california-icon-drinks-house-247,gid://shopify/Page/702001545591,https://drinkshouse247.co.uk/pages/delivery-info,/policies/shipping-policy
page,caymus-cabernet-sauvignon-napa-valley-2022-75cl-iconic-california-cab-drinks-house-247,gid://shopify/Page/702000726391,https://drinkshouse247.co.uk/pages/delivery-info,/policies/shipping-policy
page,cazcanes-tequila-uk-100-pure-agave,gid://shopify/Page/702743380343,/pages/send-tequila-as-a-gift-uk,/pages/send-tequila-as-a-gift-uk-premium-fast-delivery-drinks-house-247
page,celebrate-with-our-happy-birthday-champagne,gid://shopify/Page/94708498588,https://drinkshouse247.co.uk/pages/happy-birthday-champagne,/pages/champagne-gifts-birthday
page,celebrate-with-our-happy-birthday-champagne,gid://shopify/Page/94708498588,https://drinkshouse247.co.uk/pages/happy-birthday-champagne,/pages/champagne-gifts-birthday
page,celebrate-with-tequila-gifts-sent-to-london-uk,gid://shopify/Page/691842482551,https://www.drinkshouse247.co.uk/collections/tequila/products/818-eight-reserve,/products/818-eight-reserve-extra-anejo-tequila-70cl
page,celebrate-with-tequila-gifts-sent-to-london-uk,gid://shopify/Page/691842482551,https://www.drinkshouse247.co.uk/collections/tequila/products/casa-dragones-joven,/products/casa-dragones-joven-tequila-70cl
page,celebrate-with-tequila-gifts-sent-to-london-uk,gid://shopify/Page/691842482551,https://www.drinkshouse247.co.uk/collections/tequila/products/casa-dragones-joven,/products/casa-dragones-joven-tequila-70cl
page,celebrate-with-tequila-gifts-sent-to-london-uk,gid://shopify/Page/691842482551,https://www.drinkshouse247.co.uk/collections/tequila/products/clase-azul-anejo,/products/clase-azul-anejo-tequila-70cl
page,celebrate-with-tequila-gifts-sent-to-london-uk,gid://shopify/Page/691842482551,https://www.drinkshouse247.co.uk/collections/tequila/products/clase-azul-anejo,/products/clase-azul-anejo-tequila-70cl
page,celebrating-anniversaries-send-champagne-in-london,gid://shopify/Page/691842449783,https://www.drinkshouse247.co.uk/collections/champagne/products/bollinger-special-cuvee,/products/bollinger-special-cuvee-brut-champagne-75cl
page,celebrating-anniversaries-send-champagne-in-london,gid://shopify/Page/691842449783,https://www.drinkshouse247.co.uk/collections/champagne/products/bollinger-special-cuvee,/products/bollinger-special-cuvee-brut-champagne-75cl
page,celebrating-champagne-the-ultimate-guide-to-styles-types-and-moments,gid://shopify/Page/100146118812,https://www.drinkshouse247.co.uk/collections/champagne-nebuchadnezzar-15l,/collections/champagne-magnum-1-5l
page,champagne-101-everything-you-need-to-know,gid://shopify/Page/99999318172,https://www.drinkshouse247.co.uk/collections/moet-et-chandon-champagne,/collections/moet-chandon-champagne
page,champagne-101-everything-you-need-to-know,gid://shopify/Page/99999318172,https://www.drinkshouse247.co.uk/collections/moet-et-chandon-champagne,/collections/moet-chandon-champagne
page,champagne-50th-birthday,gid://shopify/Page/93262610588,https://www.drinkshouse247.co.uk/collections/champagne/products/bollinger,/products/bollinger-special-cuvee-brut-champagne-75cl
page,champagne-50th-birthday,gid://shopify/Page/93262610588,https://www.drinkshouse247.co.uk/collections/champagne/products/bollinger,/products/bollinger-special-cuvee-brut-champagne-75cl
page,champagne-50th-birthday,gid://shopify/Page/93262610588,https://www.drinkshouse247.co.uk/collections/champagne/products/bollinger,/products/bollinger-special-cuvee-brut-champagne-75cl
page,champagne-50th-birthday,gid://shopify/Page/93262610588,https://www.drinkshouse247.co.uk/collections/champagne/products/bollinger,/products/bollinger-special-cuvee-brut-champagne-75cl
page,champagne-50th-birthday,gid://shopify/Page/93262610588,https://www.drinkshouse247.co.uk/collections/champagne/products/bollinger,/products/bollinger-special-cuvee-brut-champagne-75cl
page,champagne-50th-birthday,gid://shopify/Page/93262610588,https://www.drinkshouse247.co.uk/collections/champagne/products/dom-perignon-champagne,/products/dom-perignon-champagne-2013
page,champagne-50th-birthday,gid://shopify/Page/93262610588,https://www.drinkshouse247.co.uk/collections/champagne/products/dom-perignon-champagne,/products/dom-perignon-champagne-2013
page,champagne-50th-birthday,gid://shopify/Page/93262610588,https://www.drinkshouse247.co.uk/collections/champagne/products/dom-perignon-champagne,/products/dom-perignon-champagne-2013
page,champagne-50th-birthday,gid://shopify/Page/93262610588,https://www.drinkshouse247.co.uk/collections/champagne/products/dom-perignon-champagne,/products/dom-perignon-champagne-2013
page,champagne-50th-birthday,gid://shopify/Page/93262610588,https://www.drinkshouse247.co.uk/collections/champagne/products/grand-vintage-moet-2013-champagne,/products/grand-vintage-moet-2015
page,champagne-50th-birthday,gid://shopify/Page/93262610588,https://www.drinkshouse247.co.uk/collections/champagne/products/taittinger-vintage,/products/taittinger-brut-millesime-champagne
page,champagne-50th-birthday,gid://shopify/Page/93262610588,https://www.drinkshouse247.co.uk/collections/champagne/products/taittinger-vintage,/products/taittinger-brut-millesime-champagne
page,champagne-50th-birthday,gid://shopify/Page/93262610588,https://www.drinkshouse247.co.uk/collections/champagne/products/taittinger-vintage,/products/taittinger-brut-millesime-champagne
page,champagne-and-chocolate-flowers-the-perfect-valentines-day-gift-london-2026,gid://shopify/Page/703122506103,/pages/valentines-day-alcohol-delivery-london-uk-2026,/pages/valentines-day-alcohol-delivery-london-uk-2026-romantic-gifts-party-drinks-house-247
page,champagne-and-glasses-gift-sets-the-ultimate-gift-from-drinks-house-247,gid://shopify/Page/94216913052,https://drinkshouse247.co.uk/collections/champagne/products/dom-perignon-champagne,/products/dom-perignon-champagne-2013
page,champagne-and-glasses-gift-sets-the-ultimate-gift-from-drinks-house-247,gid://shopify/Page/94216913052,https://drinkshouse247.co.uk/collections/champagne/products/dom-perignon-champagne,/products/dom-perignon-champagne-2013
page,champagne-and-glasses-gift-sets-the-ultimate-gift-from-drinks-house-247,gid://shopify/Page/94216913052,https://drinkshouse247.co.uk/pages/unveil-the-elegance-with-bollinger-champagne-gifts,/pages/bollinger-champagne-gifts
page,champagne-bottle-size-guide-exclusive-selections-from-drinks-house-247,gid://shopify/Page/99958194332,https://www.drinkshouse247.co.uk/collections/champagne-balthazar-12l,/collections/champagne-magnum-1-5l
page,champagne-bottle-size-guide-exclusive-selections-from-drinks-house-247,gid://shopify/Page/99958194332,https://www.drinkshouse247.co.uk/collections/champagne-nebuchadnezzar-15l,/collections/champagne-magnum-1-5l
page,champagne-cases-an-effervescent-journey-of-taste,gid://shopify/Page/93947887772,https://www.drinkshouse247.co.uk/collections/champagne/products/bollinger-special-cuvee-champagne-75cl,/products/bollinger-special-cuvee-brut-champagne-75cl
page,champagne-cases-an-effervescent-journey-of-taste,gid://shopify/Page/93947887772,https://www.drinkshouse247.co.uk/collections/champagne/products/dom-perignon-champagne,/products/dom-perignon-champagne-2013
page,champagne-delivery,gid://shopify/Page/88859345052,https://www.drinkshouse247.co.uk/collections/champagne/products/Bollinger,/products/bollinger-special-cuvee-brut-champagne-75cl
page,champagne-delivery-to-me-same-day,gid://shopify/Page/88897945756,https://www.drinkshouse247.co.uk/collections/champagne/products/dom-perignon-champagne,/products/dom-perignon-champagne-2013
page,champagne-delivery-to-me-same-day,gid://shopify/Page/88897945756,https://www.drinkshouse247.co.uk/collections/champagne/products/dom-perignon-champagne,/products/dom-perignon-champagne-2013
page,champagne-delivery-to-me-same-day,gid://shopify/Page/88897945756,https://www.drinkshouse247.co.uk/pages/online-champagne-delivery,/collections/champagne
page,champagne-for-engagement-gift-a-toast-to-celebrate-love,gid://shopify/Page/94238277788,https://drinkshouse247.co.uk/collections/champagne/products/dom-perignon-champagne,/products/dom-perignon-champagne-2013
page,champagne-for-engagement-gift-a-toast-to-celebrate-love,gid://shopify/Page/94238277788,https://drinkshouse247.co.uk/pages/champagne-gift-delivered,/pages/send-a-gift-of-champagne
page,champagne-gift-basket-ideas,gid://shopify/Page/100196286620,https://www.drinkshouse247.co.uk/collections/moet-et-chandon-champagne,/collections/moet-chandon-champagne
page,champagne-gift-delivery-same-day-london-next-day-uk-drinks-house-247,gid://shopify/Page/701486891383,https://drinkshouse247.co.uk/pages/delivery-info,/policies/shipping-policy
page,champagne-gift-next-day-delivery,gid://shopify/Page/94680481948,https://drinkshouse247.co.uk/pages/champagne-gift-delivered,/pages/send-a-gift-of-champagne
page,champagne-gift-next-day-delivery,gid://shopify/Page/94680481948,https://drinkshouse247.co.uk/products/dom-perignon-champagne,/products/dom-perignon-champagne-2013
page,champagne-gifts-birthday,gid://shopify/Page/93245866140,https://www.drinkshouse247.co.uk/collections/champagne/products/dom-perignon-champagne,/products/dom-perignon-champagne-2013
page,champagne-gifts-birthday,gid://shopify/Page/93245866140,https://www.drinkshouse247.co.uk/collections/champagne/products/dom-perignon-champagne,/products/dom-perignon-champagne-2013
page,champagne-gifts-delivered,gid://shopify/Page/89881903260,https://www.drinkshouse247.co.uk/collections/champagne/products/bollinger-special-cuvee,/products/bollinger-special-cuvee-brut-champagne-75cl
page,champagne-gifts-delivered,gid://shopify/Page/89881903260,https://www.drinkshouse247.co.uk/collections/champagne/products/louis-roederer-cristal,/products/louis-roederer-cristal-champagne
page,champagne-gifts-delivered,gid://shopify/Page/89881903260,https://www.drinkshouse247.co.uk/collections/champagne/products/louis-roederer-cristal,/products/louis-roederer-cristal-champagne
page,champagne-gifts-delivered,gid://shopify/Page/89881903260,https://www.drinkshouse247.co.uk/collections/champagne/products/taittinger-prestige-rose,/products/taittinger-prestige-rose-champagne
page,champagne-pairing-guide-best-food-matches-uk-drinks-house-247,gid://shopify/Page/701545218423,https://drinkshouse247.co.uk/pages/delivery-info,/policies/shipping-policy
page,champagne-shop-near-me,gid://shopify/Page/89182470300,https://www.drinkshouse247.co.uk/collections/champagne/products/taittinger-vintage,/products/taittinger-brut-millesime-champagne
page,champagne-shop-near-me,gid://shopify/Page/89182470300,https://www.drinkshouse247.co.uk/collections/champagne/products/taittinger-vintage,/products/taittinger-brut-millesime-champagne
page,champagne-types,gid://shopify/Page/93261627548,https://www.drinkshouse247.co.uk/collections/champagne/products/veuve-clicquot-vintage-champagne-2012,/products/veuve-clicquot-vintage-champagne-2015
page,christmas-alcohol-gifts-delivery-festive-hampers-champagne-drinks-house-247,gid://shopify/Page/701517955447,https://drinkshouse247.co.uk/pages/delivery-info,/policies/shipping-policy
page,corporate-alcohol-gift-delivery-bulk-luxury-uk-drinks-house-247,gid://shopify/Page/701487055223,https://drinkshouse247.co.uk/pages/delivery-info,/policies/shipping-policy
page,cost-of-veuve-clicquot,gid://shopify/Page/93481631900,https://www.drinkshouse247.co.uk/collections/champagne/products/veuve-clicquot-vintage-champagne-2012,/products/veuve-clicquot-vintage-champagne-2015
page,cost-of-veuve-clicquot,gid://shopify/Page/93481631900,https://www.drinkshouse247.co.uk/collections/champagne/products/veuve-clicquot-vintage-champagne-2012,/products/veuve-clicquot-vintage-champagne-2015
page,delivery-and-gift-services-drinks-house-247,gid://shopify/Page/93686497436,https://www.drinkshouse247.co.uk/collections/champagne/products/dom-perignon-champagne,/products/dom-perignon-champagne-2013
page,delivery-and-gift-services-drinks-house-247,gid://shopify/Page/93686497436,https://www.drinkshouse247.co.uk/collections/champagne/products/dom-perignon-champagne,/products/dom-perignon-champagne-2013
page,delivery-and-gift-services-drinks-house-247,gid://shopify/Page/93686497436,https://www.drinkshouse247.co.uk/pages/champagne-gift-delivered,/pages/send-a-gift-of-champagne
page,delivery-anniversary-gifts-a-unique-way-to-celebrate,gid://shopify/Page/93843456156,https://drinkshouse247.co.uk/pages/champagne-gift-delivered,/pages/send-a-gift-of-champagne
page,dom-perignon-champagne,gid://shopify/Page/93758062748,https://drinkshouse247.co.uk/collections/champagne/products/dom-perignon-champagne,/products/dom-perignon-champagne-2013
page,dom-perignon-champagne,gid://shopify/Page/93758062748,https://drinkshouse247.co.uk/collections/champagne/products/dom-perignon-champagne,/products/dom-perignon-champagne-2013
page,dom-perignon-champagne,gid://shopify/Page/93758062748,https://drinkshouse247.co.uk/collections/champagne/products/dom-perignon-champagne,/products/dom-perignon-champagne-2013
page,dom-perignon-champagne,gid://shopify/Page/93758062748,https://drinkshouse247.co.uk/collections/champagne/products/dom-perignon-champagne,/products/dom-perignon-champagne-2013
page,dom-perignon-champagne,gid://shopify/Page/93758062748,https://drinkshouse247.co.uk/pages/champagne-gift-delivered,/pages/send-a-gift-of-champagne
page,dom-perignon-champagne,gid://shopify/Page/93758062748,https://www.drinkshouse247.co.uk/collections/champagne/products/dom-perignon-champagne,/products/dom-perignon-champagne-2013
page,dom-perignon-champagne,gid://shopify/Page/93758062748,https://www.drinkshouse247.co.uk/collections/champagne/products/dom-perignon-champagne,/products/dom-perignon-champagne-2013
page,dom-perignon-champagne,gid://shopify/Page/93758062748,https://www.drinkshouse247.co.uk/collections/champagne/products/dom-perignon-champagne,/products/dom-perignon-champagne-2013
page,dom-perignon-gift-set-the-ultimate-luxury-in-champagne,gid://shopify/Page/93932945564,https://www.drinkshouse247.co.uk/collections/champagne/products/dom-perignon-champagne,/products/dom-perignon-champagne-2013
page,dry-january-alcohol-free-delivery-no-low-alcohol-uk-drinks-house-247,gid://shopify/Page/701544890743,https://drinkshouse247.co.uk/pages/delivery-info,/policies/shipping-policy
page,easter-alcohol-gifts-delivery-wine-champagne-prosecco-uk-drinks-house-247,gid://shopify/Page/701524967799,https://drinkshouse247.co.uk/pages/delivery-info,/policies/shipping-policy
page,effortless-same-day-champagne-delivery-in-london-and-next-day-across-the-uk,gid://shopify/Page/691784286583,https://www.drinkshouse247.co.uk/collections/champagne/products/bollinger-special-cuvee,/products/bollinger-special-cuvee-brut-champagne-75cl
page,effortless-same-day-champagne-delivery-in-london-and-next-day-across-the-uk,gid://shopify/Page/691784286583,https://www.drinkshouse247.co.uk/collections/champagne/products/bollinger-special-cuvee,/products/bollinger-special-cuvee-brut-champagne-75cl
page,effortless-same-day-champagne-delivery-in-london-and-next-day-across-the-uk,gid://shopify/Page/691784286583,https://www.drinkshouse247.co.uk/collections/champagne/products/louis-roederer-cristal,/products/louis-roederer-cristal-champagne
page,effortless-same-day-champagne-delivery-in-london-and-next-day-across-the-uk,gid://shopify/Page/691784286583,https://www.drinkshouse247.co.uk/collections/champagne/products/louis-roederer-cristal,/products/louis-roederer-cristal-champagne
page,effortless-same-day-champagne-delivery-in-london-and-next-day-across-the-uk,gid://shopify/Page/691784286583,https://www.drinkshouse247.co.uk/collections/champagne/products/taittinger-vintage,/products/taittinger-brut-millesime-champagne
page,effortless-same-day-champagne-delivery-in-london-and-next-day-across-the-uk,gid://shopify/Page/691784286583,https://www.drinkshouse247.co.uk/collections/champagne/products/taittinger-vintage,/products/taittinger-brut-millesime-champagne
page,embrace-luxury-with-bollinger-champagne,gid://shopify/Page/93842473116,https://www.drinkshouse247.co.uk/collections/champagne/products/bollinger-special-cuvee-champagne-75cl,/products/bollinger-special-cuvee-brut-champagne-75cl
page,embrace-luxury-with-bollinger-champagne,gid://shopify/Page/93842473116,https://www.drinkshouse247.co.uk/collections/champagne/products/bollinger-special-cuvee-champagne-75cl,/products/bollinger-special-cuvee-brut-champagne-75cl
page,embrace-luxury-with-bollinger-champagne,gid://shopify/Page/93842473116,https://www.drinkshouse247.co.uk/collections/champagne/products/bollinger-special-cuvee-champagne-75cl,/products/bollinger-special-cuvee-brut-champagne-75cl
page,engagement-flowers-limited-edition-by-drinks-house-247,gid://shopify/Page/94732484764,https://drinkshouse247.co.uk/pages/online-champagne-delivery,/collections/champagne
page,engagement-gifts-that-speak-volumes,gid://shopify/Page/94738710684,https://www.drinkshouse247.co.uk/pages/online-champagne-delivery,/collections/champagne
page,engagement-gifts-that-speak-volumes,gid://shopify/Page/94738710684,https://www.drinkshouse247.co.uk/pages/online-champagne-delivery,/collections/champagne
page,engagement-gifts-that-speak-volumes,gid://shopify/Page/94738710684,https://www.drinkshouse247.co.uk/pages/online-champagne-delivery,/collections/champagne
page,engagement-party-alcohol-delivery-champagne-prosecco-uk-drinks-house-247,gid://shopify/Page/701525590391,https://drinkshouse247.co.uk/pages/delivery-info,/policies/shipping-policy
page,experience-next-day-champagne-delivery-like-never-before,gid://shopify/Page/697852854647,https://www.drinkshouse247.co.uk/collections/champagne/products/dom-perignon-champagne,/products/dom-perignon-champagne-2013
page,experience-next-day-champagne-delivery-like-never-before,gid://shopify/Page/697852854647,https://www.drinkshouse247.co.uk/collections/champagne/products/dom-perignon-champagne,/products/dom-perignon-champagne-2013
page,experience-next-day-champagne-delivery-like-never-before,gid://shopify/Page/697852854647,https://www.drinkshouse247.co.uk/collections/champagne/products/moet-chandon-imperial-champagne,/products/moet-chandon-champagne
page,experience-next-day-champagne-delivery-like-never-before,gid://shopify/Page/697852854647,https://www.drinkshouse247.co.uk/collections/champagne/products/moet-chandon-imperial-champagne,/products/moet-chandon-champagne
page,experience-the-joy-of-giving-with-champagne-gift-next-day-delivery,gid://shopify/Page/94680416412,https://www.drinkshouse247.co.uk/collections/moet-et-chandon-champagne,/collections/moet-chandon-champagne
page,experience-the-joy-of-giving-with-champagne-gift-next-day-delivery,gid://shopify/Page/94680416412,https://www.drinkshouse247.co.uk/collections/moet-et-chandon-champagne,/collections/moet-chandon-champagne
page,food-pairing-veuve-clicquot,gid://shopify/Page/93482025116,https://www.drinkshouse247.co.uk/collections/champagne/products/veuve-clicquot-vintage-champagne-2012,/products/veuve-clicquot-vintage-champagne-2015
page,food-pairing-veuve-clicquot,gid://shopify/Page/93482025116,https://www.drinkshouse247.co.uk/collections/champagne/products/veuve-clicquot-vintage-champagne-2012,/products/veuve-clicquot-vintage-champagne-2015
page,gift-congratulations-elevate-the-joy-of-special-moments,gid://shopify/Page/94732451996,https://drinkshouse247.co.uk/collections/Champagne,/collections/champagne
page,gift-congratulations-elevate-the-joy-of-special-moments,gid://shopify/Page/94732451996,https://drinkshouse247.co.uk/pages/online-champagne-delivery,/collections/champagne
page,gift-congratulations-elevate-the-joy-of-special-moments,gid://shopify/Page/94732451996,https://drinkshouse247.co.uk/pages/online-champagne-delivery,/collections/champagne
page,gifting-champagne-the-ultimate-guide-for-special-occasions,gid://shopify/Page/93843390620,https://www.drinkshouse247.co.uk/collections/champagne/products/dom-perignon-champagne,/products/dom-perignon-champagne-2013
page,gifting-champagne-the-ultimate-guide-for-special-occasions,gid://shopify/Page/93843390620,https://www.drinkshouse247.co.uk/collections/champagne/products/dom-perignon-champagne,/products/dom-perignon-champagne-2013
page,gifting-champagne-the-ultimate-guide-for-special-occasions,gid://shopify/Page/93843390620,https://www.drinkshouse247.co.uk/collections/champagne/products/dom-perignon-champagne,/products/dom-perignon-champagne-2013
page,gifting-champagne-the-ultimate-guide-for-special-occasions,gid://shopify/Page/93843390620,https://www.drinkshouse247.co.uk/collections/champagne/products/dom-perignon-champagne,/products/dom-perignon-champagne-2013
page,gifting-champagne-the-ultimate-guide-for-special-occasions,gid://shopify/Page/93843390620,https://www.drinkshouse247.co.uk/collections/champagne/products/dom-perignon-champagne,/products/dom-perignon-champagne-2013
page,hen-party-alcohol-delivery-prosecco-champagne-cocktails-london-drinks-house-247,gid://shopify/Page/701523165559,https://drinkshouse247.co.uk/pages/delivery-info,/policies/shipping-policy
page,how-to-build-the-perfect-home-bar-on-a-budget-beginner-to-intermediate-guide,gid://shopify/Page/701816799607,https://drinkshouse247.co.uk/pages/delivery-info,/policies/shipping-policy
page,html-sitemap,gid://shopify/Page/87717839004,/pages/challenge-21,/pages/challenge-25
page,last-minute-alcohol-gift-delivery-30-90-min-in-london-drinks-house-247,gid://shopify/Page/701486924151,https://drinkshouse247.co.uk/pages/delivery-info,/policies/shipping-policy
page,last-minute-champagne-wine-gifts-same-day-london-delivery-drinks-house-247,gid://shopify/Page/701486793079,https://drinkshouse247.co.uk/pages/delivery-info,/policies/shipping-policy
page,late-night-alcohol-delivery,gid://shopify/Page/89541181596,https://www.drinkshouse247.co.uk/collections/beers-1,/collections/beers
page,late-night-alcohol-delivery,gid://shopify/Page/89541181596,https://www.drinkshouse247.co.uk/collections/beers-1,/collections/beers
page,late-night-wine-delivery-near-me,gid://shopify/Page/89642401948,https://www.drinkshouse247.co.uk/collections/pre-mixed-cases,/collections/wine-box-6-bottles
page,late-night-wine-delivery-near-me,gid://shopify/Page/89642401948,https://www.drinkshouse247.co.uk/collections/pre-mixed-cases,/collections/wine-box-6-bottles
page,late-night-wine-delivery-near-me,gid://shopify/Page/89642401948,https://www.drinkshouse247.co.uk/collections/pre-mixed-cases,/collections/wine-box-6-bottles
page,limited-cazcanes-no-7-tequila-cases-caviar-gift-set-drinks-house-247,gid://shopify/Page/701486629239,https://drinkshouse247.co.uk/pages/delivery-info,/policies/shipping-policy
page,limited-last-cases-cazcanes-no-7-tequila-blanco-reposado-anejo-drinks-house-247,gid://shopify/Page/701486727543,https://drinkshouse247.co.uk/pages/delivery-info,/policies/shipping-policy
page,low-alcohol-and-alcohol-free-delivery-uk-london-drinks-house-247,gid://shopify/Page/701523984759,https://drinkshouse247.co.uk/pages/delivery-info,/policies/shipping-policy
page,mother-s-day-alcohol-gifts-champagne-wine-uk-drinks-house-247,gid://shopify/Page/701537681783,https://drinkshouse247.co.uk/pages/delivery-info,/policies/shipping-policy
page,next-day-veuve-clicquot-champagne,gid://shopify/Page/93481566364,https://www.drinkshouse247.co.uk/collections/champagne/products/veuve-clicquot-vintage-champagne-2012,/products/veuve-clicquot-vintage-champagne-2015
page,next-day-veuve-clicquot-champagne,gid://shopify/Page/93481566364,https://www.drinkshouse247.co.uk/collections/champagne/products/veuve-clicquot-vintage-champagne-2012,/products/veuve-clicquot-vintage-champagne-2015
page,next-day-veuve-clicquot-champagne,gid://shopify/Page/93481566364,https://www.drinkshouse247.co.uk/pages/online-champagne-delivery,/collections/champagne
page,off-license-near-me-london,gid://shopify/Page/88837685404,https://drinkshouse247.co.uk/pages/champagne-gift-delivered,/pages/send-a-gift-of-champagne
page,office-party-alcohol-delivery-uk-bulk-corporate-uk-drinks-house-247,gid://shopify/Page/701523001719,https://drinkshouse247.co.uk/pages/delivery-info,/policies/shipping-policy
page,organic-and-natural-wine-delivery-uk-london-drinks-house-247,gid://shopify/Page/701524443511,https://drinkshouse247.co.uk/pages/delivery-info,/policies/shipping-policy
page,perfect-alcohol-gift-set,gid://shopify/Page/93257859228,https://www.drinkshouse247.co.uk/pages/champagne-gift-delivered,/pages/send-a-gift-of-champagne
page,perfect-champagne-gift,gid://shopify/Page/93257826460,https://www.drinkshouse247.co.uk/collections/champagne/products/veuve-clicquot-vintage-champagne-2012,/products/veuve-clicquot-vintage-champagne-2015
page,perfect-champagne-gift,gid://shopify/Page/93257826460,https://www.drinkshouse247.co.uk/collections/champagne/products/veuve-clicquot-vintage-champagne-2012,/products/veuve-clicquot-vintage-champagne-2015
page,personalised-moet-champagne-2026-gift-guide,gid://shopify/Page/702788501879,/pages/champagne-delivery-london,/collections/champagne
page,piper-heidsieck-cuvee-brut-a-symphony-of-taste,gid://shopify/Page/93842997404,https://www.drinkshouse247.co.uk/collections/champagne/products/piper-heidsieck-champagne,/products/piper-heidsieck-brut-champagne-gift-set
page,piper-heidsieck-cuvee-brut-a-symphony-of-taste,gid://shopify/Page/93842997404,https://www.drinkshouse247.co.uk/collections/champagne/products/piper-heidsieck-champagne,/products/piper-heidsieck-brut-champagne-gift-set
page,piper-heidsieck-cuvee-brut-a-symphony-of-taste,gid://shopify/Page/93842997404,https://www.drinkshouse247.co.uk/collections/champagne/products/piper-heidsieck-champagne,/products/piper-heidsieck-brut-champagne-gift-set
page,piper-heidsieck-cuvee-brut-a-symphony-of-taste,gid://shopify/Page/93842997404,https://www.drinkshouse247.co.uk/collections/champagne/products/piper-heidsieck-champagne,/products/piper-heidsieck-brut-champagne-gift-set
page,piper-heidsieck-cuvee-brut-a-symphony-of-taste,gid://shopify/Page/93842997404,https://www.drinkshouse247.co.uk/collections/champagne/products/piper-heidsieck-champagne,/products/piper-heidsieck-brut-champagne-gift-set
page,piper-heidsieck-cuvee-brut-a-symphony-of-taste,gid://shopify/Page/93842997404,https://www.drinkshouse247.co.uk/collections/champagne/products/piper-heidsieck-champagne,/products/piper-heidsieck-brut-champagne-gift-set
page,premium-whiskey-cigar-gift-sets-london-the-ultimate-luxury-gifting-guide,gid://shopify/Page/704368410999,/pages/challenge-21,/pages/challenge-25
page,prosecco-as-a-gift-make-celebrations-sparkle,gid://shopify/Page/93907419292,https://www.drinkshouse247.co.uk/collections/champagne/products/dom-perignon-champagne,/products/dom-perignon-champagne-2013
page,prosecco-as-a-gift-make-celebrations-sparkle,gid://shopify/Page/93907419292,https://www.drinkshouse247.co.uk/pages/champagne-gift-delivered,/pages/send-a-gift-of-champagne
page,red-wine-delivery,gid://shopify/Page/88689442972,https://drinkshouse247.co.uk/pages/champagne-gift-delivered,/pages/send-a-gift-of-champagne
page,red-wine-delivery,gid://shopify/Page/88689442972,https://drinkshouse247.co.uk/pages/champagne-gift-delivered,/pages/send-a-gift-of-champagne
page,red-wine-delivery,gid://shopify/Page/88689442972,https://drinkshouse247.co.uk/pages/online-champagne-delivery,/collections/champagne
page,retirement-celebration-alcohol-delivery-whisky-wine-champagne-uk-drinks-house-247,gid://shopify/Page/701525262711,https://drinkshouse247.co.uk/pages/delivery-info,/policies/shipping-policy
page,same-day-alcohol-gifts-delivery-london-events-parties-drinks-house-247,gid://shopify/Page/701554688375,https://drinkshouse247.co.uk/pages/delivery-info,/policies/shipping-policy
page,same-day-champagne-delivery-london,gid://shopify/Page/93489889436,https://drinkshouse247.co.uk/pages/champagne-gift-delivered,/pages/send-a-gift-of-champagne
page,same-day-champagne-delivery-london,gid://shopify/Page/93489889436,https://drinkshouse247.co.uk/products/bollinger,/products/bollinger-special-cuvee-brut-champagne-75cl
page,same-day-champagne-delivery-london,gid://shopify/Page/93489889436,https://drinkshouse247.co.uk/products/dom-perignon-champagne,/products/dom-perignon-champagne-2013
page,same-day-champagne-delivery-london,gid://shopify/Page/93489889436,https://drinkshouse247.co.uk/products/taittinger-vintage,/products/taittinger-brut-millesime-champagne
page,same-day-wine-delivery-the-perfect-gift-for-any-occasion,gid://shopify/Page/94726193308,https://drinkshouse247.co.uk/pages/online-champagne-delivery,/collections/champagne
page,send-a-bottle-of-champagne-as-a-gift,gid://shopify/Page/89838944412,https://www.drinkshouse247.co.uk/collections/champagne/products/dom-perignon-champagne,/products/dom-perignon-champagne-2013
page,send-a-bottle-of-champagne-as-a-gift,gid://shopify/Page/89838944412,https://www.drinkshouse247.co.uk/collections/champagne/products/taittinger-vintage,/products/taittinger-brut-millesime-champagne
page,send-a-bottle-of-champagne-as-a-gift,gid://shopify/Page/89838944412,https://www.drinkshouse247.co.uk/collections/champagne/products/taittinger-vintage,/products/taittinger-brut-millesime-champagne
page,send-a-bottle-of-champagne-as-a-gift,gid://shopify/Page/89838944412,https://www.drinkshouse247.co.uk/collections/champagne/products/veuve-clicquot-vintage-champagne-2012,/products/veuve-clicquot-vintage-champagne-2015
page,send-a-champagne-gift,gid://shopify/Page/89372197020,https://drinkshouse247.co.uk/pages/champagne-sent-as-a-gift,/pages/send-a-gift-of-champagne
page,send-a-champagne-gift,gid://shopify/Page/89372197020,https://drinkshouse247.co.uk/pages/happy-birthday-champagne,/pages/champagne-gifts-birthday
page,send-a-champagne-gift,gid://shopify/Page/89372197020,https://drinkshouse247.co.uk/products/bollinger,/products/bollinger-special-cuvee-brut-champagne-75cl
page,send-a-champagne-gift,gid://shopify/Page/89372197020,https://drinkshouse247.co.uk/products/dom-perignon-champagne,/products/dom-perignon-champagne-2013
page,send-a-champagne-gift,gid://shopify/Page/89372197020,https://drinkshouse247.co.uk/products/veuve-clicquot-vintage-champagne-2012,/products/veuve-clicquot-vintage-champagne-2015
page,send-a-gift-of-champagne,gid://shopify/Page/89838518428,https://www.drinkshouse247.co.uk/collections/champagne/products/dom-perignon-champagne,/products/dom-perignon-champagne-2013
page,send-a-gift-of-champagne,gid://shopify/Page/89838518428,https://www.drinkshouse247.co.uk/collections/champagne/products/dom-perignon-champagne,/products/dom-perignon-champagne-2013
page,send-a-gift-of-champagne,gid://shopify/Page/89838518428,https://www.drinkshouse247.co.uk/collections/champagne/products/moet-chandon-imperial-champagne,/products/moet-chandon-champagne
page,send-a-gift-of-champagne,gid://shopify/Page/89838518428,https://www.drinkshouse247.co.uk/collections/champagne/products/moet-chandon-imperial-champagne,/products/moet-chandon-champagne
page,send-a-gift-of-champagne-with-drinks-house-247,gid://shopify/Page/94727897244,https://drinkshouse247.co.uk/pages/champagne-sent-as-a-gift,/pages/send-a-gift-of-champagne
page,send-a-gift-of-champagne-with-drinks-house-247,gid://shopify/Page/94727897244,https://drinkshouse247.co.uk/pages/online-champagne-delivery,/collections/champagne
page,send-gift-uk,gid://shopify/Page/89218384028,https://www.drinkshouse247.co.uk/collections/alcohol-gift-sets/products/veuve-clicquot-vintage-champagne-2012,/products/veuve-clicquot-vintage-champagne-2015
page,sending-champagne-as-a-gift-uk,gid://shopify/Page/89937412252,https://www.drinkshouse247.co.uk/collections/champagne/products/louis-roederer-cristal,/products/louis-roederer-cristal-champagne
page,sending-champagne-as-a-gift-uk,gid://shopify/Page/89937412252,https://www.drinkshouse247.co.uk/collections/champagne/products/louis-roederer-cristal,/products/louis-roederer-cristal-champagne
page,sending-champagne-as-a-gift-uk,gid://shopify/Page/89937412252,https://www.drinkshouse247.co.uk/pages/champagne-sent-as-a-gift,/pages/send-a-gift-of-champagne
page,sending-champagne-as-gift,gid://shopify/Page/89882001564,https://www.drinkshouse247.co.uk/collections/champagne/products/dom-perignon-champagne,/products/dom-perignon-champagne-2013
page,sending-champagne-as-gift,gid://shopify/Page/89882001564,https://www.drinkshouse247.co.uk/collections/champagne/products/dom-perignon-champagne,/products/dom-perignon-champagne-2013
page,sending-champagne-as-gift,gid://shopify/Page/89882001564,https://www.drinkshouse247.co.uk/collections/champagne/products/dom-perignon-champagne,/products/dom-perignon-champagne-2013
page,sending-champagne-as-gift,gid://shopify/Page/89882001564,https://www.drinkshouse247.co.uk/collections/champagne/products/moet-chandon-imperial-champagne,/products/moet-chandon-champagne
page,sending-champagne-as-gift,gid://shopify/Page/89882001564,https://www.drinkshouse247.co.uk/collections/champagne/products/moet-chandon-imperial-champagne,/products/moet-chandon-champagne
page,sending-wine-as-a-gift-a-delightful-experience,gid://shopify/Page/94726258844,https://www.drinkshouse247.co.uk/collections/champagne/products/dom-perignon-champagne,/products/dom-perignon-champagne-2013
page,spirit-gift-sets-delivery-whisky-gin-tequila-more-drinks-house-247,gid://shopify/Page/701516120439,https://drinkshouse247.co.uk/pages/delivery-info,/policies/shipping-policy
page,summer-bbq-alcohol-delivery-beer-rose-cider-uk-drinks-house-247,gid://shopify/Page/701522936183,https://drinkshouse247.co.uk/pages/delivery-info,/policies/shipping-policy
page,surprise-someone-with-veuve-clicquot,gid://shopify/Page/93482123420,https://drinkshouse247.co.uk/pages/champagne-gift-delivered,/pages/send-a-gift-of-champagne
page,surprise-someone-with-veuve-clicquot,gid://shopify/Page/93482123420,https://drinkshouse247.co.uk/products/veuve-clicquot-vintage-champagne-2012,/products/veuve-clicquot-vintage-champagne-2015
page,surprise-someone-with-veuve-clicquot,gid://shopify/Page/93482123420,https://drinkshouse247.co.uk/products/veuve-clicquot-vintage-champagne-2012,/products/veuve-clicquot-vintage-champagne-2015
page,thank-you-wine-gift-a-perfect-expression-of-gratitude,gid://shopify/Page/93825368220,https://www.drinkshouse247.co.uk/pages/champagne-gift-delivered,/pages/send-a-gift-of-champagne
page,the-gift-of-wine-a-timeless-expression-of-appreciation,gid://shopify/Page/94829904028,https://www.drinkshouse247.co.uk/collections/moet-et-chandon-champagne,/collections/moet-chandon-champagne
page,the-ultimate-guide-to-selecting-gifts-for-wine-lovers,gid://shopify/Page/94372069532,https://www.drinkshouse247.co.uk/collections/champagne/products/dom-perignon-champagne,/products/dom-perignon-champagne-2013
page,the-ultimate-guide-to-selecting-gifts-for-wine-lovers,gid://shopify/Page/94372069532,https://www.drinkshouse247.co.uk/collections/champagne/products/dom-perignon-champagne,/products/dom-perignon-champagne-2013
page,timely-dom-perignon-champagne-gift-delivery-for-any-event,gid://shopify/Page/691652526455,https://www.drinkshouse247.co.uk/collections/champagne/products/dom-perignon-champagne,/products/dom-perignon-champagne-2013
page,timely-dom-perignon-champagne-gift-delivery-for-any-event,gid://shopify/Page/691652526455,https://www.drinkshouse247.co.uk/collections/champagne/products/dom-perignon-champagne,/products/dom-perignon-champagne-2013
page,timely-dom-perignon-champagne-gift-delivery-for-any-event,gid://shopify/Page/691652526455,https://www.drinkshouse247.co.uk/collections/champagne/products/dom-perignon-champagne,/products/dom-perignon-champagne-2013
page,timely-dom-perignon-champagne-gift-delivery-for-any-event,gid://shopify/Page/691652526455,https://www.drinkshouse247.co.uk/collections/champagne/products/dom-perignon-champagne,/products/dom-perignon-champagne-2013
page,timely-dom-perignon-champagne-gift-delivery-for-any-event,gid://shopify/Page/691652526455,https://www.drinkshouse247.co.uk/collections/champagne/products/dom-perignon-champagne,/products/dom-perignon-champagne-2013
page,timely-dom-perignon-champagne-gift-delivery-for-any-event,gid://shopify/Page/691652526455,https://www.drinkshouse247.co.uk/collections/champagne/products/dom-perignon-champagne,/products/dom-perignon-champagne-2013
page,timely-dom-perignon-champagne-gift-delivery-for-any-event,gid://shopify/Page/691652526455,https://www.drinkshouse247.co.uk/collections/champagne/products/dom-perignon-champagne,/products/dom-perignon-champagne-2013
page,timely-dom-perignon-champagne-gift-delivery-for-any-event,gid://shopify/Page/691652526455,https://www.drinkshouse247.co.uk/collections/champagne/products/dom-perignon-champagne,/products/dom-perignon-champagne-2013
page,timely-dom-perignon-champagne-gift-delivery-for-any-event,gid://shopify/Page/691652526455,https://www.drinkshouse247.co.uk/collections/champagne/products/dom-perignon-champagne,/products/dom-perignon-champagne-2013
page,timely-dom-perignon-champagne-gift-delivery-for-any-event,gid://shopify/Page/691652526455,https://www.drinkshouse247.co.uk/collections/champagne/products/dom-perignon-champagne,/products/dom-perignon-champagne-2013
page,timely-dom-perignon-champagne-gift-delivery-for-any-event,gid://shopify/Page/691652526455,https://www.drinkshouse247.co.uk/collections/champagne/products/dom-perignon-champagne,/products/dom-perignon-champagne-2013
page,timely-dom-perignon-champagne-gift-delivery-for-any-event,gid://shopify/Page/691652526455,https://www.drinkshouse247.co.uk/collections/champagne/products/dom-perignon-champagne,/products/dom-perignon-champagne-2013
page,timely-dom-perignon-champagne-gift-delivery-for-any-event,gid://shopify/Page/691652526455,https://www.drinkshouse247.co.uk/collections/champagne/products/dom-perignon-champagne,/products/dom-perignon-champagne-2013
page,timely-dom-perignon-champagne-gift-delivery-for-any-event,gid://shopify/Page/691652526455,https://www.drinkshouse247.co.uk/collections/champagne/products/dom-perignon-champagne,/products/dom-perignon-champagne-2013
page,timely-dom-perignon-champagne-gift-delivery-for-any-event,gid://shopify/Page/691652526455,https://www.drinkshouse247.co.uk/collections/champagne/products/dom-perignon-champagne,/products/dom-perignon-champagne-2013
page,timely-dom-perignon-champagne-gift-delivery-for-any-event,gid://shopify/Page/691652526455,https://www.drinkshouse247.co.uk/collections/champagne/products/dom-perignon-champagne,/products/dom-perignon-champagne-2013
page,timely-dom-perignon-champagne-gift-delivery-for-any-event,gid://shopify/Page/691652526455,https://www.drinkshouse247.co.uk/collections/champagne/products/dom-perignon-champagne,/products/dom-perignon-champagne-2013
page,timely-dom-perignon-champagne-gift-delivery-for-any-event,gid://shopify/Page/691652526455,https://www.drinkshouse247.co.uk/collections/champagne/products/dom-perignon-champagne,/products/dom-perignon-champagne-2013
page,uk-champagne-delivery,gid://shopify/Page/88891687068,https://drinkshouse247.co.uk/pages/champagne-gift-delivered,/pages/send-a-gift-of-champagne
page,ultimate-wine-pairing-guide-2026-best-food-matches-expert-tips-drinks-house-247,gid://shopify/Page/701619143031,https://drinkshouse247.co.uk/pages/delivery-info,/policies/shipping-policy
page,understanding-champagne-varieties-your-guide-to-selecting-the-best-bubbles,gid://shopify/Page/99947184284,https://www.drinkshouse247.co.uk/collections/organic-champagne,/collections/certified-organic-wines
page,understanding-champagne-varieties-your-guide-to-selecting-the-best-bubbles,gid://shopify/Page/99947184284,https://www.drinkshouse247.co.uk/collections/organic-champagne,/collections/certified-organic-wines
page,unveiling-the-future-of-libations-the-ultimate-guide-to-ordering-alcohol-online,gid://shopify/Page/94578639004,https://drinkshouse247.co.uk/collections/champagne/products/dom-perignon-champagne,/products/dom-perignon-champagne-2013
page,unveiling-the-future-of-libations-the-ultimate-guide-to-ordering-alcohol-online,gid://shopify/Page/94578639004,https://drinkshouse247.co.uk/pages/exquisite-champagne-gifts,/pages/send-a-gift-of-champagne
page,valentines-day-alcohol-gifts-champagne-romantic-delivery-uk-drinks-house-247,gid://shopify/Page/701527589239,https://drinkshouse247.co.uk/pages/delivery-info,/policies/shipping-policy
page,veuve-clicquot-champagne-gift-guide,gid://shopify/Page/93483466908,https://drinkshouse247.co.uk/pages/champagne-gift-delivered,/pages/send-a-gift-of-champagne
page,veuve-clicquot-champagne-gift-guide,gid://shopify/Page/93483466908,https://drinkshouse247.co.uk/products/veuve-clicquot-vintage-champagne-2012,/products/veuve-clicquot-vintage-champagne-2015
page,veuve-clicquot-champagne-gift-guide,gid://shopify/Page/93483466908,https://drinkshouse247.co.uk/products/veuve-clicquot-vintage-champagne-2012,/products/veuve-clicquot-vintage-champagne-2015
page,veuve-clicquot-champagnes,gid://shopify/Page/93404922012,https://www.drinkshouse247.co.uk/collections/champagne/products/veuve-clicquot-vintage-champagne-2012,/products/veuve-clicquot-vintage-champagne-2015
page,veuve-clicquot-delivered-today,gid://shopify/Page/93481468060,https://www.drinkshouse247.co.uk/collections/champagne/products/veuve-clicquot-vintage-champagne-2012,/products/veuve-clicquot-vintage-champagne-2015
page,veuve-clicquot-delivered-today,gid://shopify/Page/93481468060,https://www.drinkshouse247.co.uk/collections/champagne/products/veuve-clicquot-vintage-champagne-2012,/products/veuve-clicquot-vintage-champagne-2015
page,veuve-clicquot-gift-set,gid://shopify/Page/89937477788,https://www.drinkshouse247.co.uk/collections/champagne/products/veuve-clicquot-vintage-champagne-2012,/products/veuve-clicquot-vintage-champagne-2015
page,veuve-clicquot-gift-set,gid://shopify/Page/89937477788,https://www.drinkshouse247.co.uk/collections/champagne/products/veuve-clicquot-vintage-champagne-2012,/products/veuve-clicquot-vintage-champagne-2015
page,veuve-clicquot-gift-set,gid://shopify/Page/89937477788,https://www.drinkshouse247.co.uk/collections/champagne/products/veuve-clicquot-vintage-champagne-2012,/products/veuve-clicquot-vintage-champagne-2015
page,veuve-clicquot-gift-set-a-perfect-class-apart,gid://shopify/Page/93840507036,https://www.drinkshouse247.co.uk/collections/champagne/products/veuve-clicquot-vintage-champagne-2012,/products/veuve-clicquot-vintage-champagne-2015
page,veuve-clicquot-gift-set-a-perfect-class-apart,gid://shopify/Page/93840507036,https://www.drinkshouse247.co.uk/collections/champagne/products/veuve-clicquot-vintage-champagne-2012,/products/veuve-clicquot-vintage-champagne-2015
page,veuve-clicquot-gifts,gid://shopify/Page/90013270172,https://www.drinkshouse247.co.uk/products/veuve-clicquot-vintage-champagne-2012,/products/veuve-clicquot-vintage-champagne-2015
page,veuve-clicquot-gifts,gid://shopify/Page/90013270172,https://www.drinkshouse247.co.uk/products/veuve-clicquot-vintage-champagne-2012,/products/veuve-clicquot-vintage-champagne-2015
page,veuve-clicquot-on-special-occasions,gid://shopify/Page/93482778780,https://www.drinkshouse247.co.uk/collections/champagne/products/taittinger-vintage,/products/taittinger-brut-millesime-champagne
page,veuve-clicquot-on-special-occasions,gid://shopify/Page/93482778780,https://www.drinkshouse247.co.uk/collections/champagne/products/veuve-clicquot-vintage-champagne-2012,/products/veuve-clicquot-vintage-champagne-2015
page,veuve-clicquot-on-special-occasions,gid://shopify/Page/93482778780,https://www.drinkshouse247.co.uk/collections/champagne/products/veuve-clicquot-vintage-champagne-2012,/products/veuve-clicquot-vintage-champagne-2015
page,veuve-clicquot-on-special-occasions,gid://shopify/Page/93482778780,https://www.drinkshouse247.co.uk/collections/champagne/products/veuve-clicquot-vintage-champagne-2012,/products/veuve-clicquot-vintage-champagne-2015
page,vintage-champagne-an-emotionally-engaging-journey-through-time,gid://shopify/Page/93842407580,https://www.drinkshouse247.co.uk/collections/champagne/products/dom-perignon-champagne,/products/dom-perignon-champagne-2013
page,vintage-champagne-an-emotionally-engaging-journey-through-time,gid://shopify/Page/93842407580,https://www.drinkshouse247.co.uk/collections/champagne/products/veuve-clicquot-vintage-champagne-2012,/products/veuve-clicquot-vintage-champagne-2015
page,vintage-champagne-an-emotionally-engaging-journey-through-time,gid://shopify/Page/93842407580,https://www.drinkshouse247.co.uk/collections/champagne/products/veuve-clicquot-vintage-champagne-2012,/products/veuve-clicquot-vintage-champagne-2015
page,wedding-alcohol-gifts-uk-luxury-delivery-champagne-drinks-house-247,gid://shopify/Page/701487120759,https://drinkshouse247.co.uk/pages/delivery-info,/policies/shipping-policy
page,weekend-alcohol-delivery-uk-saturday-sunday-delivery-london-drinks-house-247,gid://shopify/Page/701522706807,https://drinkshouse247.co.uk/pages/delivery-info,/policies/shipping-policy
page,weekend-alcohol-delivery-uk-saturday-sunday-delivery-london-drinks-house-247,gid://shopify/Page/701522706807,https://drinkshouse247.co.uk/pages/delivery-info,/policies/shipping-policy
page,whisky-tasting-guide-for-beginners-how-to-taste-like-a-pro-drinks-house-247,gid://shopify/Page/701820895607,https://drinkshouse247.co.uk/pages/delivery-info,/policies/shipping-policy
page,wine-as-a-christmas-gift-a-delightful-surprise,gid://shopify/Page/93840638108,https://www.drinkshouse247.co.uk/collections/moet-et-chandon-champagne,/collections/moet-chandon-champagne
page,wine-as-a-christmas-gift-a-delightful-surprise,gid://shopify/Page/93840638108,https://www.drinkshouse247.co.uk/collections/moet-et-chandon-champagne,/collections/moet-chandon-champagne
page,wine-delivery-london,gid://shopify/Page/88907645084,https://www.drinkshouse247.co.uk/collections/champagne/products/pichon-lalande-2020,/products/pichon-lalande-2021
page,wine-delivery-near-me-now,gid://shopify/Page/89684738204,https://www.drinkshouse247.co.uk/collections/pre-mixed-cases,/collections/wine-box-6-bottles
page,wine-delivery-near-me-now,gid://shopify/Page/89684738204,https://www.drinkshouse247.co.uk/collections/pre-mixed-cases,/collections/wine-box-6-bottles
page,wine-gift-delivery-uk-drinks-house-247,gid://shopify/Page/701486367095,https://drinkshouse247.co.uk/pages/champagne-delivery-london-1,/collections/champagne
page,wine-home-delivery,gid://shopify/Page/92158918812,https://www.drinkshouse247.co.uk/collections/pre-mixed-cases,/collections/wine-box-6-bottles
page,wine-home-delivery,gid://shopify/Page/92158918812,https://www.drinkshouse247.co.uk/collections/pre-mixed-cases,/collections/wine-box-6-bottles
page,wine-home-delivery,gid://shopify/Page/92158918812,https://www.drinkshouse247.co.uk/collections/pre-mixed-cases,/collections/wine-box-6-bottles
page,wine-in-gift-boxes-the-perfect-present-for-any-occasion,gid://shopify/Page/94240276636,https://drinkshouse247.co.uk/pages/wine-gift-box-the-perfect-present-for-wine-lover%20,/pages/wine-gift-box-the-perfect-present-for-wine-lover
page,wine-pairing-guide-best-food-matches-uk-drinks-house-247,gid://shopify/Page/701545283959,https://drinkshouse247.co.uk/pages/delivery-info,/policies/shipping-policy
page,wine-wedding-gift-an-elegant-touch-to-celebrate-the-special-day,gid://shopify/Page/94829838492,https://www.drinkshouse247.co.uk/collections/champagne/products/dom-perignon-champagne,/products/dom-perignon-champagne-2013
product,15468687622519,gid://shopify/Product/15468687622519,https://drinkshouse247.co.uk/collections/gifts,/collections/alcohol-gift-sets
product,15536911614327,gid://shopify/Product/15536911614327,https://www.drinkshouse247.co.uk/products/charbonnel-et-walker-union-jack-milk-and-dark-chocolate-truffle-205g,/products/charbonnel-et-walker-union-jack-milk-and-dark-chocolate-truffle-selection-205g
product,15536913023351,gid://shopify/Product/15536913023351,https://www.drinkshouse247.co.uk/products/charbonnel-et-walker-union-jack-milk-and-dark-chocolate-truffle-205g,/products/charbonnel-et-walker-union-jack-milk-and-dark-chocolate-truffle-selection-205g
product,15536914530679,gid://shopify/Product/15536914530679,https://www.drinkshouse247.co.uk/products/charbonnel-et-walker-union-jack-milk-and-dark-chocolate-truffle-205g,/products/charbonnel-et-walker-union-jack-milk-and-dark-chocolate-truffle-selection-205g
product,15536965517687,gid://shopify/Product/15536965517687,https://www.drinkshouse247.co.uk/products/charbonnel-et-walker-union-jack-milk-and-dark-chocolate-truffle-205g,/products/charbonnel-et-walker-union-jack-milk-and-dark-chocolate-truffle-selection-205g
product,15536969449847,gid://shopify/Product/15536969449847,https://www.drinkshouse247.co.uk/products/charbonnel-et-walker-union-jack-milk-and-dark-chocolate-truffle-205g,/products/charbonnel-et-walker-union-jack-milk-and-dark-chocolate-truffle-selection-205g
product,15536976462199,gid://shopify/Product/15536976462199,https://www.drinkshouse247.co.uk/products/charbonnel-et-walker-union-jack-milk-and-dark-chocolate-truffle-205g,/products/charbonnel-et-walker-union-jack-milk-and-dark-chocolate-truffle-selection-205g
product,15540892434807,gid://shopify/Product/15540892434807,https://www.drinkshouse247.co.uk/products/charbonnel-et-walker-union-jack-milk-and-dark-chocolate-truffle-205g,/products/charbonnel-et-walker-union-jack-milk-and-dark-chocolate-truffle-selection-205g
product,15540893647223,gid://shopify/Product/15540893647223,https://www.drinkshouse247.co.uk/products/charbonnel-et-walker-union-jack-milk-and-dark-chocolate-truffle-205g,/products/charbonnel-et-walker-union-jack-milk-and-dark-chocolate-truffle-selection-205g
product,15540895318391,gid://shopify/Product/15540895318391,https://www.drinkshouse247.co.uk/products/charbonnel-et-walker-union-jack-milk-and-dark-chocolate-truffle-205g,/products/charbonnel-et-walker-union-jack-milk-and-dark-chocolate-truffle-selection-205g
product,15540900266359,gid://shopify/Product/15540900266359,https://www.drinkshouse247.co.uk/products/charbonnel-et-walker-union-jack-milk-and-dark-chocolate-truffle-205g,/products/charbonnel-et-walker-union-jack-milk-and-dark-chocolate-truffle-selection-205g
product,15541659959671,gid://shopify/Product/15541659959671,https://www.drinkshouse247.co.uk/products/charbonnel-et-walker-union-jack-milk-and-dark-chocolate-truffle-205g,/products/charbonnel-et-walker-union-jack-milk-and-dark-chocolate-truffle-selection-205g
product,15542083322231,gid://shopify/Product/15542083322231,https://www.drinkshouse247.co.uk/products/charbonnel-et-walker-union-jack-milk-and-dark-chocolate-truffle-205g,/products/charbonnel-et-walker-union-jack-milk-and-dark-chocolate-truffle-selection-205g
product,15542083813751,gid://shopify/Product/15542083813751,https://www.drinkshouse247.co.uk/products/charbonnel-et-walker-union-jack-milk-and-dark-chocolate-truffle-205g,/products/charbonnel-et-walker-union-jack-milk-and-dark-chocolate-truffle-selection-205g
product,15542083944823,gid://shopify/Product/15542083944823,https://www.drinkshouse247.co.uk/products/charbonnel-et-walker-union-jack-milk-and-dark-chocolate-truffle-205g,/products/charbonnel-et-walker-union-jack-milk-and-dark-chocolate-truffle-selection-205g
product,15542084305271,gid://shopify/Product/15542084305271,https://www.drinkshouse247.co.uk/products/charbonnel-et-walker-union-jack-milk-and-dark-chocolate-truffle-205g,/products/charbonnel-et-walker-union-jack-milk-and-dark-chocolate-truffle-selection-205g
product,15542084501879,gid://shopify/Product/15542084501879,https://www.drinkshouse247.co.uk/products/charbonnel-et-walker-union-jack-milk-and-dark-chocolate-truffle-205g,/products/charbonnel-et-walker-union-jack-milk-and-dark-chocolate-truffle-selection-205g
product,15542233596279,gid://shopify/Product/15542233596279,https://www.drinkshouse247.co.uk/products/charbonnel-et-walker-union-jack-milk-and-dark-chocolate-truffle-205g,/products/charbonnel-et-walker-union-jack-milk-and-dark-chocolate-truffle-selection-205g
product,15542659023223,gid://shopify/Product/15542659023223,https://www.drinkshouse247.co.uk/products/charbonnel-et-walker-union-jack-milk-and-dark-chocolate-truffle-205g,/products/charbonnel-et-walker-union-jack-milk-and-dark-chocolate-truffle-selection-205g
product,15542879551863,gid://shopify/Product/15542879551863,https://www.drinkshouse247.co.uk/products/charbonnel-et-walker-union-jack-milk-and-dark-chocolate-truffle-205g,/products/charbonnel-et-walker-union-jack-milk-and-dark-chocolate-truffle-selection-205g
product,15547150664055,gid://shopify/Product/15547150664055,https://www.drinkshouse247.co.uk/products/charbonnel-et-walker-union-jack-milk-and-dark-chocolate-truffle-205g,/products/charbonnel-et-walker-union-jack-milk-and-dark-chocolate-truffle-selection-205g
product,15547151122807,gid://shopify/Product/15547151122807,https://www.drinkshouse247.co.uk/products/charbonnel-et-walker-union-jack-milk-and-dark-chocolate-truffle-205g,/products/charbonnel-et-walker-union-jack-milk-and-dark-chocolate-truffle-selection-205g
product,15547151712631,gid://shopify/Product/15547151712631,https://www.drinkshouse247.co.uk/products/charbonnel-et-walker-union-jack-milk-and-dark-chocolate-truffle-205g,/products/charbonnel-et-walker-union-jack-milk-and-dark-chocolate-truffle-selection-205g
product,15547346747767,gid://shopify/Product/15547346747767,https://www.drinkshouse247.co.uk/products/charbonnel-et-walker-union-jack-milk-and-dark-chocolate-truffle-205g,/products/charbonnel-et-walker-union-jack-milk-and-dark-chocolate-truffle-selection-205g
product,15547347337591,gid://shopify/Product/15547347337591,https://www.drinkshouse247.co.uk/products/charbonnel-et-walker-union-jack-milk-and-dark-chocolate-truffle-205g,/products/charbonnel-et-walker-union-jack-milk-and-dark-chocolate-truffle-selection-205g
product,15547532444023,gid://shopify/Product/15547532444023,https://www.drinkshouse247.co.uk/products/charbonnel-et-walker-union-jack-milk-and-dark-chocolate-truffle-205g,/products/charbonnel-et-walker-union-jack-milk-and-dark-chocolate-truffle-selection-205g
product,15547907932535,gid://shopify/Product/15547907932535,https://www.drinkshouse247.co.uk/products/charbonnel-et-walker-union-jack-milk-and-dark-chocolate-truffle-205g,/products/charbonnel-et-walker-union-jack-milk-and-dark-chocolate-truffle-selection-205g
product,15549780558199,gid://shopify/Product/15549780558199,https://www.drinkshouse247.co.uk/products/charbonnel-et-walker-union-jack-milk-and-dark-chocolate-truffle-205g,/products/charbonnel-et-walker-union-jack-milk-and-dark-chocolate-truffle-selection-205g
product,15549788094839,gid://shopify/Product/15549788094839,https://www.drinkshouse247.co.uk/products/charbonnel-et-walker-union-jack-milk-and-dark-chocolate-truffle-205g,/products/charbonnel-et-walker-union-jack-milk-and-dark-chocolate-truffle-selection-205g
product,15550691869047,gid://shopify/Product/15550691869047,https://www.drinkshouse247.co.uk/products/charbonnel-et-walker-union-jack-milk-and-dark-chocolate-truffle-205g,/products/charbonnel-et-walker-union-jack-milk-and-dark-chocolate-truffle-selection-205g
product,15550731714935,gid://shopify/Product/15550731714935,https://www.drinkshouse247.co.uk/products/charbonnel-et-walker-union-jack-milk-and-dark-chocolate-truffle-205g,/products/charbonnel-et-walker-union-jack-milk-and-dark-chocolate-truffle-selection-205g
