handle,product_gid,existing_seo_title,new_meta_description,length
absolut-elyx-single-estate-vodka-70cl,gid://shopify/Product/15422107615607,,"Absolut Elyx single Estate Vodka — single-estate winter wheat, distilled by hand in a 1921 copper column still. Same-day London delivery.",137
amaro-nonino-quintessentia-70cl,gid://shopify/Product/15536868950391,,Amaro Nonino Quintessentia — it is the reason half of London is drinking Paper Planes this year. Same-day London delivery.,122
ancho-reyes-original-chile-liqueur-70cl,gid://shopify/Product/15541659402615,,"Ancho Reyes Original Chile Liqueur — poblanos, ripened red and dried in the Puebla sun — macerated in cane spirit for six months. Same-day London delivery.",155
barsol-primero-quebranta-pisco-70cl,gid://shopify/Product/15536905748855,,Barsol Primero Quebranta Pisco — what leaves the still is what enters the bottle. Same-day London delivery.,107
bells-original-whisky,gid://shopify/Product/7473464148124,Bell's Blended Scotch Whisky 35cl | Fast London Delivery,"Bell’s Whisky — a smooth, full-bodied blend of fruit, honey and gentle spice, a British favourite since 1850. Same-day London delivery.",135
beluga-noble-vodka-70cl,gid://shopify/Product/15493799281015,,"Beluga Noble Vodka — barley malt spirit and Siberian water, infused with honey, oat and milk thistle. Same-day London delivery.",127
benedictine-d-o-m-liqueur-70cl,gid://shopify/Product/15541659959671,,"Bénédictine D.O.M. — twenty-seven herbs and spices distilled and rested in oak at Fécamp, in a palace built to make one bottle. Honeyed, saffron-warm.",150
blandys-10-year-old-malmsey-madeira-50cl,gid://shopify/Product/15536908763511,,Blandy's 10 Year Old Malmsey Madeira — a technique discovered when barrels crossed the equator twice and came back better. Same-day London delivery.,148
bowmore-21-year-old-sherry-oak-islay-single-malt-scotch-whisky-70cl,gid://shopify/Product/15536867508599,,"Bowmore 21 Year Old Sherry Oak Islay Single Malt Scotch Whisky — the rare Islay that answers its smoke with dried fruit, dark. Same-day London delivery.",152
bulleit-bourbon,gid://shopify/Product/15298575565175,,"Bulleit Bourbon — a mellow, high-rye American bourbon with a crisp, spicy character. Same-day London delivery.",110
c-by-croe-caviar,gid://shopify/Product/15310205321591,,"C By Croe Caviar Oscietra 30g — firm pearls, delicate salinity and a long, nutty finish, in the size built for two. Same-day London delivery.",141
canon-half-2018,gid://shopify/Product/7987716030620,Château Canon 2018 Half Bottle 37.5cl | Wine Delivery London,"Canon Half 2018 — black cherry, cassis and dark chocolate over silk. Same-day London delivery.",94
carmel-signature-mediterranean-2-vats-2020-kosher-75cl,gid://shopify/Product/15547150664055,,"Carmel Signature 2 Vats 2020 — a small-lot Galilee blend, warm and dark-fruited, from the winery Rothschild founded in 1882. Kosher. Same-day London delivery.",158
carpano-antica-formula-vermouth-100cl,gid://shopify/Product/15542083813751,,"Carpano Antica Formula — Turin's original 1786 vermouth recipe. Vanilla, bitter orange, clove and dried fig, in a full litre. Same-day London delivery.",151
chambord-black-raspberry-liqueur-70cl,gid://shopify/Product/15540893909367,,"Chambord Black Raspberry Liqueur — poured from the roundest, most recognisable bottle in any back bar. Same-day London delivery.",128
champagne-telmont-reserve-brut-nv-75cl,gid://shopify/Product/15536791290231,,"Champagne Telmont Réserve Brut NV — a family house in Damery since 1912, now Champagne's most talked-about name. Orchard fruit, brioche and citrus.",147
charbonnel-et-walker-james-bond-mini-chocolate-bar-selection-270g,gid://shopify/Product/15483535163767,,Charbonnel et Walker - James Bond Mini Chocolate Bar Selection (270g) — a stylish celebration of Britain's most famous secret agent. Same-day London delivery.,158
chateau-de-fargues-lur-saluces-semillon-sauvignon-blanc-2005,gid://shopify/Product/8222608621724,Château de Fargues 2005 75cl | Fine Wine Delivery London,"Château de Fargues Lur Saluces Semillon-Sauvignon Blanc 2005 — apricot, honey and candied citrus from the Lur Saluces family. Same-day London delivery.",151
chateau-de-laubade-xo-bas-armagnac-70cl,gid://shopify/Product/15536871604599,,"Château de Laubade XO Bas-Armagnac — distilled once, not twice, on a single continuous still in Gascony, then left in black oak over a decade.",142
chateau-du-domaine-de-l-eglise-pomerol-2019-75cl,gid://shopify/Product/15274254500215,,Château du Domaine de L’Eglise Pomerol 2019 — 98% Merlot from 60- to 70-year-old vines on Pomerol’s gravelly clay. Same-day London delivery.,140
chateau-marquis-dalesme-margaux-gcc-2019,gid://shopify/Product/15419442069879,Chateau Marquis D'Alesme Margaux GCC 2019 | Drinks House 247,"Chateau Marquis D'Alesme Margaux GCC 2019 — crushed roses and blueberries from one of Margaux’s oldest estates, with vines. Same-day London delivery.",149
cherry-heering-liqueur-70cl,gid://shopify/Product/15541662810487,,"Cherry Heering Liqueur — the original cherry liqueur, and the ingredient without which a Singapore Sling is merely pink. Same-day London delivery.",146
christian-drouin-xo-calvados-pays-dauge-70cl,gid://shopify/Product/15536872391031,,Christian Drouin XO Calvados Pays d'Auge — this is the house that convinced the rest of the world to take it seriously. Same-day London delivery.,145
cocchi-barolo-chinato-50cl,gid://shopify/Product/15536976462199,,Cocchi Barolo Chinato — a wine that behaves like an amaro. Same-day London delivery.,84
cocchi-vermouth-di-torino-75cl,gid://shopify/Product/15541660549495,,Cocchi Vermouth di Torino — the reason bartenders quietly replaced whatever was in the well. Same-day London delivery.,118
diplomatico-seleccion-de-familia-70cl,gid://shopify/Product/15393163542903,Diplomatico Seleccion de Familia 70cl | Drinks House 247 ,"Diplomatico Seleccion de Familia — 90% pot still rum, aged up to 12 years across American white oak, ex-bourbon and ex-sherry casks. Same-day London delivery.",158
dom-perignon-takashi-murakami-edition-2015-75cl,gid://shopify/Product/15280037658999,Dom Pérignon Takashi Murakami Edition 2015 - 75cl| Drinks House 247 ,Dom Pérignon Takashi Murakami Edition 2015 — the acclaimed 2015 in the artist’s whimsical floral livery. Same-day London delivery.,130
dom-perignon-vintage-2017-champagne-in-gift-box-75cl,gid://shopify/Product/15547907932535,,"Dom Pérignon Vintage 2017 Champagne in Gift Box — a champagne made only in years the house declares worthy, and never any other way. Same-day London delivery.",158
drambuie-honeyed-scotch-whisky-liqueur-70cl,gid://shopify/Product/15540892434807,,Drambuie Honeyed Scotch Whisky Liqueur — to a recipe the MacKinnon family says was handed to them by Bonnie Prince Charlie. Same-day London delivery.,149
eminente-reserva-7-year-old-cuban-rum-70cl,gid://shopify/Product/15536791126391,,"Eminente Reserva 7 Year Old Cuban Rum — a bottle embossed like crocodile skin, holding a seven-year Cuban rum of coffee, cocoa. Same-day London delivery.",153
etsu-pacific-ocean-water-gin-70cl,gid://shopify/Product/15398322372983,,"ETSU Pacific Ocean Water Gin — made with deep seawater drawn from 450 metres below the Pacific, with yuzu, sansho and green tea. Same-day London delivery.",154
fernet-branca-70cl,gid://shopify/Product/15541660287351,,"Fernet-Branca — myrrh, saffron, gentian, rhubarb, chamomile, aloe — infused and rested a year in oak. Same-day London delivery.",127
freixenet-prosecco-d-o-c-75cl-scented-candle-gift-box,gid://shopify/Product/15236169040247,,"Freixenet Prosecco D.O.C. & Scented Candle Gift Box — sparkle and calm in one box, ready to give. Same-day London delivery.",123
freixenet-prosecco-doc-6-x-75cl,gid://shopify/Product/15489416561015,,"Freixenet Prosecco Doc — Glera from the Veneto heartland, in the unmistakable cut-glass bottle. Same-day London delivery.",121
g-miclo-poire-william-eau-de-vie-70cl,gid://shopify/Product/15542233596279,,"G. Miclo Poire William Eau de Vie — just an enormous quantity of fruit distilled and bottled clear, so that what reaches the glass. Same-day London delivery.",157
galliano-lautentico-50cl,gid://shopify/Product/15540900266359,,"Galliano L'Autentico — the original full-strength recipe: thirty-plus herbs, spices and roots behind that famous vanilla, restored to 42.3%.",140
gonzalez-byass-alfonso-oloroso-seco-sherry-75cl,gid://shopify/Product/15542083322231,,"González Byass Alfonso Oloroso Seco Sherry — fortified hard enough to kill the flor, then left to age in contact with air until. Same-day London delivery.",154
gonzalez-byass-apostoles-palo-cortado-vors-30-year-old-sherry-37-5cl,gid://shopify/Product/15536873636215,,"González Byass Apóstoles Palo Cortado VORS 30 — the nose of an amontillado, the body of an oloroso. Thirty years average age. Same-day London delivery.",151
grand-marnier-cuvee-du-centenaire-70cl,gid://shopify/Product/15536969449847,,Grand Marnier Cuvée du Centenaire — the bottle that reminds people this house was always a cognac house. Same-day London delivery.,130
grappa-sarpa-di-poli-70cl,gid://shopify/Product/15536910401911,,"Grappa Sarpa di Poli — clean, aromatic and startlingly elegant. Same-day London delivery.",89
green-chartreuse-liqueur-70cl,gid://shopify/Product/15536871014775,,"Green Chartreuse Liqueur — because the monks decided to make less of it, not more. Same-day London delivery.",108
grey-goose-altius-ultra-premium-vodka-70cl,gid://shopify/Product/15536791322999,,Grey Goose Altius Ultra-Premium Vodka — poured from a frosted bottle that belongs on display. Same-day London delivery.,119
grosset-polish-hill-riesling-2024-75cl,gid://shopify/Product/15547958198647,,"Grosset Polish Hill Riesling 2024 — one small, slate-soiled hillside in the Clare Valley, farmed by Jeffrey Grosset since 1981. Same-day London delivery.",153
guinness-0-0-alcohol-free-draught-beer-10-x-440ml,gid://shopify/Product/15495718863223,,"Guinness 0.0% Alcohol-Free Draught Beer — everything that makes Guinness iconic, now with none of the alcohol. Same-day London delivery.",136
gusbourne-blanc-de-blancs-2019-gift-box-75cl,gid://shopify/Product/15392136692087,Gusbourne Blanc de Blancs 2019 Gift Box 75cl | Drinks House 247  ,"Gusbourne Blanc de Blancs 2019 Gift Box — single-estate Kentish Chardonnay, three years on lees. Same-day London delivery.",122
hampden-estate-1753-pure-single-jamaican-rum-70cl,gid://shopify/Product/15536788341111,,"Hampden Estate 1753 Jamaican Rum — Spirit of the Year 2026, and the purest expression of Jamaican funk you can put in a glass. Same-day London delivery.",152
haymans-sloe-gin-70cl,gid://shopify/Product/15540893647223,,Hayman's Sloe Gin — the bottle that belongs in a coat pocket from September onwards. Same-day London delivery.,110
henri-bardouin-pastis-de-provence-70cl,gid://shopify/Product/15536970596727,,"Henri Bardouin Pastis — around sixty-five Haute-Provence plants and spices: thyme, rosemary, cardamom, tonka, sage. A herb garden at dusk.",138
herzog-prince-vineyard-chenin-blanc-2023-kosher-75cl,gid://shopify/Product/15547532444023,,"Herzog Prince Vineyard Chenin Blanc 2023 — old Clarksburg vines: quince, pear and honeysuckle on bright acidity. Fully kosher. Same-day London delivery.",152
herzog-special-reserve-pinot-noir-2021-kosher-75cl,gid://shopify/Product/15547151712631,,"Herzog Special Reserve Pinot Noir 2021 (Kosher) — ripe raspberry and black cherry over earth, vanilla and dark chocolate. Same-day London delivery.",147
iichiko-saiten-barley-shochu-70cl,gid://shopify/Product/15536972169591,,"iichiko Saiten Barley Shochu — 100% barley, brewed and distilled in Ōita, then bottled at 43% instead of the usual 25% specifically. Same-day London delivery.",158
indri-diwali-collectors-edition-indian-single-malt-whisky-70cl,gid://shopify/Product/15536965517687,,"Indri Diwali Collector's Edition Indian Single Malt Whisky — six-row Indian barley matured in the Himalayan foothills, finished. Same-day London delivery.",154
italicus-rosolio-di-bergamotto-70cl,gid://shopify/Product/15536870097271,,"Italicus Rosolio di Bergamotto — Calabrian bergamot, Sicilian cedro, chamomile, lavender and gentian, from a 1600s Italian court recipe.",136
jade-1901-absinthe-superieure-70cl,gid://shopify/Product/15536908009847,,Jade 1901 Absinthe Supérieure — the closest thing on earth to what Paris was pouring before the ban. Same-day London delivery.,126
kavalan-concertmaster-port-cask-finish-taiwanese-single-malt-70cl,gid://shopify/Product/15536966566263,,"Kavalan Concertmaster Port Cask Finish Taiwanese Single Malt — dense, sweet-fruited and unmistakably not Scotch. Same-day London delivery.",138
ki-no-bi-kyoto-dry-gin-70cl,gid://shopify/Product/15542659023223,,"Ki No Bi Kyoto Dry Gin — Kyoto's first gin: a rice-spirit base, Fushimi water and eleven botanicals distilled in six separate batches.",134
kweichow-moutai-flying-fairy-baijiu-50cl,gid://shopify/Product/15536913023351,,"Kweichow Moutai Flying Fairy Baijiu — a soy, mushroom and toasted-grain intensity that exists nowhere else in drinks. Same-day London delivery.",143
la-garde-2019,gid://shopify/Product/7975744438428,Château La Garde Pessac-Léognan 2019 | Wine Delivery UK,"La Garde 2019 — black cherry, cedar and tobacco from one of Pessac-Léognan’s most dependable estates. Same-day London delivery.",127
leblon-cachaca-70cl,gid://shopify/Product/15540894728567,,Leblon Cachaça — the reason a caipirinha made with it tastes nothing like the ones you remember. Same-day London delivery.,122
licor-43-cuarenta-y-tres-70cl,gid://shopify/Product/15540896760183,,"Licor 43 Cuarenta y Tres — forty-three botanicals blended into something that tastes, improbably, of pure vanilla. The bottle behind the Carajillo.",147
lillet-blanc-75cl,gid://shopify/Product/15540898496887,,Lillet Blanc — a bottle that manages to be both extremely serious and extremely easy. Same-day London delivery.,111
linie-aquavit-70cl,gid://shopify/Product/15536909484407,,"Linie Aquavit — every bottle has crossed the equator twice, maturing in sherry casks through 19,000 nautical miles of motion at sea. Same-day London delivery.",158
lopez-de-heredia-vina-cubillo-crianza-rioja-2017-75cl,gid://shopify/Product/15549780558199,,"López de Heredia Viña Cubillo, Crianza 2017 - Rioja - Spain — Viña Cubillo is the bottle that lets you taste that stubbornness. Same-day London delivery.",153
lopez-de-heredia-vina-tondonia-vina-cubillo-crianza-rioja-2014-75cl,gid://shopify/Product/15549788094839,,"López de Heredia Viña Cubillo, Crianza 2014 - Rioja - Spain — Viña Cubillo is the bottle that lets you taste that stubbornness. Same-day London delivery.",153
luxardo-maraschino-originale-50cl,gid://shopify/Product/15540896989559,,"Luxardo Maraschino Originale — fruit, skins, stones and leaves — then rested three years in Finnish ash. Same-day London delivery.",130
matsui-umeshu-japanese-plum-liqueur-with-whisky-70cl,gid://shopify/Product/15536968630647,,Matsui Umeshu Japanese Plum Liqueur with Whisky — green ume plums steeped until they give up everything they have. Same-day London delivery.,140
meletti-sambuca-70cl,gid://shopify/Product/15540899283319,,"Meletti Sambuca — poured neat with three coffee beans floating on top, one for health, one for happiness, one for prosperity. Same-day London delivery.",151
metaxa-12-stars-70cl,gid://shopify/Product/15536914530679,,"Metaxa 12 Stars — it is its own category, invented in Athens in 1888. Same-day London delivery.",95
michters-us-1-kentucky-straight-bourbon-70cl,gid://shopify/Product/15536791060855,,"Michter's US*1 Kentucky Straight Bourbon — small batches, barrelled at unusually low proof and released only when judged ready. Same-day London delivery.",153
midori-melon-liqueur-70cl,gid://shopify/Product/15541662384503,,"Midori Melon Liqueur — Yubari and musk melons made into a liqueur by Suntory, in a frosted green bottle you can spot across a dark room.",136
mr-black-cold-brew-coffee-liqueur-70cl,gid://shopify/Product/15536967352695,,"Mr Black Cold Brew Coffee Liqueur — roughly half the sugar of the old guard, and it tastes like actual coffee. Same-day London delivery.",136
ncnean-organic-single-malt-scotch-whisky-70cl,gid://shopify/Product/15536791355767,,"Nc'nean Organic Single Malt Scotch Whisky — lemon curd, poached peach and white pepper. Same-day London delivery.",113
othello-2019,gid://shopify/Product/7975659208860,Othello 2019 Red Wine 75cl | Wine Delivery London,Othello 2019 — a captivating Napa red from Christian Moueix's Dominus Estate. Same-day London delivery.,103
pallini-limoncello-70cl,gid://shopify/Product/15536913580407,,"Pallini Limoncello — hand-picked Amalfi Sfusato lemons, peel only and never juice. Bright, oily and properly lemon-scented, not sweet.",134
palmer-half-2019,gid://shopify/Product/7972115054748,Château Palmer Margaux 2019 Half 37.5cl | Wine Delivery UK,"Palmer Half 2019 — one of Margaux's most prestigious estates, in half format. Same-day London delivery.",103
passoa-passion-fruit-liqueur-70cl,gid://shopify/Product/15541661270391,,Passoã Passion Fruit Liqueur — the drink half the country calls a Pornstar Martini and the other half politely lists as a Passion. Same-day London delivery.,156
patron-xo-cafe-tequila,gid://shopify/Product/1979829223486,Patron XO Cafe Tequila - 24 Hour Alcohol Delivery London,Patron XO Cafe Tequila — a dry coffee tequila blending XO Fine tequila with pure natural coffee essence. Same-day London delivery.,130
penderyn-madeira-finish-single-malt-welsh-whisky-70cl,gid://shopify/Product/15328556679543,,"Penderyn Madeira Finish-Single Malt Welsh Whisky — a premium Welsh single malt, matured in bourbon barrels and finished in Madeira. Same-day London delivery.",157
pentire-adrift-non-alcoholic-botanical-spirit-70cl,gid://shopify/Product/15542084501879,,Pentire Adrift Non-Alcoholic Botanical Spirit — nothing like the sweet substitutes that used to pass for a non-alcoholic drink. Same-day London delivery.,153
pernod-absinthe-70cl,gid://shopify/Product/15542083944823,,"Pernod Absinthe — green, ferociously aromatic, and made to be transformed by a slow thread of iced water. Same-day London delivery.",131
pewsey-vale-eden-valley-riesling-2024-75cl,gid://shopify/Product/15547958165879,,"Pewsey Vale Eden Valley Riesling 2024 — the Eden Valley's founding vineyard, high in the hills above Barossa, where cool nights. Same-day London delivery.",154
pierre-marcolini-15-piece-les-coeurs-chocolate-selection-box-105g,gid://shopify/Product/15485397500279,,"Pierre Marcolini - 15-Piece Les Cœurs Chocolate Selection Box (105g) — perfectly rounded hearts, as beautiful to behold as to taste. Same-day London delivery.",158
pimms-no-1-cup-70cl,gid://shopify/Product/15540895318391,,"Pimm's No.1 Cup — the bottle every British household is briefly, urgently short of. Same-day London delivery.",109
poesia-2014,gid://shopify/Product/7987721339036,Poesia 2014 Red Wine 75cl | Wine Delivery London,"Poesia 2014 — blackberry, plum and forest floor from a Bordeaux-minded estate in the heart of Mendoza. Same-day London delivery.",128
prunier-baeri-st-james-caviar,gid://shopify/Product/15495820083575,,"Prunier Baeri St. James Caviar — very large, full-bodied grains, pronounced iodine and a long finish. First served at Prunier, Paris, 1932.",139
redbreast-12-year-old-irish-single-pot-still-whiskey-70cl,gid://shopify/Product/15536911614327,,"Redbreast 12 Year Old — the benchmark for Irish single pot still. Oloroso sherry casks bring Christmas cake, marmalade and toasted oak.",135
renais-gin-by-emma-alex-watson-70cl,gid://shopify/Product/15536788373879,,"Renais Gin — distilled from pressed Chablis grape skins from the Watsons' family vineyards. Sculptural, sustainable and extraordinarily soft.",141
rhum-j-m-vsop-rhum-agricole-vieux-70cl,gid://shopify/Product/15536915972471,,"Rhum J.M VSOP Agricole Vieux — made from fresh-pressed cane juice, not molasses: grassy, mineral and alive. Cane grown within a kilometre of the stills.",152
royal-tokaji-blue-label-5-puttonyos-aszu-50cl,gid://shopify/Product/15536875143543,,"Royal Tokaji Blue Label 5 Puttonyos Aszú — botrytised grapes picked berry by berry, aged in Hungarian oak. Apricot, honey and orange marmalade.",143
seedlip-spice-94-non-alcoholic-spirit-70cl,gid://shopify/Product/15542084305271,,Seedlip Spice 94 Non-Alcoholic Spirit — a properly distilled spirit that simply has no alcohol in it. Same-day London delivery.,127
sena-18-magnum-1-5l,gid://shopify/Product/8203009851548,Seña 2018 Magnum 1.5L Chilean Red | Wine Delivery London,"Seña 18 Magnum (1.5L) — Chile’s icon wine, a Cabernet-led Aconcagua blend built to age for decades. Same-day London delivery.",125
seventy-one-gin-70cl,gid://shopify/Product/15398437257591,Seventy One Gin 70cl | Fast Gin Delivery London,"Seventy One Gin — rested 71 nights across virgin European oak, ex-PX sherry and ex-Cognac casks. Same-day London delivery.",122
seventy-one-gin-trudon-candle-luxury-gift-set,gid://shopify/Product/15496084128119,,Seventy One Gin & Trudon Candle Luxury Gift Set — leather and tobacco against Queen of the Night. Same-day London delivery.,123
singani-63-75cl,gid://shopify/Product/15536977445239,,"Singani 63 — floral like a great pisco, but softer, rounder and unmistakably its own thing. Same-day London delivery.",117
st-germain-elderflower-liqueur-70cl,gid://shopify/Product/15536791257463,,"St-Germain Elderflower Liqueur — up to a thousand wild elderflowers, hand-picked each spring, in every bottle. The liqueur behind the Hugo Spritz.",146
suze-gentiane-aperitif-70cl,gid://shopify/Product/15536971186551,,"Suze Gentiane Aperitif — Suze is made from wild gentian root dug by hand in the Alps and the Jura, then macerated for a year. Same-day London delivery.",151
the-caviar-champagne-hamper-alcohol-free,gid://shopify/Product/15492340187511,,The Caviar & Champagne Hamper (Alcohol-Free) — luxury that asks nothing of anyone. Same-day London delivery.,108
the-cristal-prestige-hamper,gid://shopify/Product/15542879551863,,The Cristal Prestige Hamper — the champagne made for a Tsar who wanted to see what was in his glass — set beside 50g of Croe Royal. Same-day London delivery.,157
the-demi-sec-amp-chocolate-hamper,gid://shopify/Product/15547347337591,,The Demi-Sec & Chocolate Hamper — creamy milk and dark sea salt caramel. Same-day London delivery.,98
the-glendronach-original-12-year-old-single-malt-whisky-70cl,gid://shopify/Product/15536791224695,,The GlenDronach Original 12 Year Old Single Malt Whisky — this is the bottle they keep coming back to. Same-day London delivery.,128
the-great-british-hamper,gid://shopify/Product/15547346747767,,The Great British Hamper — the wine that made the world take English sparkling seriously — with Charbonnel et Walker's Union Jack. Same-day London delivery.,156
the-malt-collectors-hamper,gid://shopify/Product/15550731714935,,"The Malt Collector's Hamper — Macallan 15 Double Cask at its centre, with whisky truffles and roasted almonds to sit alongside the glass.",137
the-murakami-prestige-hamper,gid://shopify/Product/15550691869047,,The Murakami Prestige Hamper — a hamper for the occasion that needs no explaining. Same-day London delivery.,108
the-provence-rose-case-6-x-75cl,gid://shopify/Product/15547348091255,,"The Provence Rosé Case — six bottles, four estates, one colour: Miraval to Whispering Angel, every one pale, dry and serious. Same-day London delivery.",151
venchi-1878-medium-murrine-chocolate-hamper-400g,gid://shopify/Product/15486630691191,,"Venchi 1878 Medium Murrine Chocolate Hamper (400g) — Italian heritage, reimagined in chocolate. Same-day London delivery.",121
whistlepig-10-year-old-straight-rye-whiskey-70cl,gid://shopify/Product/15536868065655,,WhistlePig 10 Year Old Straight Rye Whiskey — the single best thing you can pour into a Manhattan or an Old Fashioned. Same-day London delivery.,144
white-peak-wire-works-bourbon-barrel-english-single-malt-whisky-70cl,gid://shopify/Product/15536788308343,,"White Peak Wire Works Bourbon Barrel — English Whisky of the Year 2026, from a Victorian wire works on the River Derwent. Same-day London delivery.",147
yatir-forest-2021-kosher-75cl,gid://shopify/Product/15547151122807,,"Yatir Forest 2021 — Israel's answer to a Bordeaux grand vin, and fully kosher. Cabernet-led, from high-altitude Judean Hills vineyards.",135
