ID,Title,Current vendor,New vendor,Matched by
1334802808936,Grey Goose Vodka 70cl,Drinks House 247,Grey Goose,curated
1334807036008,Absolut Vodka 70cl,Drinks House 247,Absolut,curated
1334814998632,Belvedere Vodka 70cl,Drinks House 247,Belvedere,curated
1334815096936,Smirnoff Red Label 70cl,Drinks House 247,Smirnoff,curated
1334816178280,Jack Daniel's Old No 7 Whiskey 70cl,Drinks House 247,Jack Daniel's,curated
1334816374888,Johnnie Walker Black Label 12 Year Whisky 70cl,Drinks House 247,Johnnie Walker,curated
1334816735336,Johnnie Walker Blue Label 70cl,Drinks House 247,Johnnie Walker,curated
1334836101224,Corona Extra Beer 330ml Bottles,Drinks House 247,Corona,curated
1334842196072,Peroni,Drinks House 247,Peroni,curated
1334844358760,Heineken Lager Beer 440ml Cans,Drinks House 247,Heineken,curated
1335822090344,Moët & Chandon Impérial Brut Champagne 75cl,Drinks House 247,Moët & Chandon,curated
1335822188648,Laurent-Perrier Cuvée Rosé Brut NV Champagne with Gift Box 75cl,Drinks House 247,Laurent-Perrier,curated
1335822319720,Veuve Clicquot Yellow Label Brut Champagne 75cl,Drinks House 247,Veuve Clicquot,curated
1335822385256,"Dom Perignon Champagne 2013, 75cl in Gift Box",Drinks House 247,Dom Pérignon,curated
1335822549096,Armand de Brignac Brut Gold Champagne 75cl,Drinks House 247,Armand de Brignac,curated
1335837753448,Red Bull Single Can,Drinks House 247,Red Bull,curated
1335837884520,Redbull x4 Pack,Drinks House 247,Red Bull,curated
1335837982824,Coke,Drinks House 247,Coca-Cola,curated
1335838408808,Schweppes Lemonade,Drinks House 247,Schweppes,curated
1336565465192,Ciroc Vodka 70cl,Drinks House 247,Cîroc,curated
1337647104104,Pringles Crisps Original,Drinks House 247,Pringles,curated
1337647136872,Sour Cream and Onion Pringles,Drinks House 247,Pringles,curated
1338371965032,Casillero Del Diablo Reserva Especial Cabernet Sauvignon 75cl,Drinks House 247,Casillero Del Diablo,curated
1967324495934,Baileys' The Original Irish Cream 70cl,Drinks House 247,Baileys,curated
1967330820158,Gordon's Dry Gin 1L,Drinks House 247,Gordon's,curated
1967335669822,Tanqueray No. Ten 10 Gin 70cl,Drinks House 247,Tanqueray,curated
1967339470910,Bacardi Carta Blanca Rum 70cl,Drinks House 247,Bacardi,curated
1967344222270,Jägermeister 70cl,Drinks House 247,Jägermeister,curated
1967352152126,Bombay Sapphire Dry Gin 70cl,Drinks House 247,Bombay Sapphire,curated
1967357722686,Chivas Regal 12 Years,Drinks House 247,Chivas Regal,curated
1967361884222,Disaronno 70cl,Drinks House 247,Disaronno,curated
1967369977918,Johnnie Walker Double Black Label 70cl,Drinks House 247,Johnnie Walker,curated
1970718670910,Malibu Caribbean Rum 1L,Drinks House 247,Malibu,curated
1970722373694,Hennessy,Drinks House 247,Hennessy,curated
1970723881022,Moët Ice Imperial Champagne 75cl,Drinks House 247,Moët & Chandon,curated
1970727190590,Strongbow Dark Fruit Cider,Drinks House 247,Strongbow,curated
1970743312446,Louis Latour “Domaine de Valemoissine” Pinot Noir 75cl,Drinks House 247,Louis Latour,curated
1970757959742,Louis Jadot Chablis 75cl,Drinks House 247,Louis Jadot,curated
1971822854206,Captain Morgan Spiced Rum 70cl,Drinks House 247,Captain Morgan,curated
1971826458686,Jose Cuervo Gold Tequila,Drinks House 247,Jose Cuervo,curated
1971848773694,Kronenbourg,Drinks House 247,Kronenbourg,curated
1973082161214,Della Vite Superiore D.O.C.G Prosecco 75cl,Drinks House 247,Della Vite,curated
1979828142142,Louis Roederer Cristal 2015 Champagne 75cl,Drinks House 247,Louis Roederer,curated
1979829223486,Patron XO Cafe Tequila,Drinks House 247,Patrón,curated
1979829813310,Patron Silver Tequila 70cl,Drinks House 247,Patrón,curated
1979831058494,Aurora Crystal Head Vodka 70cl,Drinks House 247,Crystal Head,curated
1987812458558,Moet & Chandon Imperial Rose Champagne Gift Box 75cl,Drinks House 247,Moët & Chandon,curated
1989233377342,Grey Goose Magnum 1.75L,Drinks House 247,Grey Goose,curated
1992603631678,Courvoisier V.S 70cl,Drinks House 247,Courvoisier,curated
2002479317054,Bell's Whisky 1L,Drinks House 247,Bell's,curated
2003419529278,Diet Coke,Drinks House 247,Coca-Cola,curated
2004162445374,Hendrick's Gin 70cl,Drinks House 247,Hendrick's,curated
2009279201342,Hennessy Black 70cl,Drinks House 247,Hennessy,curated
2009282773054,Hennessy X.O Extra Old,Drinks House 247,Hennessy,curated
2009285886014,Remy Martin Cognac XO 70cl,Drinks House 247,Rémy Martin,curated
2009288507454,Armand de Brignac Brut Rosé Champagne 75cl,Drinks House 247,Armand de Brignac,curated
2009302335550,LUC BELAIRE ROSE,Drinks House 247,Luc Belaire,curated
2009302761534,LUC BELAIRE GOLD,Drinks House 247,Luc Belaire,curated
2009303154750,LUC BELAIRE LUXE RARE 75cl,Drinks House 247,Luc Belaire,curated
2009304301630,Pink Gordon's Gin,Drinks House 247,Gordon's,curated
2009309806654,Bumbu Rum 70cl,Drinks House 247,Bumbu,curated
2009311608894,Jose Cuervo Silver Tequila,Drinks House 247,Jose Cuervo,curated
2009313738814,Captain Morgan Dark Rum 70cl,Drinks House 247,Captain Morgan,curated
2009316261950,Courvoisier 35cl,Drinks House 247,Courvoisier,curated
2016161038398,Remy Martin v.s.o.p 70cl,Drinks House 247,Rémy Martin,curated
2016162644030,Martell 70cl,Drinks House 247,Martell,curated
2019175497790,GUINNESS,Drinks House 247,Guinness,curated
2125831012414,Famous Grouse 70cl,Drinks House 247,Famous Grouse,curated
2161007591486,"López de Heredia Viña Tondonia Tinto, Reserva 2011 - 75cl Rioja - Spain",R. López de Heredia Viña Tondonia,López de Heredia,curated
2161013850174,Bollinger Special Cuvee Brut Champagne 75cl,Drinks House 247,Bollinger,curated
2161024303166,Miraval Rose Cotes De Provence 75cl,Drinks House 247,Miraval,curated
2212317691966,Smirnoff Red Label Vodka 35cl,Drinks House 247,Smirnoff,curated
2252531859518,Aperol Spritz 70cl,Drinks House 247,Aperol,curated
2262816063550,Proper Twelve Irish Whiskey,Drinks House 247,Proper Twelve,curated
4384631980169,NUROFEN 200mg Caplets,Drinks House 247,Nurofen,curated
4482647523465,Don Julio 1942 Tequila 70cl,Drinks House 247,Don Julio,curated
4515759489161,"Maison Louis Latour Chardonnay 2019, 75cl",Drinks House 247,Louis Latour,curated
4601936380041,Monkey Shoulder Blended Malt Whisky,Drinks House 247,Monkey Shoulder,curated
4628664713353,M&M PEANUT SHELLS,Drinks House 247,M&M,curated
4628683423881,HARIBO,Drinks House 247,Haribo,curated
4638458380425,Stella Artois,Drinks House 247,Stella Artois,curated
4842666426505,Roku Gin 70cl,Drinks House 247,Roku,curated
4854375088265,Jameson Irish Whisky 70cl,Drinks House 247,Jameson,curated
5302036463772,Don Julio 1942 Tequila Luminous Magnum,Drinks House 247,Don Julio,curated
5441931935900,Don Julio Anejo 70cl,Drinks House 247,Don Julio,curated
5762638119068,San Vito Prosecco 75cl,Drinks House 247,San Vito,curated
5788249817244,Asahi,Drinks House 247,Asahi,curated
7322816774300,Moët & Chandon Grand Vintage Brut Champagne 75cl,Drinks House 247,Moët & Chandon,curated
7322903085212,Veuve Clicquot Vintage Champagne 2015 75cl,Drinks House 247,Veuve Clicquot,curated
7322913767580,Veuve Clicquot Extra Brut Extra Old 75cl,Drinks House 247,Veuve Clicquot,curated
7322921238684,Pol Roger Vintage Brut 75cl,Drinks House 247,Pol Roger,curated
7322927595676,Louis Roederer Collection 243 Champagne 75cl,Drinks House 247,Louis Roederer,curated
7325033857180,Macallan 12 Year Old Double Cask 70cl,Drinks House 247,Macallan,curated
7325034217628,Macallan 15 Years Old Double Cask 70cl,Drinks House 247,Macallan,curated
7344952574108,Veuve Clicquot Ponsardin Rich Champagne 75cl,Drinks House 247,Veuve Clicquot,curated
7360893583516,Taittinger Prestige Rose Champagne 75cl,Drinks House 247,Taittinger,curated
7360900497564,Pol Roger 'Réserve' Brut Champagne 75cl,Drinks House 247,Pol Roger,curated
7360904331420,Moet & Chandon Nectar Imperial Champagne 75cl,Drinks House 247,Moët & Chandon,curated
7456868040860,Casamigos Anejo Tequila 70cl,Drinks House 247,Casamigos,curated
7456889700508,Casamigos Joven Mezcal 70cl,Drinks House 247,Casamigos,curated
7460490576028,Don Julio Blanco Tequila 70cl,Drinks House 247,Don Julio,curated
7460742922396,Casamigos Blanco Tequila 70cl,Drinks House 247,Casamigos,curated
7461074174108,1800 Anejo Aged Tequila 70cl,Drinks House 247,1800,curated
7461698764956,1800 Coconut Tequila 70cl,Drinks House 247,1800,curated
7461773082780,1800 Blanco Silver Tequila 70cl,Drinks House 247,1800,curated
7461856936092,1800 Reposado Gold Tequila 70cl,Drinks House 247,1800,curated
7461891801244,Piper Heidsieck Brut Champagne Gift Set,Drinks House 247,Piper-Heidsieck,curated
7461930401948,Veuve Clicquot Rose Champagne 75cl,Drinks House 247,Veuve Clicquot,curated
7466268393628,Au Green Watermelon Vodka,Drinks House 247,Au,curated
7466278682780,Au Blue Raspberry Vodka,Drinks House 247,Au,curated
7467644944540,No.3 London Dry Gin 70cl,Drinks House 247,No.3,curated
7468315902108,Monkey 47 Gin,Drinks House 247,Monkey 47,curated
7468331532444,Gordon's Gin 35cl,Drinks House 247,Gordon's,curated
7469665616028,Patron Gran Platinum Blanco Tequila 70cl,Drinks House 247,Patrón,curated
7469671940252,Sierra Reposado Gold Tequila,Drinks House 247,Sierra,curated
7469676953756,Sierra Silver Blanco Tequila,Drinks House 247,Sierra,curated
7469680459932,Ilegal Joven Mezcal 70cl,Drinks House 247,Ilegal,curated
7469682426012,Bumbu XO Rum 70cl,Drinks House 247,Bumbu,curated
7473450778780,Glenfiddich 12 Year Old Single Malt Whisky 70cl,Drinks House 247,Glenfiddich,curated
7473464148124,Bell’s Whisky 35cl,Drinks House 247,Bell's,curated
7473506615452,Chivas Regal 18 Year Old Blended Scotch Whisky,Drinks House 247,Chivas Regal,curated
7473514152092,Johnnie Walker Sweet Peat 70cl,Drinks House 247,Johnnie Walker,curated
7473625333916,Macallan 12 Year Sherry Oak Whisky 70cl,Drinks House 247,Macallan,curated
7473645879452,Dalmore Cigar Malt Whisky,Drinks House 247,Dalmore,curated
7473653612700,Dalmore 15 Year 70cl,Drinks House 247,Dalmore,curated
7473655644316,Dalmore 12 Year Whisky 70cl,Drinks House 247,Dalmore,curated
7474195955868,Fifty Pounds Gin 70cl,Drinks House 247,Fifty Pounds,curated
7474319196316,City of London Murcian Orange Gin,Drinks House 247,City of London,curated
7475169460380,City of London Six Bells Lemon Gin,Drinks House 247,City of London,curated
7477585739932,Citadelle Gin 70cl,Drinks House 247,Citadelle,curated
7477869346972,Bombay Sapphire Bramble Gin 70cl,Drinks House 247,Bombay Sapphire,curated
7478021619868,Johnnie Walker Gold Label Reserve Whisky,Drinks House 247,Johnnie Walker,curated
7478069592220,Royal Salute 21 Year Whisky,Drinks House 247,Royal Salute,curated
7479729160348,Clase Azul Plata Tequila 70cl,Drinks House 247,Clase Azul,curated
7479731716252,Clase Azul Gold Edition Tequila,Drinks House 247,Clase Azul,curated
7479735877788,Fortaleza Reposado Tequila,Drinks House 247,Fortaleza,curated
7479739154588,Fortaleza Blanco Tequila,Drinks House 247,Fortaleza,curated
7479961518236,Bacardi Gran Reserva Diez 10 Year Rum 70cl,Drinks House 247,Bacardi,curated
7479962828956,Bacardi Carta Oro Gold Rum 70cl,Drinks House 247,Bacardi,curated
7479964270748,Bacardi Carta Negra Black Rum 70cl,Drinks House 247,Bacardi,curated
7480442781852,Belvedere Single Estate Rye Vodka Smogory Forest 70cl,Drinks House 247,Belvedere,curated
7480451268764,Belvedere Organic Infusions Lemon & Basil Vodka,Drinks House 247,Belvedere,curated
7480453234844,Belvedere Organic Infusions Pear & Ginger Vodka,Drinks House 247,Belvedere,curated
7480456609948,Belvedere Organic Infusions Blackberry & Lemongrass,Drinks House 247,Belvedere,curated
7480594825372,Villa Maria Private Bin Pinot Noir 75cl,Drinks House 247,Villa Maria,curated
7480607506588,Calvet Prestige de Calvet Bordeaux,Drinks House 247,Calvet,curated
7480612323484,Chateau d’Esclans Whispering Angel Rose 75cl,Drinks House 247,Château d'Esclans,curated
7480617304220,Kylie Minogue,Drinks House 247,Kylie Minogue,curated
7482383794332,"Baron de Badassière, Carignan IGP Côtes de Thau, 75cl",Drinks House 247,Baron de Badassière,curated
7482387366044,Terras Gauda O Rosal 75cl,Drinks House 247,Terras Gauda,curated
7482394869916,Signature Series Robert Oatley Chardonnay 75cl,Drinks House 247,Robert Oatley,curated
7483196342428,Château Haut-Blanville Merlot 75cl,Drinks House 247,Château Haut-Blanville,estate
7483208368284,"Château Larose Trintaudon, Haut-Médoc 75cl",Drinks House 247,Château Larose Trintaudon Haut-Médoc,estate
7483237367964,"Château Mahon-Laville, Bordeaux Supérieur 75cl",Drinks House 247,Château Mahon-Laville,estate
7483241693340,Delagrave Bordeaux Dry Red 75cl,Drinks House 247,Delagrave,curated
7483244052636,Gran Sasso Montepulciano d’Abruzzo 75cl,Drinks House 247,Gran Sasso,curated
7483246280860,Flechas de Los Andes Gran Malbec 2019 75cl,Drinks House 247,Flechas de Los Andes,curated
7483249033372,The Chocolate Block 2023 75cl,Drinks House 247,The Chocolate Block,curated
7483257880732,Gran Sasso `Alta Quota` Pecorino 75cl,Drinks House 247,Gran Sasso,curated
7483260174492,Seguin Pouilly Fumé Cuvée Prestige 2019,Drinks House 247,Seguin,curated
7483261911196,Southern Right Sauvignon Blanc 2020,Drinks House 247,Southern Right,curated
7483573207196,Patron Reposado Rested Tequila,Drinks House 247,Patrón,curated
7483575042204,Patron Anejo Aged Tequila,Drinks House 247,Patrón,curated
7483711619228,Gran Patrón Piedra Tequila 70cl,Drinks House 247,Patrón,curated
7483730821276,Glenfiddich 15 Year Solera Whisky 70cl,Drinks House 247,Glenfiddich,curated
7483774795932,Glenfiddich 18 Year Whisky 70cl,Drinks House 247,Glenfiddich,curated
7483812020380,Tenjaku Japanese Whisky 70cl,Drinks House 247,Tenjaku,curated
7483832467612,Martell X.O Cognac 70cl,Drinks House 247,Martell,curated
7483874803868,The Lakes Salted Caramel Vodka Liqueur 70cl,Drinks House 247,The Lakes,curated
7483876507804,The Lakes Gin 70cl,Drinks House 247,The Lakes,curated
7483901116572,Madri Excepcional Lager 24x 440ml Cans,Drinks House 247,Madrí,curated
7483911012508,Perrier Jouet Belle Epoque 2014 Vintage Brut Champagne 75cl,Drinks House 247,Perrier-Jouët,curated
7483912323228,Ruinart Blanc de Blancs Champagne 75cl,Drinks House 247,Ruinart,curated
7483913175196,Ruinart Rose Champagne 75cl,Drinks House 247,Ruinart,curated
7483914354844,R de Ruinart Brut Champagne 75cl,Drinks House 247,Ruinart,curated
7595421827228,Veuve Clicquot La Grande Dame 2012 Vintage 75cl,Drinks House 247,Veuve Clicquot,curated
7595421859996,Mercier Brut,Drinks House 247,Mercier,curated
7595422023836,Mercier Brut Rose 75cl,Drinks House 247,Mercier,curated
7595422089372,Taittinger Brut Reserve NV 75cl,Drinks House 247,Taittinger,curated
7595422449820,Fleur de Miraval Rosé Champagne N.V 75cl,Drinks House 247,Fleur de Miraval,curated
7595422482588,Bollinger Rose Brut NV Champagne 75cl,Drinks House 247,Bollinger,curated
7597059801244,Mercier Blanc De Noirs 75cl,Drinks House 247,Mercier,curated
7602063278236,Laurent-Perrier Demi-Sec Harmony Champagne 75cl,Drinks House 247,Laurent-Perrier,curated
7602473566364,Laurent-Perrier La Cuvée Champagne 75cl,Drinks House 247,Laurent-Perrier,curated
7602477793436,Laurent-Perrier Ultra Brut Champagne 75cl,Drinks House 247,Laurent-Perrier,curated
7602481266844,Laurent-Perrier Brut Millésime Vintage 2012 Champagne,Drinks House 247,Laurent-Perrier,curated
7602484445340,Laurent-Perrier Cuvée Rosé Champagne Bamboo Robe Edition 75cl,Drinks House 247,Laurent-Perrier,curated
7602559287452,Absolut Vodka 1L,Drinks House 247,Absolut,curated
7602565808284,Captain Morgan Spiced Rum 1L,Drinks House 247,Captain Morgan,curated
7602810880156,Laurent-Perrier Blanc de Blancs Brut Nature Champagne 75cl,Drinks House 247,Laurent-Perrier,curated
7602828738716,Laurent-Perrier Rosé Alexandra 2004 Champagne,Drinks House 247,Laurent-Perrier,curated
7602849644700,Laurent-Perrier Grand Siècle Iteration N° 24 Champagne,Drinks House 247,Laurent-Perrier,curated
7602925109404,Dom Ruinart Blanc de Blancs 2010 Vintage Champagne 75cl,Drinks House 247,Dom Ruinart,curated
7602941919388,"Ruinart Blanc de Blancs Champagne NV Second Skin Case, 75cl",Drinks House 247,Ruinart,curated
7603586007196,Taittinger Nocturne Sec Champagne City Lights Limited Edition 75cl,Drinks House 247,Taittinger,curated
7603587219612,Taittinger Prelude Grand Crus Champagne 75cl,Drinks House 247,Taittinger,curated
7603589382300,Taittinger Brut Millesime Vintage 2015 Champagne 75cl,Drinks House 247,Taittinger,curated
7603590430876,Taittinger Les Folies de la Marquetterie Brut NV Champagne 75cl,Drinks House 247,Taittinger,curated
7604287242396,Veuve Clicquot La Grande Dame Rosé 2006 Champagne 75cl,Drinks House 247,Veuve Clicquot,curated
7604290224284,Veuve Clicquot Rich Rosé NV Champagne 75cl,Drinks House 247,Veuve Clicquot,curated
7604296745116,Bollinger PN TX17 Extra Brut MV Champagne 75cl Gift Box,Drinks House 247,Bollinger,curated
7604303757468,Bollinger B13 Vintage Champagne 75cl,Drinks House 247,Bollinger,curated
7605305049244,Dom Pérignon Rosé 1995 Plenitude P2 Vintage Champagne 75cl,Drinks House 247,Dom Pérignon,curated
7605312618652,"Dom Pérignon Plenitude P2 Vintage 2004 Champagne in Gift Box, 75cl",Drinks House 247,Dom Pérignon,curated
7606712500380,Armand De Brignac Ace of Spades Blanc de Blanc Champagne 75cl,Drinks House 247,Armand de Brignac,curated
7606716530844,Armand de Brignac Limited Edition Green Bottle Champagne 75cl,Drinks House 247,Armand de Brignac,curated
7608370495644,Krug 2008 Vintage Champagne Gift Box 75cl,Drinks House 247,Krug,curated
7608370561180,Krug Rosé Brut Champagne in Gift Box 75cl,Drinks House 247,Krug,curated
7608372396188,Krug Grande Cuvée Champagne in Gift Box 75cl,Drinks House 247,Krug,curated
7608376557724,Perrier Jouet Grand Brut Champagne 75cl,Drinks House 247,Perrier-Jouët,curated
7608389075100,Perrier Jouet Blanc de Blancs Champagne 75cl,Drinks House 247,Perrier-Jouët,curated
7608454938780,Perrier Jouet Blason Rosé Brut Champagne 75cl,Drinks House 247,Perrier-Jouët,curated
7608460017820,Perrier Jouet Belle Epoque Blanc de Blanc 2012 Champagne 75cl,Drinks House 247,Perrier-Jouët,curated
7608466473116,Perrier Jouet Belle Epoque Rosé Champagne 75cl,Drinks House 247,Perrier-Jouët,curated
7608484036764,Perrier Jouet Belle Epoque 2013 Rose Champagne 75cl,Drinks House 247,Perrier-Jouët,curated
7609172590748,Charles Heidsieck Brut Reserve NV Champagne 75cl,Drinks House 247,Charles Heidsieck,curated
7609172918428,Charles Heidsieck Rose Reserve Champagne 75cl,Drinks House 247,Charles Heidsieck,curated
7609182945436,Charles Heidsieck Blanc de Blancs Champagne 75cl,Drinks House 247,Charles Heidsieck,curated
7610207731868,Charles Heidsieck Brut Millesime 2013 Vintage Champagne 75cl,Drinks House 247,Charles Heidsieck,curated
7610219626652,Charles Heidsieck Rose Millesime 2008 Vintage Champagne 75cl,Drinks House 247,Charles Heidsieck,curated
7610225000604,Charles Heidsieck Blanc des Millénaires 2007 Champagne 75cl,Drinks House 247,Charles Heidsieck,curated
7610845560988,The House of Suntory Gift Set,Drinks House 247,Suntory,curated
7614382833820,"Jack Daniels Old No.7 Tennessee Whiskey Guitar Gift Pack, 70cl",Drinks House 247,Jack Daniel's,curated
7614540841116,Sir Winston Churchill Pol Roger Champagne 75cl,Drinks House 247,Pol Roger,curated
7616592281756,Della Vite prosecco rosé 75cl,Drinks House 247,Della Vite,curated
7616796754076,Henriot Souverain Brut NV Champagne 75cl,Drinks House 247,Henriot,curated
7616814612636,Henriot Blanc de Blancs NV Champagne 75cl,Drinks House 247,Henriot,curated
7616829948060,Louis Roederer 2016 rosé champagne 75cl,Drinks House 247,Louis Roederer,curated
7616838828188,Moët & Chandon Ice Impérial NV Rosé champagne 75cl,Drinks House 247,Moët & Chandon,curated
7618320990364,Henriot Brut Rosé NV Champagne 75cl,Drinks House 247,Henriot,curated
7618324037788,Deutz Classic Brut NV champagne 75cl,Drinks House 247,Deutz,curated
7618324070556,Deutz Brut rosé champagne 75cl,Drinks House 247,Deutz,curated
7661272105116,Toki Suntory Whisky 70cl,Drinks House 247,Suntory,curated
7663219638428,Chivas Regal 13 Year Extra Whisky 70cl,Drinks House 247,Chivas Regal,curated
7664189309084,Chivas Regal 25 Year Whisky 70cl,Drinks House 247,Chivas Regal,curated
7664192520348,Chivas Regal XV Blended Scotch Whisky 70cl,Drinks House 247,Chivas Regal,curated
7664194683036,"Jameson Irish Whiskey, 1L",Drinks House 247,Jameson,curated
7664195567772,Jameson 4.5L Triple Distilled Irish Whiskey,Drinks House 247,Jameson,curated
7664196878492,Chivas Regal 12 Year Mizunara Whisky 70cl,Drinks House 247,Chivas Regal,curated
7664457187484,Chivas Regal 4.5L 12 Year Old Blended Scotch Whisky,Drinks House 247,Chivas Regal,curated
7664873865372,Hibiki Harmony Japanese Whisky 70cl,Drinks House 247,Hibiki,curated
7664875962524,Hakushu 12 Year Japanese Whisky 70cl,Drinks House 247,Hakushu,curated
7664877142172,Hakushu Distillers Reserve Japanese Whisky 70cl,Drinks House 247,Hakushu,curated
7664879468700,Tenjaku Pure Malt Japanese Whisky 70cl,Drinks House 247,Tenjaku,curated
7666551095452,"Chateau Teyssier Montagne Saint-Emilion 2018, 75cl",Drinks House 247,Château Teyssier Montagne Saint-Emilion,estate
7667897761948,"Masi Costasera Amarone Classico 2019, 75cl",Drinks House 247,Masi,curated
7667907035292,"Château Batailley Pauillac Grand Cru Classé 2016, 75cl",Drinks House 247,Château Batailley,estate
7668097056924,Laurent Perrier Cuvée Rosé magnum 1.5L,Drinks House 247,Laurent-Perrier,curated
7668105609372,Champagne Laurent Perrier La Cuvée  Magnum 1.5L,Drinks House 247,Laurent-Perrier,curated
7668110327964,Krug Vintage 2002 Magnum 1.5L,Drinks House 247,Krug,curated
7668256866460,Veuve Clicquot Vintage 2002 Magnum 1.5L,Drinks House 247,Veuve Clicquot,curated
7669606809756,Moët & Chandon Nectar Impérial Rosé Dry Magnum 1.5L,Drinks House 247,Moët & Chandon,curated
7669647081628,Armand de Brignac Brut Rosé Magnum 1.5L,Drinks House 247,Armand de Brignac,curated
7670201680028,Armand de Brignac Brut Gold Magnum 1.5L,Drinks House 247,Armand de Brignac,curated
7671579803804,Moët & Chandon Champagne Brut Rosé Magnum 1.5L,Drinks House 247,Moët & Chandon,curated
7671588323484,Dom Pérignon Vintage 2010 1.5L Magnum,Drinks House 247,Dom Pérignon,curated
7672064311452,Veuve Clicquot Yellow Label Brut Magnum 1.5L,Drinks House 247,Veuve Clicquot,curated
7672091607196,Moët & Chandon Champagne Impérial Brut Magnum 1.5L,Drinks House 247,Moët & Chandon,curated
7672857231516,Chateau Ste Michelle Cabernet Sauvignon 75cl,Drinks House 247,Château Ste Michelle,estate
7674428293276,Champagne Laurent-Perrier La Cuvée 20cl,Drinks House 247,Laurent-Perrier,curated
7674523975836,12x Moët & Chandon Champagne Brut Rosé 37.5cl,Drinks House 247,Moët & Chandon,curated
7674568573084,Moët & Chandon Impérial Brut 37.5cl,Drinks House 247,Moët & Chandon,curated
7674632470684,12x Veuve Clicquot Yellow Label Case 37.5 cl,Drinks House 247,Veuve Clicquot,curated
7674697580700,Moët & Chandon Champagne Impérial Brut Mini 20cl,Drinks House 247,Moët & Chandon,curated
7674768425116,Moët & Chandon Champagne Brut Rosé Mini 20cl,Drinks House 247,Moët & Chandon,curated
7674819739804,"Cloudy Bay Sauvignon Blanc 2021, 75cl",Drinks House 247,Cloudy Bay,curated
7676357181596,G.H.Mumm Rose NV Brut 75cl,Drinks House 247,Mumm,curated
7676429041820,Villa Maria Private Bin Marlborough Sauvignon Blanc 75cl,Drinks House 247,Villa Maria,curated
7690164338844,"Miraval, Studio Rosé 75cl",Drinks House 247,Miraval,curated
7692676890780,"Domaine Stéphane Aladame, Montagny 1er Cru `Découverte` 75cl",Drinks House 247,Domaine Stéphane Aladame Montagny,estate
7692732039324,Charbonnel et Walker Pink Marc de Champagne Chocolate Truffles 135g,Drinks House 247,Charbonnel et Walker,curated
7692733317276,Charbonnel et Walker Dark Marc de Champagne Chocolate Truffles,Drinks House 247,Charbonnel et Walker,curated
7692736102556,Charbonnel et Walker Dark Sea Salt Caramel Chocolate Truffles,Drinks House 247,Charbonnel et Walker,curated
7692749340828,Charbonnel et Walker Milk Sea Salt Caramel Praline Chocolate Truffles,Drinks House 247,Charbonnel et Walker,curated
7692753010844,Charbonnel et Walker Pink Himalayan Salted Caramel Chocolate Truffles,Drinks House 247,Charbonnel et Walker,curated
7692757729436,Charbonnel et Walker 007 Dry Martini Truffles,Drinks House 247,Charbonnel et Walker,curated
7693179682972,Charbonnel et walker Whisky Truffles,Drinks House 247,Charbonnel et Walker,curated
7693184696476,Charbonnel et walker Pistachio Truffles,Drinks House 247,Charbonnel et Walker,curated
7693193642140,Charbonnel et walker Milk Sea Salt Caramel Thins,Drinks House 247,Charbonnel et Walker,curated
7693841203356,Charbonnel et walker Red Velvet Decadence Heart with Fine Milk & Dark Chocolates,Drinks House 247,Charbonnel et Walker,curated
7693930528924,"Domaine Jean-Noël Gagnard, Chassagne-Montrachet 1er Cru `Les Caillerets` 2019 75cl",Drinks House 247,Domaine Jean-Noël Gagnard Chassagne-Montrachet,estate
7695515156636,"Taittinger, Comtes de Champagne Blanc de Blancs 2011",Drinks House 247,Taittinger,curated
7696196927644,Gaja Barbaresco 2017 Double Magnum 3 Litres,Drinks House 247,Gaja,curated
7696811950236,Gaja Barbaresco 2018 37.5cl,Drinks House 247,Gaja,curated
7697504927900,Marchesi Antinori Tignanello 2019 75cl,Drinks House 247,Antinori,curated
7697510531228,Sassicaia Tenuta San Guido 2018 75cl,Drinks House 247,Sassicaia,curated
7697516069020,Sassicaia Tenuta San Guido 2014 75cl,Drinks House 247,Sassicaia,curated
7697525506204,Gaja Barbaresco 2019 75cl,Drinks House 247,Gaja,curated
7697529012380,Gaja Ca'Marcanda Promis 75cl,Drinks House 247,Gaja,curated
7697532682396,Gaja barbaresco 2018 75cl,Drinks House 247,Gaja,curated
7697536057500,Gaja barbaresco 2019 magnum 1.5 liters,Drinks House 247,Gaja,curated
7698971099292,"Piper-Heidsieck, Essentiel Cuvée Réservée Extra Brut 75cl",Drinks House 247,Piper-Heidsieck,curated
7699021562012,"Piper-Heidsieck, Cuvée Sublime Demi-Sec Gift Box",Drinks House 247,Piper-Heidsieck,curated
7699058589852,"Piper-Heidsieck, Essentiel Blanc de Blancs Extra Brut 75cl",Drinks House 247,Piper-Heidsieck,curated
7699268501660,"Piper-Heidsieck, Vintage 2014 75cl",Drinks House 247,Piper-Heidsieck,curated
7699336331420,"Piper-Heidsieck, Hors-Série Vintage Brut 1982 75cl",Drinks House 247,Piper-Heidsieck,curated
7704985469084,"Devaux, Cuvée D, Aged 5 Years 75cl",Drinks House 247,Devaux,curated
7707990720668,"Domaine Vrignaud, Chablis 1er Cru `Fourchaume` 2021 75cl",Drinks House 247,Domaine Vrignaud,estate
7707992719516,"Domaine Corinne Perchaud, Chablis 1er Cru `Fourchaume` 2020, 75cl",Drinks House 247,Domaine Corinne Perchaud,estate
7707998126236,"Domaine Laroche, Chablis 1er Cru `Côte de Léchet` 2021, 75cl",Drinks House 247,Domaine Laroche,estate
7708011954332,"Domaine Laroche, Chablis `St Martin` 2020, 75cl",Drinks House 247,Domaine Laroche,estate
7708107669660,"Domaine Corsin, Pouilly-Fuissé `Vieilles Vignes`2018, 75cl",Drinks House 247,Domaine Corsin Pouilly-Fuissé,estate
7708598141084,Dom Perignon Champagne 75cl,Drinks House 247,Dom Pérignon,curated
7710297981084,"Domaine Georges Glantenay, Bourgogne Aligoté Vieilles Vignes 2020, 75cl",Drinks House 247,Domaine Georges Glantenay,estate
7710528438428,Prunier 1978 Borderies Cognac 70cl,Drinks House 247,Prunier,curated
7710652072092,"Gaja, `Gaia & Rey` Langhe Chardonnay 2018, 75cl",Drinks House 247,Gaja,curated
7710657839260,"Domaine Jean-Noël Gagnard, Chassagne-Montrachet 1er Cru `Les Caillerets` 2020, 75cl",Drinks House 247,Domaine Jean-Noël Gagnard Chassagne-Montrachet,estate
7710660198556,"Domaine Jean-Marc Boillot, Montagny 1er Cru 75cl",Drinks House 247,Domaine Jean-Marc Boillot Montagny,estate
7710662656156,"Domaine Jean-Marc Boillot, Bourgogne Blanc 2021, 75cl",Drinks House 247,Domaine Jean-Marc Boillot,estate
7710816600220,"Château Petit-Village, Pomerol-2017 75cl",Drinks House 247,Château Petit-Village Pomerol-2017 75cl,estate
7710828331164,"Château Tour de Capet, Saint-Émilion Grand Cru-2019 75cl",Drinks House 247,Château Tour de Capet,estate
7710856478876,"Château Capet-Guillier, Saint-Émilion Grand Cru-2017 75cl",Drinks House 247,Château Capet-Guillier Saint-Émilion,estate
7711764971676,"Château Mouras, Graves-2018 75cl",Drinks House 247,Château Mouras Graves-2018 75cl,estate
7712034160796,"Château Lamothe-Bouscaut, Pessac-Léognan Blanc-2019 75cl",Drinks House 247,Château Lamothe-Bouscaut Pessac-Léognan Blanc-2019,estate
7712042090652,"Château Lamothe-Bouscaut, Pessac-Léognan-2018 75cl",Drinks House 247,Château Lamothe-Bouscaut Pessac-Léognan-2018 75cl,estate
7712140624028,"Château Montgrand-Milon, Pauillac-2016 75cl",Drinks House 247,Château Montgrand-Milon Pauillac-2016 75cl,estate
7716486676636,Château Mouton Rothschild 1982,Drinks House 247,Château Mouton Rothschild 1982,estate
7716494573724,Château Mouton Rothschild 1985,Drinks House 247,Château Mouton Rothschild 1985,estate
7716500275356,Château Mouton Rothschild 1998,Drinks House 247,Château Mouton Rothschild 1998,estate
7716503847068,Château Mouton Rothschild 2000,Drinks House 247,Château Mouton Rothschild 2000,estate
7716510564508,Château Mouton Rothschild 2001,Drinks House 247,Château Mouton Rothschild 2001,estate
7716567187612,Château Mouton Rothschild 2008 75cl,Drinks House 247,Château Mouton Rothschild 2008,estate
7716591075484,Château Mouton Rothschild 300cl 1982,Drinks House 247,Château Mouton Rothschild 300cl,estate
7717938561180,Ilegal Reposado Mezcal 70cl,Drinks House 247,Ilegal,curated
7789253886108,Laurent-Perrier Cuvée Rosé Brut NV Champagne 75cl,Drinks House 247,Laurent-Perrier,curated
7789261389980,Laurent-Perrier Cuvée Rosé Brut NV Champagne Gift Set 75cl,Drinks House 247,Laurent-Perrier,curated
7789283967132,Billecart Salmon Brut Reserve NV Champagne 75cl,Drinks House 247,Billecart-Salmon,curated
7789292028060,Billecart Salmon Brut Rose NV Champagne 75cl,Drinks House 247,Billecart-Salmon,curated
7789307199644,Billecart Salmon Blanc de Blancs Grand Cru NV Champagne 75cl,Drinks House 247,Billecart-Salmon,curated
7793452253340,Bollinger R.D. Extra Brut 2008 (75cl) Gift Box,Drinks House 247,Bollinger,curated
7793457266844,"BOLLINGER PN AYC 18 2018, 75cl",Drinks House 247,Bollinger,curated
7808555352220,"Chateau Beau-Sejour Becot 2018, 75cl",Drinks House 247,Château Beau-Sejour Becot 2018,estate
7810104492188,Hennessy Paradis,Drinks House 247,Hennessy,curated
7827834175644,Chandon Rosé Argentina 75cl,Drinks House 247,Chandon,curated
7827884638364,Chandon Brut Argentina 75cl,Drinks House 247,Chandon,curated
7827900891292,Chandon Garden Spritz 75cl,Drinks House 247,Chandon,curated
7830114861212,Domaine Drouhin Oregon's 2021 Pinot Noir 75cl,Drinks House 247,Domaine Drouhin Oregon's 2021,estate
7830712352924,Macallan 18 Double Cask,Drinks House 247,Macallan,curated
7840280805532,Belvedere Vodka Night Saber 3L,Drinks House 247,Belvedere,curated
7840293322908,Laurent Perrier Cuvee Gift Pack with 2 glasses,Drinks House 247,Laurent-Perrier,curated
7840321732764,Chateau Palmer 2005,Drinks House 247,Château Palmer 2005,estate
7841398292636,"Chateau Latour 2008, 75cl",Drinks House 247,Château Latour 2008 75cl,estate
7841981694108,Chateau Troplong Mondot 2005,Drinks House 247,Château Troplong Mondot 2005,estate
7842038677660,Chateau Figeac from Saint Emilion 2015,Drinks House 247,Château Figeac,estate
7863927636124,Tignanello Magnum 2020,Drinks House 247,Antinori,curated
7863931109532,Sassicaia 2004,Drinks House 247,Sassicaia,curated
7863970988188,Guado al Tasso Marchesi Antinori 2020,Drinks House 247,Antinori,curated
7864239882396,Bollinger RD Magnum 2008,Drinks House 247,Bollinger,curated
7864243650716,Bollinger La Grande Annee 2014,Drinks House 247,Bollinger,curated
7891838501020,"Domaine Roger Belland, Chassagne-Montrachet 1er Cru `Morgeot Clos Pitois`",Drinks House 247,Domaine Roger Belland Chassagne-Montrachet,estate
7891874152604,"Domaine Roger Belland, Puligny-Montrachet 1er Cru `Les Champs Gains`",Drinks House 247,Domaine Roger Belland Puligny-Montrachet,estate
7892022198428,"Domaine Borgeot, Chassagne-Montrachet 1er Cru `Clos St. Jean`",Drinks House 247,Domaine Borgeot Chassagne-Montrachet 1er,estate
7892057817244,"Domaine Borgeot, Chassagne-Montrachet `Vieilles Vignes`",Drinks House 247,Domaine Borgeot Chassagne-Montrachet,estate
7893090369692,"Charles Heidsieck, Rosé Réserve",Drinks House 247,Charles Heidsieck,curated
7893334360220,"Charles Heidsieck, Brut Millésimé 2013",Drinks House 247,Charles Heidsieck,curated
7893997453468,"Charles Heidsieck, Rosé Millésimé 2005",Drinks House 247,Charles Heidsieck,curated
7894502670492,"Charles Heidsieck, Rosé Millésime 2005",Drinks House 247,Charles Heidsieck,curated
7894558277788,"Charles Heidsieck, Champagne Charlie Cellared 2017",Drinks House 247,Charles Heidsieck,curated
7894566731932,"Devaux, Grande Réserve",Drinks House 247,Devaux,curated
7894568698012,"Devaux, `Coeur des Bar` Rosé",Drinks House 247,Devaux,curated
7894600843420,"Devaux, Collector's Magnum Vintage 2005",Drinks House 247,Devaux,curated
7894616834204,"Devaux, D Rosé, Aged 5 Years",Drinks House 247,Devaux,curated
7894626271388,"Devaux, D Millésimé 2012",Drinks House 247,Devaux,curated
7895042424988,"Devaux, `Coeur des Bar` Blanc de Noirs",Drinks House 247,Devaux,curated
7895072800924,"Devaux, Ultra D, Aged 5 Years",Drinks House 247,Devaux,curated
7895166025884,"Devaux, Sténopé 2012",Drinks House 247,Devaux,curated
7895218290844,"Devaux, Sténopé 2011",Drinks House 247,Devaux,curated
7895268753564,"Devaux, `Coeur de Nature` Organic",Drinks House 247,Devaux,curated
7895274061980,"Domaine Jean-Noël Gagnard, Chassagne-Montrachet 1er Cru `Les Caillerets` 2018",Drinks House 247,Domaine Jean-Noël Gagnard Chassagne-Montrachet,estate
7895404576924,"Domaine Jean-Noël Gagnard, Chassagne-Montrachet `Les Chaumes` 2021",Drinks House 247,Domaine Jean-Noël Gagnard Chassagne-Montrachet,estate
7895413358748,"Domaine Jean-Noël Gagnard, Chassagne-Montrachet Cuvée L'Estimée Rouge 2020",Drinks House 247,Domaine Jean-Noël Gagnard Chassagne-Montrachet,estate
7895503274140,"Fleur de Miraval, Rosé ER3 (Gift Box)",Drinks House 247,Fleur de Miraval,curated
7895512678556,"Maison Caroline Lestimé, Chassagne-Montrachet 1er Cru `La Maltroie` 2018",Drinks House 247,Maison Caroline Lestimé Chassagne-Montrachet,estate
7895891411100,"Maison Caroline Lestimé, Bourgogne Hautes Côtes de Beaune Rouge `Clos Bortier` 2020",Drinks House 247,Maison Caroline Lestimé,estate
7895915135132,"Maison Caroline Lestimé, Chassagne-Montrachet `Champ Derrière` 2018",Drinks House 247,Maison Caroline Lestimé Chassagne-Montrachet,estate
7896105713820,"Piper-Heidsieck, Rosé Sauvage",Drinks House 247,Piper-Heidsieck,curated
7897542525084,"Piper-Heidsieck, Essentiel Blanc de Noirs Extra Brut",Drinks House 247,Piper-Heidsieck,curated
7897616482460,"Piper-Heidsieck, Cuvée Brut `Luminous` Magnum",Drinks House 247,Piper-Heidsieck,curated
7897651249308,"Piper-Heidsieck, Hors-Série Vintage Brut 1971",Drinks House 247,Piper-Heidsieck,curated
7897677234332,"Rare Champagne, Millésime 2013",Drinks House 247,Rare Champagne,curated
7897703153820,"Rare Champagne, Millésime 2008",Drinks House 247,Rare Champagne,curated
7897727074460,"Rare Champagne, Millésime 2002",Drinks House 247,Rare Champagne,curated
7898031489180,"Rare Champagne, Rosé Millésime 2014",Drinks House 247,Rare Champagne,curated
7898047086748,"Rare Champagne, Rosé Millésime 2012",Drinks House 247,Rare Champagne,curated
7901494542492,Krug Vintage 1989,Drinks House 247,Krug,curated
7901494575260,Krug Vintage 1973,Drinks House 247,Krug,curated
7901495099548,Krug Vintage 1985,Drinks House 247,Krug,curated
7901649043612,"Rare Champagne, Rosé Millésime Gift Box 2007",Drinks House 247,Rare Champagne,curated
7951371829404,Bruno Paillard Brut Premiere Cuvee Rose,Drinks House 247,Bruno Paillard,curated
7951736307868,Dom Perignon 1999,Drinks House 247,Dom Pérignon,curated
7951739977884,Dom Perignon 2000,Drinks House 247,Dom Pérignon,curated
7951743484060,Dom Perignon 2002,Drinks House 247,Dom Pérignon,curated
7951747317916,Dom Perignon Magnum 2012,Drinks House 247,Dom Pérignon,curated
7951766421660,Dom Perignon Oenotheque 1976,Drinks House 247,Dom Pérignon,curated
7951771435164,Dom Perignon P2 1998,Drinks House 247,Dom Pérignon,curated
7951771697308,Dom Perignon P2 2004,Drinks House 247,Dom Pérignon,curated
7951779528860,Dom Perignon Rose 2002,Drinks House 247,Dom Pérignon,curated
7951784280220,Dom Perignon Rose 2008,Drinks House 247,Dom Pérignon,curated
7951794733212,Dom Ruinart 2010,Drinks House 247,Dom Ruinart,curated
7952859824284,Charles Heidsieck Blanc des Millenaires 1983,Drinks House 247,Charles Heidsieck,curated
7952891773084,Charles Heidsieck Blanc des Millenaires 1995,Drinks House 247,Charles Heidsieck,curated
7953132519580,Bruno Paillard Brut Premiere Cuvee Magnum,Drinks House 247,Bruno Paillard,curated
7953144512668,Bruno Paillard Brut Premiere Cuvee,Drinks House 247,Bruno Paillard,curated
7953340399772,Bollinger Vieilles Vignes Francaises 2012,Drinks House 247,Bollinger,curated
7954995511452,Bollinger La Grande Annee Rose 2014,Drinks House 247,Bollinger,curated
7957152399516,Billecart Salmon Brut Nature,Drinks House 247,Billecart-Salmon,curated
7957199290524,Billecart Salmon Cuvee Louis Salmon 2009,Drinks House 247,Billecart-Salmon,curated
7957215608988,Billecart Salmon Cuvee Nicolas-Francois Billecart 2002,Drinks House 247,Billecart-Salmon,curated
7957236744348,Billecart Salmon Les Rendez-Vous No. 3,Drinks House 247,Billecart-Salmon,curated
7957303754908,Billecart Salmon Sous Bois,Drinks House 247,Billecart-Salmon,curated
7957335179420,Bollinger La Cote Aux Enfants Champagne 2013,Drinks House 247,Bollinger,curated
7963101790364,Don Julio Primavera,Drinks House 247,Don Julio,curated
7963132067996,Miraval Rose Perrin 2022,Drinks House 247,Miraval,curated
7967850430620,Sassicaia 2021,Drinks House 247,Sassicaia,curated
7985907564700,Domaine Ott Clos Mireille Rose 2022,Drinks House 247,Domaine Ott Clos Mireille,estate
8005292720284,Glenfiddich 23-Year-Old Grand Cru Single Malt Scotch Whisky,Drinks House 247,Glenfiddich,curated
8010952147100,Dom Pérignon x Lady Gaga Dom Pérignon Rosé 2008,Drinks House 247,Dom Pérignon,curated
8016714334364,Penfolds Grange 2018 Magnum,Drinks House 247,Penfolds,curated
8018108350620,Schweppes Lemonade 24x 150ml Cans,Drinks House 247,Schweppes,curated
8018135122076,Fanta Orange 24x 330ml,Drinks House 247,Fanta,curated
8018159075484,Coca Cola Diet Coke 24x 150ml,Drinks House 247,Coca-Cola,curated
8018159796380,Coca Cola Diet Coke 24x 330ml Icon Glass Bottles,Drinks House 247,Coca-Cola,curated
8021062844572,Schweppes Ginger Ale 24x 150ml Cans,Drinks House 247,Schweppes,curated
8021070872732,Schweppes Slimline Indian Tonic Water 24x 150ml Cans,Drinks House 247,Schweppes,curated
8021080244380,Fever Tree Elderflower Tonic Water 24x 200ml,Drinks House 247,Fever-Tree,curated
8021245853852,Fever Tree Naturally Light Tonic Water 8x500ml,Drinks House 247,Fever-Tree,curated
8021252767900,Fever Tree Mediterranean Tonic Water 24x 200ml,Drinks House 247,Fever-Tree,curated
8021255815324,Fever Tree Naturally Light Tonic Water 24x 200ml,Drinks House 247,Fever-Tree,curated
8021268332700,Fever Tree Tonic Water 8x 500ml,Drinks House 247,Fever-Tree,curated
8021269643420,Fever Tree Tonic Water 24x 200ml,Drinks House 247,Fever-Tree,curated
8021279178908,Schweppes Indian Tonic Water 24x 150ml Cans,Drinks House 247,Schweppes,curated
8025648595100,Château Macaron Wedding Cake,Drinks House 247,Château Macaron Wedding Cake,estate
8052745765020,Moet & Chandon Collection Impériale Création No. 1 Non Vintage,Drinks House 247,Moët & Chandon,curated
8052789608604,Chateau Latour Les Forts de Latour 2000,Drinks House 247,Château Latour Les Forts,estate
8054861856924,Château Montrose Jeroboam 2019 (3L),Drinks House 247,Château Montrose Jeroboam 2019,estate
8054918906012,Pol Roger Cuvée Sir Winston Churchill Brut 2009 (3L),Drinks House 247,Pol Roger,curated
8194534211740,Taittinger Comtes de Champagne Rose Brut 2009,Drinks House 247,Taittinger,curated
8203035574428,Charles Heidsieck Brut Millésime 1981 (1.5L),Drinks House 247,Charles Heidsieck,curated
8203053367452,Charles Heidsieck Brut Millesime Champagne 1981 (3L),Drinks House 247,Charles Heidsieck,curated
8203069227164,Billecart-Salmon Elisabeth Salmon Rosé Champagne 2008 Magnum,Drinks House 247,Billecart-Salmon,curated
8203254530204,Moët & Chandon Grand Vintage Collection 1978 Magnum,Drinks House 247,Moët & Chandon,curated
8203261739164,Bollinger Special Cuvée Rosé NV Magnum,Drinks House 247,Bollinger,curated
8204196216988,Billecart-Salmon Cuvee Nicolas-Francois Billecart Millesime 2008,Drinks House 247,Billecart-Salmon,curated
8204213420188,Chateau Palmer 2010 Jeroboam 3L,Drinks House 247,Château Palmer 2010 Jeroboam,estate
8204455346332,Château Fuissé Le clos Chardonnay 2021 (75cl),Drinks House 247,Château Fuissé Le,estate
8204473139356,The Dalmore 30-Year-Old Single Malt Whisky 2022 (70cl),Drinks House 247,Dalmore,curated
8204483952796,Courvoisier Mizunara Cask Cognac (70cl),Drinks House 247,Courvoisier,curated
8206681571484,Billecart-Salmon Le Clos Saint Hilaire Blanc de Noirs Brut Champagne 2005,Drinks House 247,Billecart-Salmon,curated
8206694809756,Taittinger Comtes de Champagne Blanc de Blancs Brut 2011 (6L),Drinks House 247,Taittinger,curated
8206735966364,"López de Heredia Viña Tondonia Tinto, Reserva 2011 - 150cl Magnum Rioja - Spain",R. López de Heredia Viña Tondonia,López de Heredia,curated
8206750974108,Louis Roederer Late Release Vintage Brut 1996 (150cl),Drinks House 247,Louis Roederer,curated
8222538432668,Chateau Haut-Brion Bordeaux-Blend 1998,Drinks House 247,Château Haut-Brion Bordeaux-Blend 1998,estate
14971622850935,Don Julio 1942 Peggy Gou Limited Edition Añejo Tequila 70cl,Drinks House 247,Don Julio,curated
14971657945463,Fortaleza Still Strength Blanco Tequila 70cl,Drinks House 247,Fortaleza,curated
14973396451703,Volcan De Mi Tierra XA,Volcan,Volcán,curated
14974411112823,Volcan De Mi Tierra Blanco 70cl,Volcan,Volcán,curated
14974413341047,Volcan De Mi Tierra Cristalino 70cl,Volcan,Volcán,curated
14974415110519,Volcan De Mi Tierra Reposado 70cl,Volcan,Volcán,curated
14974415995255,Volcan De Mi Tierra Blanco Tahona 70cl,Volcan,Volcán,curated
14975526633847,Komos XO Tequila 70cl,komos,Komos,curated
14976106037623,Komos Extra Anejo Tequila 70cl,komos,Komos,curated
14976126189943,Komos Anejo Reserva Tequila 70cl,komos,Komos,curated
14976127926647,Komos Reposado Rosa Tequila 70cl,komos,Komos,curated
14976129630583,Komos Añejo Cristalino Tequila 70cl,komos,Komos,curated
14976235503991,Louis Roederer Cristal 2002 Champagne 75cl,cristal,Louis Roederer,curated
14980411982199,Louis Roederer Cristal 1990 Champagne 75cl,cristal,Louis Roederer,curated
14982810632567,Dom Pérignon Vintage 2010 – 75cl,Drinks House 247,Dom Pérignon,curated
14982811779447,Dom Pérignon Vintage 2008 – 75cl,Drinks House 247,Dom Pérignon,curated
14982824395127,Dom Pérignon Magnum 2012 – 150cl,Drinks House 247,Dom Pérignon,curated
14982825935223,Dom Pérignon Rosé 2009 – 75cl,Drinks House 247,Dom Pérignon,curated
14982830719351,Dom Pérignon Luminous Label 2012 – 75cl,Drinks House 247,Dom Pérignon,curated
14982834454903,Dom Pérignon Vintage 1998 – 75cl,Drinks House 247,Dom Pérignon,curated
15236169040247,Freixenet Prosecco D.O.C. 75cl & Scented Candle Gift Box,Drinks House 247,Freixenet,curated
15280037658999,Dom Pérignon Takashi Murakami Edition 2015 - 75cl,Drinks House 247,Dom Pérignon,curated
15298575565175,Bulleit Bourbon,Drinks House 247,Bulleit,curated
15309976076663,Beluga Vodka Gold Line 70cl,Drinks House 247,Beluga,curated
15344941859191,Balvenie 12 Year Old Doublewood 70cl,Drinks House 247,Balvenie,curated
15344968434039,GOSSET GRANDE RESERVE BRUT 75cl,Drinks House 247,Gosset,curated
15344982524279,GOSSET CELEBRIS BRUT 2012 GIFT BOX 75cl,Drinks House 247,Gosset,curated
15345889542519,GOSSET GRAND RESERVE ROSE 75cl,Drinks House 247,Gosset,curated
15345909694839,GOSSET CELEBRIS EXTRA BRUT 2007 GIFT BOX 75cl,Drinks House 247,Gosset,curated
15345912545655,GOSSET GRAND BLANC DE BLANCS GIFT BOX 75cl,Drinks House 247,Gosset,curated
15345949278583,GOSSET CELEBRIS ROSE 2008 GIFT BOX 75cl,Drinks House 247,Gosset,curated
15345968251255,GOSSET 12 ANS DE CAVE A MINIMA ROSÉ CHAMPAGNE GIFT BOX 75cl,Drinks House 247,Gosset,curated
15346242388343,AYALA BRUT MAJEUR CHAMPAGNE GIFT BOX 75cl,Drinks House 247,Ayala,curated
15346262376823,AYALA ROSE MAJEUR NV 75cl,Drinks House 247,Ayala,curated
15346267390327,AYALA A/18 LE BLANC DE BLANCS CHAMPAGNE GIFT BOX 75cl,Drinks House 247,Ayala,curated
15353815630199,Dom Perignon Lenny Kravitz Limited Edition Vintage 2008-Gift Box 75cl,Drinks House 247,Dom Pérignon,curated
15353943589239,DOM PERIGNON 2015 JEAN-MICHEL BASQUIAT GREEN 75cl,Drinks House 247,Dom Pérignon,curated
15354032456055,Dom Pérignon Rosé x Lenny Kravitz Vintage 2006 - Gift Box 75cl,Drinks House 247,Dom Pérignon,curated
15354103824759,Dom Perignon Rose Vintage 2008 Gift Box - 75cl,Drinks House 247,Dom Pérignon,curated
15354406994295,Dom Perignon Rose Luminous Label Vintage 2002 - 75cl,Drinks House 247,Dom Pérignon,curated
15354784842103,Dom Perignon Plenitude 2 P2 Vintage 2003 Gift Box 75cl,Drinks House 247,Dom Pérignon,curated
15354865451383,Dom Perignon Plenitude 2 P2 Vintage 2002 Gift Box 75cl,Drinks House 247,Dom Pérignon,curated
15354901954935,Dom Perignon Plenitude 2 P2 Vintage 2000 Gift Box 75cl,Drinks House 247,Dom Pérignon,curated
15354907099511,Dom Perignon Plenitude 2 P2 Vintage 2006 Gift Box 75cl,Drinks House 247,Dom Pérignon,curated
15357068247415,Dom Perignon Plenitude 2 P2 Vintage 2008 - 75cl,Drinks House 247,Dom Pérignon,curated
15357161537911,Dom Perignon Rose Plenitude 2 P2 Vintage 2000 Gift Box 75cl,Drinks House 247,Dom Pérignon,curated
15358629937527,Dom Perignon Vintage 2015 Gift Box 75cl,Drinks House 247,Dom Pérignon,curated
15359025545591,Dom Perignon Luminous Label Vintage 2013 - 75cl,Drinks House 247,Dom Pérignon,curated
15359294800247,Dom Perignon Vintage 2012 Gift Box 75cl,Drinks House 247,Dom Pérignon,curated
15359386845559,Dom Perignon Rose Vintage 2004 - 75cl,Drinks House 247,Dom Pérignon,curated
15359395201399,Dom Perignon Legacy Edition Vintage 2008 Gift Box 75cl,Drinks House 247,Dom Pérignon,curated
15363519709559,"Del Maguey Vida Single Village Mezcal, 70cl",Drinks House 247,Del Maguey,curated
15363786408311,Château d'Esclans Estate Rosé 2022 - 75cl,Drinks House 247,Château d'Esclans,curated
15372545687927,Dom Perignon Rose Jewel Edition Vintage 2002 Gift Box 75cl,Drinks House 247,Dom Pérignon,curated
15375768453495,Romantic Moët & Chandon Rosé Champagne Gift Set with Pink Truffles and Single Rose - Perfect for Valentine’s Day,Drinks House 247,Moët & Chandon,curated
15384420024695,Domaine Evremond Classic Cuvee Brut Edition 1 NV - Gift Box 75cl,Drinks House 247,Domaine Evremond Classic Cuvee,estate
15391356584311,Dom Perignon Rose Vintage 2010 Takashi Murakami - Gift Box 75cl,Drinks House 247,Dom Pérignon,curated
15392142688631,DIPLOMÁTICO PLANAS WHITE RUM 70cl,Drinks House 247,Diplomático,curated
15392143081847,DIPLOMÁTICO RESERVA EXCLUSIVA RUM 70cl,Drinks House 247,Diplomático,curated
15393163542903,Diplomatico Seleccion de Familia 70cl,Drinks House 247,Diplomático,curated
15393447117175,Diplomatico Mantuano 70cl,Drinks House 247,Diplomático,curated
15393851965815,JOHNNIE WALKER BLUE LABEL LIMITED EDITION YEAR OF THE RABBIT 70CL,Drinks House 247,Johnnie Walker,curated
15394255896951,Diplomatico Ambassador Rum 70cl,Drinks House 247,Diplomático,curated
15395932242295,Château Giscours Margaux 2023 (Kosher) 75cl,Drinks House 247,Château Giscours,estate
15401984033143,Gordon’s Dry Gin 1950 Spring Cap 75cl,Drinks House 247,Gordon's,curated
15419401634167,Chateau Labegorce Margaux 2022,Drinks House 247,Château Labegorce,estate
15419442069879,Chateau Marquis D'Alesme Margaux GCC 2019,Drinks House 247,Château Marquis D'Alesme,estate
15419446755703,Chateau Lafite Rothschild Premier GCC 2020,Drinks House 247,Château Lafite Rothschild,estate
15419807236471,Chateau Latour Grand Cru Classe 2016,Drinks House 247,Château Latour,estate
15419822670199,Chateau Palmer Margaux 2022,Drinks House 247,Château Palmer,estate
15419823292791,Chateau Palmer Margaux 2020,Drinks House 247,Château Palmer,estate
15419823653239,Chateau Palmer Margaux 2021,Drinks House 247,Château Palmer,estate
15420709372279,Johnnie Walker Blue Label Ghost & Rare Pittyvaich 70cl,Drinks House 247,Johnnie Walker,curated
15420763079031,Johnnie Walker Blue Label Ghost & Rare Port Dundas 70cl,Drinks House 247,Johnnie Walker,curated
15420765307255,Johnnie Walker Blue Label Elusive Umami Blended Scotch Whisky 70cl,Drinks House 247,Johnnie Walker,curated
15420773728631,Johnnie Walker Blue Ice Chalet 70cl and Crossbody Bag,Drinks House 247,Johnnie Walker,curated
15421586637175,Chateau Cos d'Estournel St Estephe GCC 2021,Drinks House 247,Château Cos,estate
15421587259767,Marchesi Antinori Tignanello 2021,Drinks House 247,Antinori,curated
15421946298743,"Johnnie Walker 18 Year Old Blended Scotch Whisky, 70cl",Drinks House 247,Johnnie Walker,curated
15421952622967,"Johnnie Walker Green Label Blended Malt Scotch Whisky, 70cl",Drinks House 247,Johnnie Walker,curated
15422068425079,Belvedere 10 Vodka Gift Box 70cl,Drinks House 247,Belvedere,curated
15422090576247,Belvedere 10 Magnum Vodka 175cl,Drinks House 247,Belvedere,curated
15422107615607,Absolut Elyx single Estate Vodka 70cl,Drinks House 247,Absolut,curated
15422114103671,Patrón® El Cielo Tequila 70cl,Drinks House 247,Patrón,curated
15425386217847,Woodford Reserve Kentucky Bourbon Whisky 70cl,Drinks House 247,Woodford Reserve,curated
15427624927607,Belvedere Vodka Methuselah 6L,Drinks House 247,Belvedere,curated
15427634364791,Glenmorangie A Tale of Ice Cream Whisky 70cl,Drinks House 247,Glenmorangie,curated
15427637215607,Glenmorangie Lasanta 12 Year Old Single Malt Scotch Whisky 70cl,Drinks House 247,Glenmorangie,curated
15427641180535,Glenmorangie The Original 12 Year Old Single Malt Scotch Whisky 70cl,Drinks House 247,Glenmorangie,curated
15427644916087,The Glenlivet Founder's Reserve 70cl,Drinks House 247,Glenlivet,curated
15427649569143,Glenlivet Founders 15 Year Old French Oak Single Malt Whisky 70cl,Drinks House 247,Glenlivet,curated
15428869423479,Johnnie Walker Blue Label x Rahul Mishra Limited Edition 70cl,Drinks House 247,Johnnie Walker,curated
15468687622519,Talisker 10 Year Old Single Malt Scotch Whisky 70cl,Drinks House 247,Talisker,curated
15478992929143,Hibiki Blossom Harmony 70cl,Drinks House 247,Hibiki,curated
15478997025143,Hibiki Japanese Harmony Master`s Select 70cl,Drinks House 247,Hibiki,curated
15479000662391,Hibiki 21 Year Old 70cl,Drinks House 247,Hibiki,curated
15479005544823,Hibiki 30 Year Old 70cl,Drinks House 247,Hibiki,curated
15479946510711,Patron El Alto Tequila 70cl,Drinks House 247,Patrón,curated
15479974822263,BLANTON'S GOLD EDITION,Drinks House 247,Blanton's,curated
15481169772919,YAMAZAKI 12 YEAR OLD JAPANESE WHISKY 70CL,Drinks House 247,Yamazaki,curated
15481181536631,Yamazaki 18 Year Old Japanese Whisky 70cl,Drinks House 247,Yamazaki,curated
15481186877815,Yamazaki Distillers Reserve 70cl,Drinks House 247,Yamazaki,curated
15481191301495,Yamazaki Limited Edition 2022,Drinks House 247,Yamazaki,curated
15481194217847,Yamazaki Smoky Batch 70cl,Drinks House 247,Yamazaki,curated
15481200705911,Macallan Rare Cask Black 70cl,Drinks House 247,Macallan,curated
15482301219191,Freixenet Rose Prosecco D.O.C. 75cl & Scented Candle Gift Box,Drinks House 247,Freixenet,curated
15483319910775,Veuve Clicquot La Grande Dame Limited Edition by Simon Porte Jacquemus 2018 Champagne 75cl,Drinks House 247,Veuve Clicquot,curated
15483333673335,Veuve Clicquot Brut NV champagne with Puffy bottle holder 75cl,Drinks House 247,Veuve Clicquot,curated
15483336589687,Veuve Clicquot Sun Totem With Portable Holder NV Brut Yellow Label Limited Edition Yinka Ilori,Drinks House 247,Veuve Clicquot,curated
15483486273911,Charbonnel et Walker - Union Jack Milk Sea Salt Caramel Truffles (240g),Drinks House 247,Charbonnel et Walker,curated
15483489157495,"Charbonnel et Walker - Dark, Milk and Pink Himalayan Salted Caramel Truffles Gift Set (3 x 48g)",Drinks House 247,Charbonnel et Walker,curated
15483514290551,Charbonnel et Walker - Set of 3 Salted Caramel Mini Chocolate Hearts (105g),Drinks House 247,Charbonnel et Walker,curated
15483533295991,Charbonnel et Walker - James Bond Tuxedo British Truffle Selection (74g),Drinks House 247,Charbonnel et Walker,curated
15483535163767,Charbonnel et Walker - James Bond Mini Chocolate Bar Selection (270g),Drinks House 247,Charbonnel et Walker,curated
15483535491447,"Charbonnel et Walker - Milk, Pink and Dark Chocolate Truffle Gift Set (132g)",Drinks House 247,Charbonnel et Walker,curated
15483541258615,Charbonnel et Walker - Dessert Truffle Selection (155g),Drinks House 247,Charbonnel et Walker,curated
15483546468727,Charbonnel et Walker - Milk and Dark Sea Salt Caramel Truffles (240g,Drinks House 247,Charbonnel et Walker,curated
15483546763639,Charbonnel et Walker - Union Jack Milk and Dark Chocolate Truffle Selection (205g),Drinks House 247,Charbonnel et Walker,curated
15483547746679,Charbonnel et Walker - Union Jack Heart Milk Sea Salt Caramel Truffles (36g),Drinks House 247,Charbonnel et Walker,curated
15483549450615,Charbonnel et Walker - Milk Chocolate Truffles (115g),Drinks House 247,Charbonnel et Walker,curated
15483550499191,Charbonnel et Walker - Pink Marc de Champagne Truffles (36g),Drinks House 247,Charbonnel et Walker,curated
15485396975991,Pierre Marcolini - Pralinés Anciens d’Aujourd’Hui 18-Piece Selection Box (117g),Drinks House 247,Pierre Marcolini,curated
15485397074295,Pierre Marcolini - Milk and Dark Chocolate 25-Piece Palets Fins Selection Box (100g),Drinks House 247,Pierre Marcolini,curated
15485397467511,Pierre Marcolini - Box of 18 Truffles (108g),Drinks House 247,Pierre Marcolini,curated
15485397500279,Pierre Marcolini - 15-Piece Les Cœurs Chocolate Selection Box (105g),Drinks House 247,Pierre Marcolini,curated
15485397631351,Pierre Marcolini - Box of 36 Truffles (210g),Drinks House 247,Pierre Marcolini,curated
15485398450551,Pierre Marcolini - 25-Piece Les Cœurs Chocolate Selection Box (175g),Drinks House 247,Pierre Marcolini,curated
15485399302519,Pierre Marcolini - Dark Chocolate Saveur du Monde 25-Piece Box (100g),Drinks House 247,Pierre Marcolini,curated
15486626365815,Hennessy Paradis 35cl,Drinks House 247,Hennessy,curated
15486629151095,Hennessy Paradis miniature 5cl,Drinks House 247,Hennessy,curated
15488044630391,Pol Roger Extra Cuvée de Reserve Brut Rose Vintage 75cl Gift Box,Drinks House 247,Pol Roger,curated
15488055771511,The Balvenie 16 year old French Oak Pineau Cask Whisky 70cl,Drinks House 247,Balvenie,curated
15488060621175,Balvenie 14 Year Old Week of Peat 70cl,Drinks House 247,Balvenie,curated
15488064586103,Balvenie 14 Year Old Curious Cask Bourbon Barrel 70cl,Drinks House 247,Balvenie,curated
15488070746487,The Balvenie 21 year Portwood Whisky 70cl,Drinks House 247,Balvenie,curated
15488242483575,The Balvenie 25 year old Single Malt Whisky 70cl,Drinks House 247,Balvenie,curated
15488252215671,Balvenie 18 Year Old Curious Casks French Pineau Cask,Drinks House 247,Balvenie,curated
15488546963831,Laphroaig 10 Year Old 70cl,Drinks House 247,Laphroaig,curated
15488627835255,Laphroaig Quarter Cask 70cl,Drinks House 247,Laphroaig,curated
15488629539191,Laphroaig Lore 70cl,Drinks House 247,Laphroaig,curated
15488630260087,Laphroaig 10 Year Old Sherry Oak Finish 70cl,Drinks House 247,Laphroaig,curated
15488631275895,Laphroaig 10 Year Old Cask Strength 70cl,Drinks House 247,Laphroaig,curated
15488650641783,Laphroaig 18 Year Old 70cl,Drinks House 247,Laphroaig,curated
15488653197687,LAPHROAIG OAK SELECT 70cl,Drinks House 247,Laphroaig,curated
15488723321207,Laphroaig 25 Year Old Cask Strength 70cl,Drinks House 247,Laphroaig,curated
15488725647735,Pol Roger Pure NV 75cl,Drinks House 247,Pol Roger,curated
15488868712823,Pol Roger Blanc de Blancs 2015,Drinks House 247,Pol Roger,curated
15489135706487,Lagavulin 16 Year Old Islay Single Malt Scotch Whisky 70cl,Drinks House 247,Lagavulin,curated
15489142653303,Lagavulin 8 Year Old Islay Single Malt Scotch Whisky 70cl,Drinks House 247,Lagavulin,curated
15489142915447,Lagavulin 12 Year Old Special Release Islay Single Malt Scotch Whisky 70cl,Drinks House 247,Lagavulin,curated
15489143472503,Talisker Storm Isle of Skye Single Malt Scotch Whisky 70cl,Drinks House 247,Talisker,curated
15489144553847,Talisker 18 Year Old Isle of Skye Single Malt Scotch Whisky 70cl,Drinks House 247,Talisker,curated
15489399619959,"Brewdog Punk IPA, 12 x 440ml",Drinks House 247,Brewdog,curated
15489416561015,Freixenet Prosecco Doc 6 x 75cl,Drinks House 247,Freixenet,curated
15489417118071,"Freixenet Italian Sparkling Rose, 6 x 75cl",Drinks House 247,Freixenet,curated
15489417642359,Freixenet Cordon Negro Cava 6 x 75cl,Drinks House 247,Freixenet,curated
15490959999351,Jose Cuervo Reserva de la Familia Extra Anejo 70cl,Drinks House 247,Jose Cuervo,curated
15490960228727,Jose Cuervo Reserva de la Familia Extra Anejo 2024 - 70cl,Drinks House 247,Jose Cuervo,curated
15490961441143,Jose Cuervo Reserva de la Familia Anejo French Oak 70cl,Drinks House 247,Jose Cuervo,curated
15492390027639,The Dom Pérignon Prestige Hamper,Drinks House 247,Dom Pérignon,curated
15492406247799,The Dom Pérignon & Caviar Hamper,Drinks House 247,Dom Pérignon,curated
15492623434103,Ruinart Second Skin Rose Champagne NV in Gift Case 75cl,Drinks House 247,Ruinart,curated
15492661543287,Croe Imperial Beluga Caviar,Drinks House 247,Beluga,curated
15493798560119,Beluga Allure Vodka 70cl,Drinks House 247,Beluga,curated
15493799281015,Beluga Noble Vodka 70cl,Drinks House 247,Beluga,curated
15493799805303,Beluga Transatlantic Racing Special Edition Vodka 70cl,Drinks House 247,Beluga,curated
15493801509239,Beluga Gold Line Vodka 150cl,Drinks House 247,Beluga,curated
15494389760375,The Beluga Hamper,Drinks House 247,Beluga,curated
15494663995767,Cloudy Bay Pinot Noir 75cl,Drinks House 247,Cloudy Bay,curated
15494985023863,AMOUR DE DEUTZ ROSE 2013 GIFT BOX 75cl,Drinks House 247,Deutz,curated
15494989447543,AMOUR DE DEUTZ BLANC DE BLANCS 2011 GIFT BOX,Drinks House 247,Deutz,curated
15495084966263,Jack Daniel’s Family Miniature Gift Set 3x5cl,Drinks House 247,Jack Daniel's,curated
15495227310455,Nikka From The Barrel Blended Japanese Whisky 50cl,Drinks House 247,Nikka,curated
15495242121591,Nikka Coffey Grain Japanese Grain Whisky 70cl,Drinks House 247,Nikka,curated
15495258210679,Nikka Coffey Malt Japanese Malt Whisky 70cl,Drinks House 247,Nikka,curated
15495258669431,Nikka Taketsuru Pure Malt Blended Malt Japanese Whisky 70cl,Drinks House 247,Nikka,curated
15495264207223,Nikka Yoichi Single Malt Japanese Whisky 70cl,Drinks House 247,Nikka,curated
15495265649015,Nikka Miyagikyo Single Malt Japanese Whisky 70cl,Drinks House 247,Nikka,curated
15495266533751,Nikka Days Blended Japanese Whisky 70cl,Drinks House 247,Nikka,curated
15495266894199,Nikka Tailored Blended Japanese Whisky 70cl,Drinks House 247,Nikka,curated
15495316799863,Cut Caviar Royal Beluga,Drinks House 247,Beluga,curated
15495324139895,Prunier Caviar Oscietra Noir,Drinks House 247,Prunier,curated
15495327908215,Prunier Caviar Oscietra Superior,Drinks House 247,Prunier,curated
15495328104823,Prunier Caviar Oscietra Heritage,Drinks House 247,Prunier,curated
15495718863223,Guinness 0.0% Alcohol-Free Draught Beer 10 x 440ml,Drinks House 247,Guinness,curated
15495782531447,Prunier Baeri Tradition Caviar,Drinks House 247,Prunier,curated
15495820083575,Prunier Baeri St. James Caviar,Drinks House 247,Prunier,curated
15495835222391,Prunier Baeri Paris Caviar,Drinks House 247,Prunier,curated
15496118305143,"Seventy One Gin Signature Martini Gift Set - Culture, Craft & Beauty",Drinks House 247,Martini,curated
15496370520439,Caviar House Finest Beluga Caviar – Premium Pearl-Grey Sturgeon Caviar,Drinks House 247,Beluga,curated
15496375697783,Caviar House Finest Pure Kaluga Caviar – River Beluga Amber Caviar,Drinks House 247,Beluga,curated
15497069855095,The Prestige Pearl — Ruinart Blanc de Blancs & Oscietra Caviar Gift Set,Drinks House 247,Ruinart,curated
15497854812535,The Tuxedo — Belvedere No.10 Vodka & Oscietra Caviar Gift Set,Drinks House 247,Belvedere,curated
15518401757559,The Macallan Rare Cask Ultimate Whisky & Cigar Gift Set,Drinks House 247,Macallan,curated
15518403920247,Veuve Clicquot Grand Wedding Celebration Collection,Drinks House 247,Veuve Clicquot,curated
15519028707703,Chateau d’Esclans Whispering Angel Rose Magnum(1.5L),Drinks House 247,Château d'Esclans,curated
15536913580407,Pallini Limoncello 70cl,Pallini,Limoncello,curated
15541661270391,Passoã Passion Fruit Liqueur 70cl,Passoã,Passoa,curated
15549780558199,"López de Heredia Viña Cubillo, Crianza 2017 - 75cl Rioja - Spain",R. López de Heredia Viña Tondonia,López de Heredia,curated
15549788094839,"López de Heredia Viña Cubillo, Crianza 2014 - 75cl Rioja - Spain",R. López de Heredia Viña Tondonia,López de Heredia,curated
