handle	published	old_title_tag	new_title_tag
html-sitemap	True	HTML Sitemap | Drinks House 247	HTML Sitemap
alcohol-delivery-near-me-how-to-find-the-perfect-alcohol-delivery-service-in-your-area	True	Alcohol Delivery Near You | Fast & Reliable | Drinks House 24/7	Alcohol Delivery Near You | Fast & Reliable
red-wine-delivery	True	Red Wine Delivery London | 24/7 in 30–45 Min | Drinks House 247	Red Wine Delivery London | 24/7 in 30–45 Min
champagne-same-day	True	Send Champagne Gift UK | Same Day London | Drinks House 247	Send Champagne Gift UK | Same Day London
off-license-near-me-london	True	24 Hour Off License Near Me London | Open Now | Drinks House 247	24 Hour Off License Near Me London | Open Now
champagne-delivery	True	Champagne Delivery Same Day London & UK | Drinks House 247	Champagne Delivery Same Day London & UK
uk-champagne-delivery	True	Same Day Champagne Delivery UK | Drinks House 247	Same Day Champagne Delivery UK
champagne-delivery-to-me-same-day	True	Champagne Delivery Near Me | Same Day | Drinks House 247	Champagne Delivery Near Me | Same Day
wine-delivery-london	True	Wine Delivery London Same Day & Next Day UK | Drinks House 247	Wine Delivery London Same Day & Next Day UK
next-day-wine-delivery	True	Next Day Wine Delivery UK | Drinks House 247	Next Day Wine Delivery UK
wine-near-me	True	Wine Near Me | Delivered Same Day London | Drinks House 247	Wine Near Me | Delivered Same Day London
buy-wine-next-day-delivery	True	Buy Wine Online | Fast UK Delivery | Drinks House 247	Buy Wine Online | Fast UK Delivery
next-day-wine	True	Wine Delivered Tomorrow — Next Day UK | Drinks House 247	Wine Delivered Tomorrow — Next Day UK
alcohol-shop-near-me	True	Alcohol Shop Near Me | Delivery in 30-45 Min | Drinks House 247	Alcohol Shop Near Me | Delivery in 30-45 Min
alcohol-delivery	True	Alcohol Delivery London 24 Hour Same Day & UK-Wide | Drinks House 247	Alcohol Delivery London 24 Hour Same Day & UK-Wide
alcohol-delivery-24-hours-1	True	24 Hour Alcohol Delivery London | Drinks House 24/7	24 Hour Alcohol Delivery London
alcohol-delivery-service	True	Alcohol Delivery Service London | 24/7 | Drinks House 247	Alcohol Delivery Service London | 24/7
24-hour-shop-near-me	True	24 Hour Shop Near Me | Open Now in London | Drinks House 247	24 Hour Shop Near Me | Open Now in London
wine-shop-near-me-liquor-store-in-london	True	Late Night Wine Shop London | Open 24/7 | Drinks House 247	Late Night Wine Shop London | Open 24/7
online-wine-delivery-near-me-wine-delivered-in-london	True	Online Wine Delivery London | Order 24/7 | Drinks House 247	Online Wine Delivery London | Order 24/7
online-beer-delivery-near-me	True	Online Beer Delivery London | 24/7 | Drinks House 247	Online Beer Delivery London | 24/7
wine-and-champagne-delivery-in-london	True	London Wine & Champagne Delivery | Drinks House 247	London Wine & Champagne Delivery
your-search-for-alcohol-shop-near-me-ends-here	True	24 Hour Alcohol Shop London | Open Now | Drinks House 247	24 Hour Alcohol Shop London | Open Now
champagne-shop-near-me	True	Champagne Shop Near Me | Same Day London | Drinks House 247	Champagne Shop Near Me | Same Day London
send-gift-uk	True	Send Gift UK | Champagne & Alcohol Gifts Delivered | Drinks House 247	Send Gift UK | Champagne & Alcohol Gifts Delivered
send-a-champagne-gift	True	Send a Champagne Gift | Drinks House 247 	Send a Champagne Gift
shop-near-me	True	24 Hour Off Licence London Delivery | Drinks House 247	24 Hour Off Licence London Delivery
wine-and-champagne-delivery-in-london-1	True	Wine and Champagne Delivery London | 30–45 Min | Drinks House 247	Wine and Champagne Delivery London | 30–45 Min
instant-alcohol-delivery	True	Instant Alcohol Delivery London | 24/7 in 30-45 Min | Drinks House 247	Instant Alcohol Delivery London | 24/7 in 30-45 Min
late-night-alcohol-delivery	True	Late Night Alcohol Delivery London | 24/7 | Drinks House 247	Late Night Alcohol Delivery London | 24/7
local-alcohol-delivery	True	Local Alcohol Delivery London | Same Day | Drinks House 247	Local Alcohol Delivery London | Same Day
order-alcohol-online-near-me	True	Order Alcohol Online | Fast Delivery | Drinks House 247	Order Alcohol Online | Fast Delivery
same-day-alcohol-delivery	True	Same Day Alcohol Delivery London | Drinks House 247	Same Day Alcohol Delivery London
alcohol-24-hour-delivery	True	Alcohol Delivered 24 Hours a Day | London & UK | Drinks House 247	Alcohol Delivered 24 Hours a Day | London & UK
alcohol-24-hour-near-me	True	Late Night Alcohol Delivery Near Me | Drinks House 247	Late Night Alcohol Delivery Near Me
alcohol-delivery-24-hours	True	Emergency Alcohol Delivery London | Drinks House 247	Emergency Alcohol Delivery London
alcohol-delivery-as-a-gift	True	Alcohol Delivery as a Gift | Drinks House 247	Alcohol Delivery as a Gift
late-night-wine-delivery-near-me	True	Late Night Wine Delivery London | 24/7 in 30-45 Min | Drinks House 247	Late Night Wine Delivery London | 24/7 in 30-45 Min
london-wine-delivery-same-day	True	London Wine Delivery Same Day | 30-45 Min | Drinks House 247	London Wine Delivery Same Day | 30-45 Min
wine-london-delivery	True	Wine Delivery London | 24/7 in 30-45 Min | Drinks House 247	Wine Delivery London | 24/7 in 30-45 Min
local-wine-delivery-near-me	True	Local Wine Delivery Near Me | Drinks House 247	Local Wine Delivery Near Me
wine-delivered-in-london	True	Wine Delivered in London | Drinks House 247	Wine Delivered in London
wine-delivery-london-same-day	True	Wine Delivery London Same Day | 30-45 Mins | Drinks House 247	Wine Delivery London Same Day | 30-45 Mins
wine-delivery-24-hours	True	24 Hour Wine Delivery London | Drinks House 247	24 Hour Wine Delivery London
instant-wine-delivery-near-me	True	Instant Wine Delivery Near Me | Same Day | Drinks House 24/7	Instant Wine Delivery Near Me | Same Day
wine-delivery-service-london	True	Wine Delivery Service | London & UK | Drinks House 247	Wine Delivery Service | London & UK
wine-delivery-near-me-now	True	Wine Delivery Near Me Now | 24/7 | Drinks House 247	Wine Delivery Near Me Now | 24/7
wine-delivery-north-london	True	Wine Delivery North London – 24/7 | Drinks House 247	Wine Delivery North London – 24/7
boxed-champagne-gifts	True	Boxed Champagne Gifts | Same Day London | Drinks House 247	Boxed Champagne Gifts | Same Day London
send-a-gift-of-champagne	True	Send Champagne Gift | Same Day London | Drinks House 247	Send Champagne Gift | Same Day London
send-a-bottle-of-champagne-as-a-gift	True	Send a Bottle of Champagne as a Gift UK | Drinks House 247	Send a Bottle of Champagne as a Gift UK
champagne-gifts-delivered	True	Champagne Gifts Delivered | 30-45 Min | Drinks House 247	Champagne Gifts Delivered | 30-45 Min
sending-champagne-as-gift	False	Sending Champagne as a Gift UK | Drinks House 247	Sending Champagne as a Gift UK
sending-champagne	True	Send Champagne Gifts UK | Same Day London | Drinks House 247	Send Champagne Gifts UK | Same Day London
sending-champagne-as-a-gift-uk	True	Corporate Champagne Gifts UK | Drinks House 247	Corporate Champagne Gifts UK
veuve-clicquot-gift-set	True	Veuve Clicquot Gift Set | Same Day London | Drinks House 247	Veuve Clicquot Gift Set | Same Day London
veuve-clicquot-gifts	True	Veuve Clicquot Gifts | Same Day Delivery | Drinks House 24/7	Veuve Clicquot Gifts | Same Day Delivery
alcohol-delivery-uxbridge	True	Alcohol Delivery Uxbridge | Drinks House 247	Alcohol Delivery Uxbridge
alcohol-delivery-richmond	True	Alcohol Delivery Richmond | Same Day in 30-45 Min | Drinks House 247	Alcohol Delivery Richmond | Same Day in 30-45 Min
alcohol-delivery-in-hammersmith	True	Alcohol Delivery Hammersmith | Same Day | Drinks House 247	Alcohol Delivery Hammersmith | Same Day
alcohol-delivery-twickenham	True	Alcohol Delivery Twickenham | Same Day in 30-45 Min | Drinks House 247	Alcohol Delivery Twickenham | Same Day in 30-45 Min
alcohol-delivery-harrow	True	Alcohol Delivery Harrow | Same Day 30-45 Mins 24/7 | Drinks House 247	Alcohol Delivery Harrow | Same Day 30-45 Mins 24/7
alcohol-delivery-paddington	True	Alcohol Delivery Paddington | Drinks House 247	Alcohol Delivery Paddington
alcohol-delivery-shepherds-bush	True	Alcohol Delivery Shepherds Bush | 24/7 | Drinks House 247	Alcohol Delivery Shepherds Bush | 24/7
alcohol-delivery-peckham	True	Alcohol Delivery Peckham | Same Day in 30-45 Min | Drinks House 247	Alcohol Delivery Peckham | Same Day in 30-45 Min
alcohol-delivery-greenwich	True	Alcohol Delivery Greenwich | 24 Hour | 30–45 Mins | Drinks House 247	Alcohol Delivery Greenwich | 24 Hour | 30–45 Mins
alcohol-delivery-lewisham	True	Alcohol Delivery Lewisham | 24 Hour | 30–45 Mins | Drinks House 247	Alcohol Delivery Lewisham | 24 Hour | 30–45 Mins
alcohol-delivery-streatham	True	Alcohol Delivery Streatham | Same Day in 30-45 Min | Drinks House 247	Alcohol Delivery Streatham | Same Day in 30-45 Min
alcohol-delivery-clapham	True	Alcohol Delivery Clapham | Same Day in 30-45 Min | Drinks House 247	Alcohol Delivery Clapham | Same Day in 30-45 Min
alcohol-delivery-chelsea	True	Alcohol Delivery Chelsea | 24 Hour | Drinks House 24/7	Alcohol Delivery Chelsea | 24 Hour
alcohol-delivery-mayfair	True	Alcohol Delivery Mayfair | Same Day in 30-45 Min | Drinks House 247	Alcohol Delivery Mayfair | Same Day in 30-45 Min
alcohol-delivery-ealing	True	Alcohol Delivery Ealing | Same Day in 30-45 Min | Drinks House 247	Alcohol Delivery Ealing | Same Day in 30-45 Min
alcohol-delivery-kensington	True	Alcohol Delivery Kensington | Same Day in 30-45 Min | Drinks House 247	Alcohol Delivery Kensington | Same Day in 30-45 Min
alcohol-delivery-battersea	True	Alcohol Delivery Battersea | Same Day in 30-45 Min | Drinks House 247	Alcohol Delivery Battersea | Same Day in 30-45 Min
alcohol-delivery-canary-wharf	True	Alcohol Delivery Canary Wharf | Same Day | Drinks House 247	Alcohol Delivery Canary Wharf | Same Day
alcohol-delivery-camden	True	Alcohol Delivery Camden | Same Day in 30-45 Min | Drinks House 247	Alcohol Delivery Camden | Same Day in 30-45 Min
alcohol-delivery-soho	True	Alcohol Delivery Soho | 24 Hour | 30–45 Mins | Drinks House 247	Alcohol Delivery Soho | 24 Hour | 30–45 Mins
alcohol-delivery-romford	True	Alcohol Delivery Romford | Same Day in 30-45 Min | Drinks House 247	Alcohol Delivery Romford | Same Day in 30-45 Min
beer-deliveries-near-me	True	Beer Deliveries Near Me | Drinks House 247 	Beer Deliveries Near Me
best-beer-delivery-london	True	Beer Delivery London | 30-45 Min, 24/7 | Drinks House 247	Beer Delivery London | 30-45 Min, 24/7
beer-delivery-service-near-me	True	Beer Delivery Near Me | Same Day London | Drinks House 247	Beer Delivery Near Me | Same Day London
beer-delivered-near-me	True	Same Day Beer Delivery London | Drinks House 247	Same Day Beer Delivery London
deliver-me-beer	True	Late Night Beer Delivery London | Drinks House 247	Late Night Beer Delivery London
delivery-of-beer-near-me	True	24 Hour Beer Delivery London | Drinks House 247	24 Hour Beer Delivery London
instant-beer-delivery	True	Instant Beer Delivery London | Same Day | Drinks House 247	Instant Beer Delivery London | Same Day
booze-delivery-near-me	True	Booze Delivery Near Me | Drinks House 247 	Booze Delivery Near Me
wine-home-delivery	True	Wine Home Delivery London | 24/7 in 30-45 Min | Drinks House 247	Wine Home Delivery London | 24/7 in 30-45 Min
privacy-policy	True	Privacy Policy |  Drinks House 247 	Privacy Policy
return-policy	True	Returns Policy | Drinks House 247 	Returns Policy
alcohol-gift-any-occasion	True	Unique Alcohol Gift Sets for Any Occasion | Drinks House 247	Unique Alcohol Gift Sets for Any Occasion
champagne-gifts-birthday	True	Champagne Birthday Gifts | Drinks House 247	Champagne Birthday Gifts
perfect-champagne-gift	True	How to Select the Perfect Champagne Gift | Drinks House 247	How to Select the Perfect Champagne Gift
perfect-alcohol-gift-set	True	How to Pick the Perfect Alcohol Gift Set | Drinks House 247	How to Pick the Perfect Alcohol Gift Set
champagne-50th-birthday	True	Top 20 Champagne Gifts for 50th Birthday | Drinks House 247	Top 20 Champagne Gifts for 50th Birthday
veuve-clicquot-champagnes	True	Veuve Clicquot Champagne Types | Drinks House 247	Veuve Clicquot Champagne Types
tasting-notes-for-don-julio	True	Don Julio Tequila Tasting Notes | Delivery London | Drinks House 247	Don Julio Tequila Tasting Notes | Delivery London
next-day-veuve-clicquot-champagne	True	Next-Day Veuve Clicquot Champagne Delivery | Drinks House 247	Next-Day Veuve Clicquot Champagne Delivery
cost-of-veuve-clicquot	True	Veuve Clicquot Champagne Delivery | Drinks House 247	Veuve Clicquot Champagne Delivery
surprise-someone-with-veuve-clicquot	True	Surprise Someone with Veuve Clicquot Champagne | Drinks House 247	Surprise Someone with Veuve Clicquot Champagne
veuve-clicquot-on-special-occasions	True	Veuve Clicquot Champagne for Special Occasions | Drinks House 247	Veuve Clicquot Champagne for Special Occasions
veuve-clicquot-champagne-gift-guide	True	Veuve Clicquot Champagne Gift Guide | Drinks House 247	Veuve Clicquot Champagne Gift Guide
same-day-champagne-delivery-london	True	Same Day Champagne Delivery London | Drinks House 247	Same Day Champagne Delivery London
food-pairings-with-every-champagne	True	Food Pairings with Every Champagne Type | Drinks House 247 	Food Pairings with Every Champagne Type
delivery-and-gift-services-drinks-house-247	True	Delivery & Gift Services | Drinks House 247	Delivery & Gift Services
wine-gift-box-the-perfect-present-for-wine-lover	True	Wine Gift Box | Same Day Delivery London | Drinks House 247	Wine Gift Box | Same Day Delivery London
champagne-styles-ageing-regions	True	Champagne Styles, Ageing & Regions | Guide | Drinks House 247	Champagne Styles, Ageing & Regions | Guide
wedding-anniversary-gifts-for-her-a-unique-way-to-celebrate-love	True	Wedding Anniversary Gifts for Her | Drinks House 247	Wedding Anniversary Gifts for Her
experience-the-luxury-of-moet-champagne-with-drinks-house-247	True	Moët Champagne Delivery | Same Day London | Drinks House 247	Moët Champagne Delivery | Same Day London
whiskey-gifts-from-drinks-house-247-the-perfect-gift-for-every-spirit-lover	True	Whisky Gifts | Same Day Delivery London | Drinks House 247	Whisky Gifts | Same Day Delivery London
thank-you-wine-gift-a-perfect-expression-of-gratitude	True	Thank You Wine Gift | Same Day Delivery London | Drinks House 247	Thank You Wine Gift | Same Day Delivery London
discover-cristal-champagne-at-drinks-house-247-the-ultimate-luxury	True	Louis Roederer Cristal Champagne | Drinks House 247	Louis Roederer Cristal Champagne
laurent-perrier-gift-set-a-connoisseurs-delight	True	Laurent-Perrier Gift Set | Same Day Delivery London | Drinks House 247	Laurent-Perrier Gift Set | Same Day Delivery London
laurent-perrier-champagne-a-celebration-of-excellence	True	Laurent-Perrier Champagne | Drinks House 247	Laurent-Perrier Champagne
pol-roger-champagne-a-toast-to-elegance-and-prestige	True	Pol Roger Champagne | Same Day Delivery London | Drinks House 247	Pol Roger Champagne | Same Day Delivery London
champagne-gift-set-the-perfect-treat-for-any-celebration	True	Champagne Gift Sets | Same Day Delivery London | Drinks House 247	Champagne Gift Sets | Same Day Delivery London
champagne-and-chocolate-gift-a-match-made-in-heaven	True	Champagne and Chocolate Gift | Drinks House 247	Champagne and Chocolate Gift
wedding-champagne-the-essential-ingredient-of-memorable-celebrations	True	Wedding Champagne | Same Day Delivery London | Drinks House 247	Wedding Champagne | Same Day Delivery London
veuve-clicquot-gift-set-a-perfect-class-apart	True	Veuve Clicquot Gift Set | Same Day Delivery London | Drinks House 247	Veuve Clicquot Gift Set | Same Day Delivery London
wine-as-a-christmas-gift-a-delightful-surprise	True	Wine as a Christmas Gift | Drinks House 247	Wine as a Christmas Gift
corporate-gifts-conveying-appreciation-in-style	True	Corporate Gifts | Alcohol Gift Delivery UK | Drinks House 247	Corporate Gifts | Alcohol Gift Delivery UK
an-unforgettable-celebration-with-pink-champagne-gift-set	True	Pink Champagne Gift Set | Drinks House 247	Pink Champagne Gift Set
a-heartfelt-gift-red-wine	True	Red Wine Gifts Delivered | Same Day London | Drinks House 247	Red Wine Gifts Delivered | Same Day London
vintage-champagne-an-emotionally-engaging-journey-through-time	True	Vintage Champagne | Buy & Deliver UK | Drinks House 247	Vintage Champagne | Buy & Deliver UK
embrace-luxury-with-bollinger-champagne	True	Bollinger Champagne | Same Day Delivery London | Drinks House 247	Bollinger Champagne | Same Day Delivery London
piper-heidsieck-cuvee-brut-a-symphony-of-taste	True	Piper-Heidsieck Cuvée Brut Champagne | Drinks House 247	Piper-Heidsieck Cuvée Brut Champagne
gifting-champagne-the-ultimate-guide-for-special-occasions	True	Gifting Champagne | Champagne Gift Delivery UK | Drinks House 247	Gifting Champagne | Champagne Gift Delivery UK
delivery-anniversary-gifts-a-unique-way-to-celebrate	True	Anniversary Gift Delivery UK | Drinks House 247	Anniversary Gift Delivery UK
send-housewarming-gift	True	Housewarming Gifts Delivered | Same Day London | Drinks House 247	Housewarming Gifts Delivered | Same Day London
fathers-day-gifts-a-fantastic-range-of-options	True	Father's Day Gifts Delivered | Same Day London | Drinks House 247	Father's Day Gifts Delivered | Same Day London
fathers-day-gifts-for-every-dad	True	Father's Day Gifts | Alcohol Gift Sets UK | Drinks House 247	Father's Day Gifts | Alcohol Gift Sets UK
fathers-day-gifts-wine-make-it-special-with-drinks-house-247	True	Father's Day Wine Gifts Delivery UK | Drinks House 247	Father's Day Wine Gifts Delivery UK
fathers-day-gifts-honouring-grandad-with-drinks-house-247	True	Father's Day Gifts for Grandad | Drinks House 247	Father's Day Gifts for Grandad
personalised-fathers-day-gifts-next-day-delivery-available	True	Personalised Father's Day Gifts | Drinks House 247	Personalised Father's Day Gifts
24-7-alcohol-delivery-your-round-the-clock-beverage-partner	True	24/7 Alcohol Delivery London | Same Day | Drinks House 247	24/7 Alcohol Delivery London | Same Day
prosecco-as-a-gift-make-celebrations-sparkle	True	Prosecco as a Gift | Same Day Delivery London | Drinks House 247	Prosecco as a Gift | Same Day Delivery London
buy-the-perfect-fathers-day-wine-gift-a-celebration-of-love-and-fine-taste	True	Father's Day Wine Gift | Same Day Delivery London | Drinks House 247	Father's Day Wine Gift | Same Day Delivery London
buy-champagne-cases-online-choose-from-the-best-selection-in-the-uk	True	Buy Champagne Cases Online | Drinks House 247	Buy Champagne Cases Online
bollinger-champagne-gifts	True	Bollinger Champagne Gifts | Drinks House 247	Bollinger Champagne Gifts
champagne-and-chocolate-gift-sets-a-heavenly-match	True	Champagne & Chocolate Gift Sets | Drinks House 247	Champagne & Chocolate Gift Sets
send-a-gift-of-alcohol-delivered-straight-to-the-doorstep	True	Send Alcohol Gifts UK | Same Day Delivery London | Drinks House 247	Send Alcohol Gifts UK | Same Day Delivery London
send-a-heartfelt-new-home-gift-with-drinks-house-247	True	New Home Gift | Same Day Delivery London | Drinks House 247	New Home Gift | Same Day Delivery London
white-wine-gift-sets	True	White Wine Gift Sets | Drinks House 247 	White Wine Gift Sets
gin-gift-sets-a-perfect-treat-for-the-connoisseur	True	Gin Gift Sets Delivery UK | Drinks House 247	Gin Gift Sets Delivery UK
whisky-for-gift-the-perfect-choice-for-any-occasion	True	Whisky Gifts Delivered | Same Day London | Drinks House 247	Whisky Gifts Delivered | Same Day London
dom-perignon-gift-set-the-ultimate-luxury-in-champagne	True	Dom Pérignon Gift Set | Same Day Delivery London | Drinks House 247	Dom Pérignon Gift Set | Same Day Delivery London
ruinart-champagne-a-taste-of-history-elegance-and-excellence	True	Ruinart Champagne | Same Day Delivery London | Drinks House 247	Ruinart Champagne | Same Day Delivery London
champagne-cases-an-effervescent-journey-of-taste	True	Champagne Cases | Champagne Delivery UK | Drinks House 247	Champagne Cases | Champagne Delivery UK
red-wine-as-a-gift-a-timeless-classic	True	Red Wine Gift | Same Day Delivery London | Drinks House 247	Red Wine Gift | Same Day Delivery London
veuve-clicquot-gift-set-a-taste-of-elegance-and-quality	True	Veuve Clicquot Gift Sets | Same Day Delivery London | Drinks House 247	Veuve Clicquot Gift Sets | Same Day Delivery London
drinks-deliveries-in-london-instantly-with-drinks-house-247	True	Same Day Drinks Delivery London | 30-45 Min | 24/7 | Drinks House 247	Same Day Drinks Delivery London | 30-45 Min | 24/7
champagne-and-glasses-gift-sets-the-ultimate-gift-from-drinks-house-247	True	Champagne & Glasses Gift Sets UK | Drinks House 247	Champagne & Glasses Gift Sets UK
champagne-to-gift-best-choices-from-drinks-house-247	True	Best Champagne to Gift | Same Day Delivery London | Drinks House 247	Best Champagne to Gift | Same Day Delivery London
champagne-for-engagement-gift-a-toast-to-celebrate-love	True	Engagement Champagne Gifts UK | Drinks House 247	Engagement Champagne Gifts UK
wines-gifts-making-every-moment-memorable	True	Wine Gifts | Same Day Delivery London | Drinks House 247	Wine Gifts | Same Day Delivery London
wine-in-gift-boxes-the-perfect-present-for-any-occasion	True	Wine Gift Boxes for Any Occasion | Drinks House 247	Wine Gift Boxes for Any Occasion
the-art-of-gifting-wine-a-comprehensive-guide	True	The Art of Gifting Wine | Wine Gift Guide | Drinks House 247	The Art of Gifting Wine | Wine Gift Guide
white-wine-gift-sets-a-guide-to-perfect-gifting	True	White Wine Gift Sets UK | Same-Day London Delivery | Drinks House 247	White Wine Gift Sets UK | Same-Day London Delivery
personalised-wine-gifts-elevating-your-red-wine-present	True	Personalised Wine Gifts | Same Day Delivery London | Drinks House 247	Personalised Wine Gifts | Same Day Delivery London
whiskey-lovers-gifts	True	Whisky Gifts for Whisky Lovers | Drinks House 247	Whisky Gifts for Whisky Lovers
gifting-alcohol-a-comprehensive-guide-to-the-best-drink-gifts	True	Gifting Alcohol | Best Drink Gift Ideas | Drinks House 247	Gifting Alcohol | Best Drink Gift Ideas
the-ultimate-guide-to-selecting-gifts-for-wine-lovers	True	Gifts for Wine Lovers | Same Day Delivery London | Drinks House 247	Gifts for Wine Lovers | Same Day Delivery London
unveiling-the-future-of-libations-the-ultimate-guide-to-ordering-alcohol-online	True	Guide to Ordering Alcohol Online | Drinks House 247	Guide to Ordering Alcohol Online
wine-home-delivered-same-day-wine-delivery-across-london	True	Same Day Wine Delivery London | Drinks House 247	Same Day Wine Delivery London
the-ultimate-guide-to-buying-spirits-online-in-the-uk	True	Buy Spirits Online UK | Drinks House 247	Buy Spirits Online UK
the-art-of-gifting-whisky-champagne-and-more-delivered-in-london-and-across-the-uk	True	Whisky & Champagne Gifts Delivered | Drinks House 247	Whisky & Champagne Gifts Delivered
the-ultimate-guide-to-buying-tequila-online-in-the-uk	True	Buy Tequila Online UK | Same Day Delivery London | Drinks House 247	Buy Tequila Online UK | Same Day Delivery London
experience-the-joy-of-giving-with-champagne-gift-next-day-delivery	True	Champagne Gifts Next Day Delivery UK | Drinks House 247	Champagne Gifts Next Day Delivery UK
champagne-gift-next-day-delivery	True	Champagne Gift Next Day Delivery UK | Drinks House 247	Champagne Gift Next Day Delivery UK
celebrate-with-our-happy-birthday-champagne	True	Birthday Champagne Delivery London | Drinks House 247	Birthday Champagne Delivery London
indulge-with-wine-hampers-a-symphony-of-tastes-at-drinks-house-247	True	Wine Hampers Delivery UK | Drinks House 247	Wine Hampers Delivery UK
same-day-wine-delivery-the-perfect-gift-for-any-occasion	True	Wine Gifts Same Day Delivery UK | Drinks House 247	Wine Gifts Same Day Delivery UK
sending-wine-as-a-gift-a-delightful-experience	True	Sending Wine as a Gift | Same Day Delivery London | Drinks House 247	Sending Wine as a Gift | Same Day Delivery London
wine-gifts-for-anniversary-celebrate-in-true-style	True	Wine Gifts for Anniversary | Drinks House 247	Wine Gifts for Anniversary
send-a-gift-of-champagne-with-drinks-house-247	True	Anniversary Champagne Delivery | Drinks House 247	Anniversary Champagne Delivery
gift-congratulations-elevate-the-joy-of-special-moments	True	Congratulations Gifts Delivery UK | Drinks House 247	Congratulations Gifts Delivery UK
engagement-flowers-limited-edition-by-drinks-house-247	True	Engagement Flowers Delivery London | Drinks House 247	Engagement Flowers Delivery London
malbec-vs-merlot	True	Malbec vs Merlot: Key Differences Explained | Drinks House 247	Malbec vs Merlot: Key Differences Explained
engagement-gifts-that-speak-volumes	True	Engagement Gifts | Same Day Delivery London | Drinks House 247	Engagement Gifts | Same Day Delivery London
immerse-yourself-in-the-exquisite-world-of-rioja-red-wine	True	Rioja Red Wine Delivery UK | Drinks House 247	Rioja Red Wine Delivery UK
anniversary-gift-an-expression-of-love-and-commitment	True	Anniversary Gifts | Same Day Delivery London | Drinks House 247	Anniversary Gifts | Same Day Delivery London
gifts-of-alcohol-delivered-elevate-your-special-occasions	True	Alcohol Gifts Delivered UK | Drinks House 247	Alcohol Gifts Delivered UK
next-day-wine-delivery-discover-the-pleasure-of-instant-gratification	True	Next Day Wine Delivery UK | Same Day London | Drinks House 247	Next Day Wine Delivery UK | Same Day London
bottle-of-wine-as-a-gift-the-perfect-gesture	True	Bottle of Wine as a Gift | Same Day Delivery London | Drinks House 247	Bottle of Wine as a Gift | Same Day Delivery London
order-wine-online-at-drinks-house-247-your-ultimate-wines-online-shop	True	Order Wine Online UK | Same Day Delivery London | Drinks House 247	Order Wine Online UK | Same Day Delivery London
send-wine-to-uk-experience-french-elegance	True	Send Wine to UK | Same Day Wine Delivery London | Drinks House 247	Send Wine to UK | Same Day Wine Delivery London
wine-gift-sets	True	Wine Gift Sets | Same Day Delivery London | Drinks House 247	Wine Gift Sets | Same Day Delivery London
wine-wedding-gift-an-elegant-touch-to-celebrate-the-special-day	True	Wine Wedding Gift | Same Day Delivery London | Drinks House 247	Wine Wedding Gift | Same Day Delivery London
the-gift-of-wine-a-timeless-expression-of-appreciation	True	The Gift of Wine | Same Day Wine Delivery London | Drinks House 247	The Gift of Wine | Same Day Wine Delivery London
deliver-wine-gift	True	Send a Wine Gift | Same & Next Day | Drinks House 247	Send a Wine Gift | Same & Next Day
buy-malbec-online	True	Buy Malbec Online | Same Day Delivery London | Drinks House 247	Buy Malbec Online | Same Day Delivery London
happy-birthday-wine-make-every-birthday-extra-special	True	Happy Birthday Wine Gifts | Drinks House 247	Happy Birthday Wine Gifts
flowers-and-wine-delivery-the-perfect-duo-pairing-for-gifts	True	Flowers & Wine Delivery | Same Day London | Drinks House 247	Flowers & Wine Delivery | Same Day London
hennessy-gift-set-an-exquisite-taste-of-elegance	True	Hennessy Gift Set | Same Day Delivery London | Drinks House 247	Hennessy Gift Set | Same Day Delivery London
prosecco-gifts-delivered-right-to-your-doorstep	True	Prosecco Gifts Delivered | Same Day London | Drinks House 247	Prosecco Gifts Delivered | Same Day London
exquisite-gift-and-champagne-delivery-in-the-heart-of-london	True	Champagne & Gift Delivery City of London | Drinks House 247	Champagne & Gift Delivery City of London
finest-pinot-noir-wine-delivery-quick-reliable-in-london-uk	True	Pinot Noir Wine Delivery London | Drinks House 247	Pinot Noir Wine Delivery London
explore-elite-cabernet-sauvignon-wines-fast-delivery-in-london-uk	True	Cabernet Sauvignon Delivery London | Drinks House 247	Cabernet Sauvignon Delivery London
premium-merlot-wine-delivery-services-in-london-uk	True	Merlot Wine Delivery London | Same Day 30-45 Min | Drinks House 247	Merlot Wine Delivery London | Same Day 30-45 Min
shiraz-wine-delivery-in-london-same-day-next-day-delivery-across-the-uk	True	Shiraz Wine Delivery London | Same Day 30-45 Min | Drinks House 247	Shiraz Wine Delivery London | Same Day 30-45 Min
sauvignon-blanc-wine-delivery	True	Sauvignon Blanc Wine Delivery London | Drinks House 247	Sauvignon Blanc Wine Delivery London
pinot-grigio-wine-delivery	True	Pinot Grigio Wine Delivery London | Drinks House 247	Pinot Grigio Wine Delivery London
riesling-wine-delivery	True	Riesling Wine Delivery London | Same Day 30-45 Mins | Drinks House 247	Riesling Wine Delivery London | Same Day 30-45 Mins
malbec-wine-delivery	True	Malbec Wine Delivery London | Same Day 30-45 Mins | Drinks House 247	Malbec Wine Delivery London | Same Day 30-45 Mins
chardonnay-wine-delivery	True	Chardonnay Wine Delivery London | Drinks House 247	Chardonnay Wine Delivery London
chablis-wine-delivery	True	Chablis Wine Delivery London | Same Day 30-45 Mins | Drinks House 247	Chablis Wine Delivery London | Same Day 30-45 Mins
grenache-wine-delivery	True	Grenache Wine Delivery London | Same Day 30-45 Min | Drinks House 247	Grenache Wine Delivery London | Same Day 30-45 Min
rioja-wine-delivery	True	Rioja Wine Delivery London | Same Day 30-45 Mins | Drinks House 247	Rioja Wine Delivery London | Same Day 30-45 Mins
nebbiolo-wine-delivery	True	Nebbiolo Wine Delivery London | Barolo & Barbaresco | Drinks House 247	Nebbiolo Wine Delivery London | Barolo & Barbaresco
gewurztraminer-wine-delivery	True	Gewürztraminer Wine Delivery London | Drinks House 247	Gewürztraminer Wine Delivery London
tempranillo-wine-delivery	True	Tempranillo Wine Delivery London | Drinks House 247	Tempranillo Wine Delivery London
shiraz-wine-delivery	True	Shiraz Wine Delivery UK | Drinks House 247	Shiraz Wine Delivery UK
wedding-anniversary-wine-and-champagne-delivery	True	Wedding Anniversary Wine & Champagne UK | Drinks House 247	Wedding Anniversary Wine & Champagne UK
graduation-celebration-drinks-delivery	True	Graduation Drinks Delivery UK | Drinks House 247	Graduation Drinks Delivery UK
new-home-housewarming-drinks-delivery	True	Housewarming Drinks Delivery London | Drinks House 247	Housewarming Drinks Delivery London
valentines-day-cocktail-kit-delivery	True	Valentine's Day Cocktail Kit Delivery | Drinks House 247	Valentine's Day Cocktail Kit Delivery
artisanal-gin-tasting-sets-delivery	True	Gin Tasting Sets Delivery UK | Drinks House 247	Gin Tasting Sets Delivery UK
choosing-the-perfect-champagne-gift	True	Choosing the Perfect Champagne Gift | Drinks House 247	Choosing the Perfect Champagne Gift
understanding-champagne-varieties-your-guide-to-selecting-the-best-bubbles	True	Champagne Varieties Explained | Drinks House 247	Champagne Varieties Explained
champagne-bottle-size-guide-exclusive-selections-from-drinks-house-247	True	Champagne Bottle Size Guide | Drinks House 247	Champagne Bottle Size Guide
champagne-101-everything-you-need-to-know	True	Champagne 101: A Beginner's Guide | Drinks House 247	Champagne 101: A Beginner's Guide
celebrating-champagne-the-ultimate-guide-to-styles-types-and-moments	True	Champagne Guide: Styles, Types & Sizes | Drinks House 247	Champagne Guide: Styles, Types & Sizes
champagne-gift-basket-ideas	True	Champagne Gift Basket Ideas | Drinks House 247	Champagne Gift Basket Ideas
the-ultimate-guide-to-champagne-types-styles-and-food-pairing	True	Champagne Types, Styles & Food Pairing Guide | Drinks House 247	Champagne Types, Styles & Food Pairing Guide
ways-to-elevate-your-anniversary-with-fine-champagne	True	Anniversary Champagne Ideas | Drinks House 247	Anniversary Champagne Ideas
timely-dom-perignon-champagne-gift-delivery-in-uk-for-any-event	True	Dom Pérignon Champagne Gift Delivery UK | Drinks House 247	Dom Pérignon Champagne Gift Delivery UK
timely-dom-perignon-champagne-gift-delivery-for-any-event	True	Dom Perignon Champagne Gift Delivery London | Drinks House 247	Dom Perignon Champagne Gift Delivery London
effortless-same-day-champagne-delivery-in-london-and-next-day-across-the-uk	True	Fast Champagne Delivery in 30-45 Minutes | Drinks House 247	Fast Champagne Delivery in 30-45 Minutes
the-allure-of-vintage-wines-at-your-fingertips-explained	True	Vintage Wine Delivery London | Same Day | Drinks House 247	Vintage Wine Delivery London | Same Day
celebrating-anniversaries-send-champagne-in-london	True	Send Champagne for Birthdays & Anniversaries London | Drinks House 247	Send Champagne for Birthdays & Anniversaries London
celebrate-with-tequila-gifts-sent-to-london-uk	True	Tequila Gifts London | Same Day in 30-45 Min | Drinks House 247	Tequila Gifts London | Same Day in 30-45 Min
alcohol-gift-delivery-in-london-uk-perfect-for-celebrations	True	Alcohol Gift Delivery London & UK | Drinks House 247	Alcohol Gift Delivery London & UK
experience-next-day-champagne-delivery-like-never-before	True	Next Day Champagne Delivery UK | Drinks House 247	Next Day Champagne Delivery UK
premium-spirits-delivery-uk-drinks-house-247	True	Premium Spirits Delivery UK | Drinks House 247	Premium Spirits Delivery UK
luxury-alcohol-delivery-london-uk-drinks-house-247	True	Luxury Alcohol Delivery London & UK | Drinks House 247	Luxury Alcohol Delivery London & UK
send-wine-champagne-gifts-uk-drinks-house-247	True	Send Wine & Champagne Gifts UK | Drinks House 247	Send Wine & Champagne Gifts UK
corporate-alcohol-gifts-uk-personalised-delivery-for-businesses-drinks-house-247	True	Personalised Corporate Alcohol Gifts UK | Drinks House 247	Personalised Corporate Alcohol Gifts UK
personalised-alcohol-gifts-uk-custom-champagne-wine-delivery	True	Personalised Alcohol Gifts UK | Drinks House 247	Personalised Alcohol Gifts UK
luxury-champagne-gift-delivery-uk-premium-bubbly-for-any-occasion-drinks-house-247	True	Luxury Champagne Gift Delivery UK | Drinks House 247	Luxury Champagne Gift Delivery UK
whisky-gift-sets-uk-premium-scotch-blends-delivery-drinks-house-247	True	Whisky Gift Sets UK Delivery | Drinks House 247	Whisky Gift Sets UK Delivery
fine-wine-gift-delivery-uk-premium-red-white-wine-gifts-drinks-house-247	True	Fine Wine Gift Delivery UK | Drinks House 247	Fine Wine Gift Delivery UK
alcohol-gift-hampers-uk-luxury-bundles-hampers-delivery-drinks-house-247	True	Alcohol Gift Hampers UK Delivery | Drinks House 247	Alcohol Gift Hampers UK Delivery
wine-gift-delivery-uk-drinks-house-247	True	Wine Gift Delivery UK | Next Day Nationwide | Drinks House 247	Wine Gift Delivery UK | Next Day Nationwide
limited-cazcanes-no-7-tequila-cases-caviar-gift-set-drinks-house-247	True	Cazcanes No.7 Tequila & Caviar Gift Set | Drinks House 247	Cazcanes No.7 Tequila & Caviar Gift Set
limited-last-cases-cazcanes-no-7-tequila-blanco-reposado-anejo-drinks-house-247	True	Cazcanes No.7 Tequila – Last Cases | Drinks House 247	Cazcanes No.7 Tequila – Last Cases
last-minute-champagne-wine-gifts-same-day-london-delivery-drinks-house-247	True	Last-Minute Champagne & Wine Gifts London | Drinks House 247	Last-Minute Champagne & Wine Gifts London
last-minute-alcohol-gift-delivery-30-90-min-in-london-drinks-house-247	True	Last-Minute Alcohol Gift Delivery London | Drinks House 247	Last-Minute Alcohol Gift Delivery London
corporate-alcohol-gift-delivery-bulk-luxury-uk-drinks-house-247	True	Corporate Alcohol Gift Delivery UK | Drinks House 247	Corporate Alcohol Gift Delivery UK
wedding-alcohol-gifts-uk-luxury-delivery-champagne-drinks-house-247	True	Wedding Alcohol Gifts UK Delivery | Drinks House 247	Wedding Alcohol Gifts UK Delivery
anniversary-wine-and-champagne-gifts-romantic-delivery-uk-drinks-house-247	True	Anniversary Wine & Champagne Gifts UK | Drinks House 247	Anniversary Wine & Champagne Gifts UK
spirit-gift-sets-delivery-whisky-gin-tequila-more-drinks-house-247	True	Spirit Gift Sets Delivery | Whisky & Gin | Drinks House 247	Spirit Gift Sets Delivery | Whisky & Gin
christmas-alcohol-gifts-delivery-festive-hampers-champagne-drinks-house-247	True	Christmas Alcohol Gifts Delivery UK | Drinks House 247	Christmas Alcohol Gifts Delivery UK
bulk-alcohol-delivery-and-cases-wine-champagne-spirits-uk-drinks-house-247	True	Bulk Alcohol Delivery & Cases UK | Drinks House 247	Bulk Alcohol Delivery & Cases UK
weekend-alcohol-delivery-uk-saturday-sunday-delivery-london-drinks-house-247	True	Weekend Alcohol Delivery UK | Drinks House 247	Weekend Alcohol Delivery UK
summer-bbq-alcohol-delivery-beer-rose-cider-uk-drinks-house-247	True	Summer BBQ Alcohol Delivery UK | Drinks House 247	Summer BBQ Alcohol Delivery UK
office-party-alcohol-delivery-uk-bulk-corporate-uk-drinks-house-247	True	Office Party Alcohol Delivery UK | Drinks House 247	Office Party Alcohol Delivery UK
hen-party-alcohol-delivery-prosecco-champagne-cocktails-london-drinks-house-247	True	Hen Party Alcohol Delivery London | Drinks House 247	Hen Party Alcohol Delivery London
low-alcohol-and-alcohol-free-delivery-uk-london-drinks-house-247	True	Low & Alcohol-Free Drinks Delivery UK | Drinks House 247	Low & Alcohol-Free Drinks Delivery UK
organic-and-natural-wine-delivery-uk-london-drinks-house-247	True	Organic & Natural Wine Delivery UK | Drinks House 247	Organic & Natural Wine Delivery UK
easter-alcohol-gifts-delivery-wine-champagne-prosecco-uk-drinks-house-247	True	Easter Alcohol Gifts Delivery UK | Drinks House 247	Easter Alcohol Gifts Delivery UK
retirement-celebration-alcohol-delivery-whisky-wine-champagne-uk-drinks-house-247	True	Retirement Alcohol Gifts Delivery UK | Drinks House 247	Retirement Alcohol Gifts Delivery UK
engagement-party-alcohol-delivery-champagne-prosecco-uk-drinks-house-247	True	Engagement Party Alcohol Delivery UK | Drinks House 247	Engagement Party Alcohol Delivery UK
valentines-day-alcohol-gifts-champagne-romantic-delivery-uk-drinks-house-247	True	Valentine's Day Alcohol Gifts UK | Drinks House 247	Valentine's Day Alcohol Gifts UK
whisky-and-bourbon-delivery-uk-premium-spirits-fast-drinks-house-247	True	Whisky & Bourbon Delivery UK | Drinks House 247	Whisky & Bourbon Delivery UK
gin-delivery-services-london-premium-craft-gin-fast-drinks-house-247	True	Same Day Gin Delivery London | Drinks House 247	Same Day Gin Delivery London
rum-and-tequila-delivery-uk-premium-spirits-fast-drinks-house-247	True	Rum and Tequila Delivery UK | Drinks House 247	Rum and Tequila Delivery UK
valentines-day-alcohol-delivery-london-uk-romantic-gifts-fast-drinks-house-247	True	Valentine's Day Alcohol Delivery London | Drinks House 247	Valentine's Day Alcohol Delivery London
fathers-day-alcohol-gifts-uk-premium-whisky-spirits-delivery-drinks-house-247	True	Father's Day Alcohol Gifts UK | Drinks House 247	Father's Day Alcohol Gifts UK
new-years-eve-alcohol-delivery-london-uk-party-essentials-fast-drinks-house-247	True	New Year's Eve Alcohol Delivery London | Drinks House 247	New Year's Eve Alcohol Delivery London
housewarming-alcohol-gifts-delivery-uk-premium-thoughtful-drinks-house-247	True	Housewarming Alcohol Gift Delivery UK | Drinks House 247	Housewarming Alcohol Gift Delivery UK
thank-you-alcohol-gifts-uk-elegant-thoughtful-delivery-drinks-house-247	True	Thank You Alcohol Gifts UK | Drinks House 247	Thank You Alcohol Gifts UK
student-alcohol-delivery-london-affordable-fast-options-drinks-house-247	True	Student Alcohol Delivery London | Drinks House 247	Student Alcohol Delivery London
exclusive-rare-alcohol-delivery-uk-limited-edition-spirits-collectibles-drinks-house-247	True	Rare & Limited Edition Spirits UK | Drinks House 247	Rare & Limited Edition Spirits UK
red-wine-delivery-uk-premium-fast-delivery-drinks-house-247	True	Red Wine Delivery UK | Premium Red Wine Gifts | Drinks House 247	Red Wine Delivery UK | Premium Red Wine Gifts
white-wine-delivery-services-uk-premium-fast-drinks-house-247	True	White Wine Delivery UK | Drinks House 247	White Wine Delivery UK
rose-and-sparkling-wine-delivery-uk-fresh-fast-drinks-house-247	True	Rosé and Sparkling Wine Delivery UK | Drinks House 247	Rosé and Sparkling Wine Delivery UK
ipa-and-craft-ale-delivery-uk-fresh-craft-beer-fast-drinks-house-247	True	IPA & Craft Ale Delivery UK | Drinks House 247	IPA & Craft Ale Delivery UK
lager-and-imported-beer-delivery-uk-fresh-fast-drinks-house-247	True	Lager & Imported Beer Delivery UK | Drinks House 247	Lager & Imported Beer Delivery UK
mothers-day-alcohol-gifts-uk-elegant-thoughtful-delivery-drinks-house-247	True	Mother's Day Alcohol Gifts UK | Drinks House 247	Mother's Day Alcohol Gifts UK
graduation-celebration-alcohol-delivery-uk-party-gift-ready-drinks-house-247	True	Graduation Alcohol Delivery UK | Drinks House 247	Graduation Alcohol Delivery UK
mother-s-day-alcohol-gifts-champagne-wine-uk-drinks-house-247	True	Mother's Day Alcohol Gifts Delivery | Drinks House 247	Mother's Day Alcohol Gifts Delivery
dry-january-alcohol-free-delivery-no-low-alcohol-uk-drinks-house-247	True	Dry January Alcohol-Free Delivery UK | Drinks House 247	Dry January Alcohol-Free Delivery UK
champagne-pairing-guide-best-food-matches-uk-drinks-house-247	True	Champagne Pairing Guide | Best Food Matches | Drinks House 247	Champagne Pairing Guide | Best Food Matches
wine-pairing-guide-best-food-matches-uk-drinks-house-247	True	Wine Pairing Guide | Best Food & Wine Matches | Drinks House 247	Wine Pairing Guide | Best Food & Wine Matches
same-day-alcohol-gifts-delivery-london-events-parties-drinks-house-247	True	Same-Day Alcohol Gifts Delivery London | Drinks House 247	Same-Day Alcohol Gifts Delivery London
ultimate-wine-pairing-guide-2026-best-food-matches-expert-tips-drinks-house-247	True	Ultimate Wine Pairing Guide 2026 | Drinks House 247	Ultimate Wine Pairing Guide 2026
send-alcohol-gifts-to-uk-from-usa-fast-reliable-drinks-house-247	True	Send Alcohol Gifts to the UK from the USA | Drinks House 247	Send Alcohol Gifts to the UK from the USA
send-alcohol-gifts-to-uk-from-canada-premium-delivery-drinks-house-247	True	Send Alcohol Gifts to the UK from Canada | Drinks House 247	Send Alcohol Gifts to the UK from Canada
send-alcohol-gifts-to-uk-from-australia-luxury-quick-drinks-house-247	True	Send Alcohol Gifts to the UK from Australia | Drinks House 247	Send Alcohol Gifts to the UK from Australia
send-alcohol-gifts-to-uk-from-europe-premium-seamless-drinks-house-247	True	Send Alcohol Gifts to the UK from Europe | Drinks House 247	Send Alcohol Gifts to the UK from Europe
send-alcohol-gifts-to-uk-from-china-hong-kong-luxury-delivery-drinks-house-247	True	Send Alcohol Gifts to the UK from China & Hong Kong | Drinks House 247	Send Alcohol Gifts to the UK from China & Hong Kong
send-alcohol-gifts-to-uk-from-singapore-premium-quick-drinks-house-247	True	Send Alcohol Gifts to the UK from Singapore | Drinks House 247	Send Alcohol Gifts to the UK from Singapore
send-alcohol-gifts-to-uk-from-saudi-arabia-luxury-delivery-drinks-house-247	True	Send Gifts to the UK from Saudi Arabia | Drinks House 247	Send Gifts to the UK from Saudi Arabia
send-alcohol-gifts-to-uk-from-uae-dubai-premium-delivery-drinks-house-247	True	Send Gifts to the UK from Dubai & the UAE | Drinks House 247	Send Gifts to the UK from Dubai & the UAE
how-to-build-the-perfect-home-bar-on-a-budget-beginner-to-intermediate-guide	True	How to Build a Home Bar on a Budget | Drinks House 247	How to Build a Home Bar on a Budget
whisky-tasting-guide-for-beginners-how-to-taste-like-a-pro-drinks-house-247	True	Whisky Tasting Guide for Beginners | Drinks House 247	Whisky Tasting Guide for Beginners
dinner-party-alcohol-delivery-london-uk-wine-spirits-more-drinks-house-247	True	Dinner Party Alcohol Delivery London | Drinks House 247	Dinner Party Alcohol Delivery London
romantic-evening-alcohol-delivery-london-uk-date-night-essentials-drinks-house-247	True	Romantic Drinks Delivery London | Drinks House 247	Romantic Drinks Delivery London
sports-event-alcohol-delivery-london-uk-beer-party-packs-fast-drinks-house-247	True	Sports Event Alcohol Delivery London | Drinks House 247	Sports Event Alcohol Delivery London
caymus-cabernet-sauvignon-napa-valley-2022-75cl-iconic-california-cab-drinks-house-247	True	Buy Caymus Cabernet Sauvignon 2022 75cl | Drinks House 247	Buy Caymus Cabernet Sauvignon 2022 75cl
caymus-cabernet-sauvignon-napa-valley-2022-75cl-collector-s-california-icon-drinks-house-247	True	Caymus Napa Valley Collector's Guide | Drinks House 247	Caymus Napa Valley Collector's Guide
valentines-day-alcohol-delivery-london-uk-2026-romantic-gifts-party-drinks-house-247	True	Valentine's Day Alcohol Delivery 2026 UK | Drinks House 247	Valentine's Day Alcohol Delivery 2026 UK
whiskey-for-my-valentine-valentines-day-gifts-uk-2026-drinks-house-247	True	Valentine's Whiskey Gifts UK 2026 | Drinks House 247	Valentine's Whiskey Gifts UK 2026
send-gin-as-a-gift-uk-premium-fast-delivery-drinks-house-247	True	Send Gin as a Gift UK | Drinks House 247	Send Gin as a Gift UK
send-whiskey-gift-uk-premium-fast-delivery-drinks-house-247	True	Send Whiskey Gifts to UK | Drinks House 247	Send Whiskey Gifts to UK
send-prosecco-gift-uk-bubbly-fast-delivery-drinks-house-247	True	Send Prosecco Gifts UK | Fast Delivery | Drinks House 247	Send Prosecco Gifts UK | Fast Delivery
buy-wine-gift-online-uk-premium-fast-delivery-drinks-house-247	True	Buy Wine Gifts Online UK | Drinks House 247	Buy Wine Gifts Online UK
send-vodka-gift-uk-fast-premium-fast-delivery-drinks-house-247	True	Send Vodka Gift UK Fast Delivery | Drinks House 247	Send Vodka Gift UK Fast Delivery
send-wedding-alcohol-gift-uk-elegant-fast-delivery-drinks-house-247	True	Send Wedding Alcohol Gifts to UK | Drinks House 247	Send Wedding Alcohol Gifts to UK
send-new-home-alcohol-gift-uk-welcome-gifts-fast-drinks-house-247	True	Send New Home Alcohol Gift UK | Drinks House 247	Send New Home Alcohol Gift UK
send-anniversary-alcohol-gift-uk-romantic-fast-drinks-house-247	True	Send Anniversary Alcohol Gift UK | Drinks House 247	Send Anniversary Alcohol Gift UK
corporate-alcohol-gifts-uk-premium-business-delivery-drinks-house-247	True	Bulk Corporate Alcohol Gifts | Business Delivery UK | Drinks House 247	Bulk Corporate Alcohol Gifts | Business Delivery UK
send-birthday-champagne-uk-bubbly-fast-delivery-drinks-house-247	True	Send Birthday Champagne UK Delivery | Drinks House 247	Send Birthday Champagne UK Delivery
alcohol-gift-hampers-uk-luxury-fast-delivery-drinks-house-247	True	Alcohol Gift Hampers UK – Luxury Gift Delivery | Drinks House 247	Alcohol Gift Hampers UK – Luxury Gift Delivery
send-tequila-gift-uk-premium-fast-delivery-drinks-house-247	True	Send Tequila Gifts to UK | Drinks House 247	Send Tequila Gifts to UK
send-tequila-as-a-gift-uk-premium-fast-delivery-drinks-house-247	True	Send Tequila as a Gift UK – Fast Delivery | Drinks House 247	Send Tequila as a Gift UK – Fast Delivery
buy-tequila-gift-online-uk-premium-fast-delivery-drinks-house-247	True	Buy Tequila Gift Online UK – Premium Delivery | Drinks House 247	Buy Tequila Gift Online UK – Premium Delivery
tequila-gift-delivery-uk-premium-fast-nationwide-drinks-house-247	True	Tequila Gift Delivery UK | Drinks House 247	Tequila Gift Delivery UK
send-tequila-as-a-birthday-gift-uk-fast-fun-delivery-drinks-house-247	True	Tequila Birthday Gift Delivery UK | Drinks House 247	Tequila Birthday Gift Delivery UK
tequila-gift-sets-uk-premium-fast-delivery-drinks-house-247	True	Tequila Gift Sets Delivery UK | Drinks House 247	Tequila Gift Sets Delivery UK
tequila-gifts-for-him-uk-premium-fast-delivery-drinks-house-247	True	Tequila Gifts for Him UK | Drinks House 247	Tequila Gifts for Him UK
tequila-gifts-for-her-uk-premium-fast-delivery-drinks-house-247	True	Tequila Gifts for Her UK Delivery | Drinks House 247	Tequila Gifts for Her UK Delivery
tequila-birthday-gift-uk-luxury-tequila-gifts	True	Luxury tequila gifts – Fast Delivery | Drinks House 247	Luxury tequila gifts – Fast Delivery
tequila-thank-you-gift-uk	True	tequila gift delivery service – Premium & Fast Delivery | Drinks House 247	tequila gift delivery service – Premium & Fast Delivery
send-white-wine-gift-uk	True	UK wine gift delivery – Crisp & Fast Delivery | Drinks House 247	UK wine gift delivery – Crisp & Fast Delivery
send-wine-gift-for-anniversary-uk	True	Send Wine Gift UK - Romantic & Fast Delivery | Drinks House 247	Send Wine Gift UK - Romantic & Fast Delivery
craft-beer-gift-sets-for-him-the-ultimate-guide	True	Beer Gifts for Him | Same-Day London Delivery | Drinks House 247	Beer Gifts for Him | Same-Day London Delivery
about-drinks-house-247-londons-premier-24-hour-alcohol-delivery-service	True	About Us – 24 Hour Alcohol Delivery | Drinks House 247	About Us – 24 Hour Alcohol Delivery
whisky-spirits-delivery	True	Whisky & Spirits Delivery London Same Day & UK-Wide | Drinks House 247	Whisky & Spirits Delivery London Same Day & UK-Wide
same-day-caviar-delivery-london	True	Same Day Caviar Delivery London | 24/7 | Drinks House 247	Same Day Caviar Delivery London | 24/7
champagne-and-caviar-delivery-london	True	Champagne & Caviar Delivery London | Same Day 24/7 | Drinks House 247	Champagne & Caviar Delivery London | Same Day 24/7
caviar-near-me	True	Caviar Near Me | Buy Caviar in London 24/7 | Drinks House 247	Caviar Near Me | Buy Caviar in London 24/7
caviar-hampers	True	Caviar Hampers | Luxury Gift Sets Delivered UK | Drinks House 247	Caviar Hampers | Luxury Gift Sets Delivered UK
champagne-and-caviar-gift-set	True	Champagne & Caviar Gift Sets | Delivered UK | Drinks House 247	Champagne & Caviar Gift Sets | Delivered UK
buy-caviar-online	True	Buy Caviar Online UK | Same Day London Delivery | Drinks House 247	Buy Caviar Online UK | Same Day London Delivery
late-night-caviar-delivery-london	True	Late Night Caviar Delivery London | 24/7 | Drinks House 247	Late Night Caviar Delivery London | 24/7
beluga-caviar-uk	True	Beluga Caviar UK | Buy Online, Delivered Chilled | Drinks House 247	Beluga Caviar UK | Buy Online, Delivered Chilled
oscietra-caviar-uk	True	Oscietra Caviar UK | Buy Royal Oscietra Online | Drinks House 247	Oscietra Caviar UK | Buy Royal Oscietra Online
caviar-delivery-uk	True	Caviar Delivery UK | Next Day Chilled Nationwide | Drinks House 247	Caviar Delivery UK | Next Day Chilled Nationwide
kaluga-caviar-uk	True	Kaluga Caviar UK | River Beluga Delivered | Drinks House 247	Kaluga Caviar UK | River Beluga Delivered
baeri-caviar-uk	True	Baeri Caviar UK | Best-Value Caviar From £50 | Drinks House 247	Baeri Caviar UK | Best-Value Caviar From £50
almas-caviar-uk	True	Almas White Caviar UK | Most Expensive Caviar | Drinks House 247	Almas White Caviar UK | Most Expensive Caviar
prunier-caviar-uk	True	Prunier Caviar UK | Same Day London Delivery | Drinks House 247	Prunier Caviar UK | Same Day London Delivery
vodka-and-caviar	True	Vodka & Caviar Gift Sets | Delivered London & UK | Drinks House 247	Vodka & Caviar Gift Sets | Delivered London & UK
corporate-caviar-gifts	True	Corporate Caviar Gifts | Client Gifting Delivered UK | Drinks House 247	Corporate Caviar Gifts | Client Gifting Delivered UK
how-to-serve-caviar	True	How to Serve Caviar | Simple Expert Guide | Drinks House 247	How to Serve Caviar | Simple Expert Guide
caviar-for-parties-london	True	Caviar for Parties London | Event Delivery 24/7 | Drinks House 247	Caviar for Parties London | Event Delivery 24/7
caviar-delivery-mayfair	True	Caviar Delivery Mayfair | 30–45 Min, 24/7 | Drinks House 247	Caviar Delivery Mayfair | 30–45 Min, 24/7
caviar-delivery-knightsbridge	True	Caviar Delivery Knightsbridge | 24/7 in 30–45 Min | Drinks House 247	Caviar Delivery Knightsbridge | 24/7 in 30–45 Min
caviar-delivery-chelsea	True	Caviar Delivery Chelsea & Kensington | 24/7 | Drinks House 247	Caviar Delivery Chelsea & Kensington | 24/7
caviar-delivery-canary-wharf	True	Caviar Delivery Canary Wharf & City | 24/7 | Drinks House 247	Caviar Delivery Canary Wharf & City | 24/7
wine-gifts	True	Wine Gifts | Same Day London & Next Day UK | Drinks House 247	Wine Gifts | Same Day London & Next Day UK
birthday-gifts-delivered	True	Birthday Gifts Delivered | Champagne, Wine & Caviar | Drinks House 247	Birthday Gifts Delivered | Champagne, Wine & Caviar
anniversary-gifts-delivered	True	Anniversary Gifts Delivered | Champagne & Caviar | Drinks House 247	Anniversary Gifts Delivered | Champagne & Caviar
engagement-gifts-delivered	True	Engagement Gifts | Champagne Delivered Same Day | Drinks House 247	Engagement Gifts | Champagne Delivered Same Day
congratulations-gifts-delivered	True	Congratulations Gifts | Champagne Same Day | Drinks House 247	Congratulations Gifts | Champagne Same Day
whisky-delivery-london	True	Whisky Delivery London | Same Day 24/7 | Drinks House 247	Whisky Delivery London | Same Day 24/7
vodka-delivery-london	True	Vodka Delivery London | 24/7 in 30–45 Min | Drinks House 247	Vodka Delivery London | 24/7 in 30–45 Min
gin-delivery-london	True	Gin Delivery London | Same Day 24/7 | Drinks House 247	Gin Delivery London | Same Day 24/7
tequila-delivery-london	True	Tequila Delivery London | 139 Bottles, 24/7 | Drinks House 247	Tequila Delivery London | 139 Bottles, 24/7
rum-delivery-london	True	Rum Delivery London | Same Day 24/7 | Drinks House 247	Rum Delivery London | Same Day 24/7
cognac-delivery-london	True	Cognac Delivery London | Hennessy to XO, 24/7 | Drinks House 247	Cognac Delivery London | Hennessy to XO, 24/7
send-champagne-gifts-to-london-from-new-york	True	Send Champagne to London from New York | Drinks House 247	Send Champagne to London from New York
send-champagne-gifts-to-london-from-beverly-hills-los-angeles	True	Send Champagne to London from Beverly Hills & LA | Drinks House 247	Send Champagne to London from Beverly Hills & LA
send-champagne-gifts-to-london-from-miami-palm-beach	True	Send Champagne to London from Miami & Palm Beach | Drinks House 247	Send Champagne to London from Miami & Palm Beach
send-champagne-gifts-to-london-from-san-francisco	True	Send Wine & Champagne to London from San Francisco | Drinks House 247	Send Wine & Champagne to London from San Francisco
send-champagne-gifts-to-london-from-toronto	True	Send Champagne to London from Toronto | Drinks House 247	Send Champagne to London from Toronto
send-champagne-cognac-gifts-to-london-from-hong-kong	True	Send Champagne & Cognac to London from Hong Kong | Drinks House 247	Send Champagne & Cognac to London from Hong Kong
send-whisky-champagne-gifts-to-london-from-tokyo	True	Send Whisky & Champagne to London from Tokyo | Drinks House 247	Send Whisky & Champagne to London from Tokyo
send-champagne-gifts-to-london-from-sydney	True	Send Champagne to London from Sydney | Drinks House 247	Send Champagne to London from Sydney
send-luxury-gifts-to-london-from-abu-dhabi	True	Send Luxury Gifts to London from Abu Dhabi | Drinks House 247	Send Luxury Gifts to London from Abu Dhabi
send-luxury-gifts-to-london-from-doha	True	Send Luxury Gifts to London from Doha | Drinks House 247	Send Luxury Gifts to London from Doha
send-champagne-gifts-to-london-from-paris	True	Send Champagne & Gifts to London from Paris | Drinks House 247	Send Champagne & Gifts to London from Paris
send-prestige-champagne-gifts-to-london-from-monaco	True	Send Prestige Champagne to London from Monaco | Drinks House 247	Send Prestige Champagne to London from Monaco
send-champagne-gifts-to-london-from-the-hamptons	True	Send Champagne to London from the Hamptons | Drinks House 247	Send Champagne to London from the Hamptons
send-champagne-gifts-to-london-from-greenwich-connecticut	True	Send Champagne to London from Greenwich, CT | Drinks House 247	Send Champagne to London from Greenwich, CT
send-champagne-whisky-gifts-to-london-from-chicago	True	Send Champagne & Whisky to London from Chicago | Drinks House 247	Send Champagne & Whisky to London from Chicago
send-champagne-whisky-gifts-to-london-from-dallas-houston	True	Send Champagne to London from Dallas & Houston | Drinks House 247	Send Champagne to London from Dallas & Houston
send-luxury-gifts-to-london-from-riyadh	True	Send Luxury Gifts to London from Riyadh | Drinks House 247	Send Luxury Gifts to London from Riyadh
send-luxury-gifts-to-london-from-kuwait-city	True	Send Luxury Gifts to London from Kuwait City | Drinks House 247	Send Luxury Gifts to London from Kuwait City
send-champagne-cognac-gifts-to-london-from-shanghai	True	Send Champagne & Cognac to London from Shanghai | Drinks House 247	Send Champagne & Cognac to London from Shanghai
send-whisky-champagne-gifts-to-london-from-mumbai	True	Send Whisky & Champagne to London from Mumbai | Drinks House 247	Send Whisky & Champagne to London from Mumbai
send-prestige-champagne-gifts-to-london-from-geneva-zurich	True	Send Champagne to London from Geneva & Zurich | Drinks House 247	Send Champagne to London from Geneva & Zurich
send-champagne-wine-gifts-to-london-from-milan	True	Send Champagne & Wine to London from Milan | Drinks House 247	Send Champagne & Wine to London from Milan
send-champagne-gifts-to-london-from-melbourne	True	Send Champagne to London from Melbourne | Drinks House 247	Send Champagne to London from Melbourne
send-gifts-to-london-from-abroad	True	Send Gifts to London from Abroad | Drinks House 247	Send Gifts to London from Abroad
