count,old_href,new_href
58,https://www.drinkshouse247.co.uk/products/untitled-jun7_02-52-44,https://www.drinkshouse247.co.uk/products/the-celebration-hamper
53,https://www.drinkshouse247.co.uk/collections/champagne/products/dom-perignon-champagne,https://www.drinkshouse247.co.uk/products/dom-perignon-champagne-2013
32,https://drinkshouse247.co.uk/pages/delivery-info,https://drinkshouse247.co.uk/policies/shipping-policy
25,https://www.drinkshouse247.co.uk/collections/champagne/products/veuve-clicquot-vintage-champagne-2012,https://www.drinkshouse247.co.uk/products/veuve-clicquot-vintage-champagne-2015
23,https://www.drinkshouse247.co.uk/products/untitled-jun13_03-01-29,https://www.drinkshouse247.co.uk/products/seventy-one-gin-signature-martini-gift-set
17,https://www.drinkshouse247.co.uk/products/charbonnel-et-walker-milk-and-dark-sea-salt-caramel-truffles-240g,https://www.drinkshouse247.co.uk/products/laduree-box-of-42-dark-and-milk-chocolate-squares-230g
16,https://www.drinkshouse247.co.uk/products/laduree-box-of-42-dark-and-milk-chocolate-squares-230g,https://www.drinkaware.co.uk
16,https://www.drinkshouse247.co.uk/products/charbonnel-et-walker-milk-chocolate-truffles-115g,https://www.drinkaware.co.uk
16,https://www.drinkshouse247.co.uk/collections/pre-mixed-cases,https://www.drinkshouse247.co.uk/collections/wine-box-6-bottles
15,https://www.drinkshouse247.co.uk/products/dark-sea-salt-caramel-chocolate-truffles,https://www.drinkshouse247.co.uk/products/charbonnel-et-walker-pistachio-truffles
15,https://drinkshouse247.co.uk/pages/champagne-gift-delivered,https://drinkshouse247.co.uk/pages/send-a-gift-of-champagne
13,https://www.drinkshouse247.co.uk/products/charbonnel-et-walker-pistachio-truffles,https://www.drinkshouse247.co.uk/products/laduree-pearls-box-ispahan-almond-130g
13,https://www.drinkshouse247.co.uk/products/laduree-box-of-42-dark-and-milk-chocolate-squares-230g,https://www.drinkshouse247.co.uk/products/charbonnel-et-walker-union-jack-milk-and-dark-chocolate-truffle-selection-205g
13,https://www.drinkshouse247.co.uk/products/exotic-fruits-delight-basket-premium-assortment,https://www.drinkshouse247.co.uk/products/the-celebration-hamper
13,https://www.drinkshouse247.co.uk/products/the-rose-champagne-hamper,https://www.drinkshouse247.co.uk/products/20-red-roses-flower-box
12,https://www.drinkshouse247.co.uk/products/exotic-fruits-delight-basket-premium-assortment,https://www.drinkshouse247.co.uk/products/seventy-one-gin-signature-martini-gift-set
12,https://www.drinkshouse247.co.uk/products/exotic-fruits-delight-basket-premium-assortment,https://www.drinkshouse247.co.uk/products/the-rose-champagne-hamper
11,https://www.drinkshouse247.co.uk/products/20-white-roses-bouquet,https://www.drinkshouse247.co.uk/products/10-dram-whisky-tasting-gift-set-10-x-3cl
11,https://www.drinkshouse247.co.uk/products/exotic-fruits-delight-basket-premium-assortment,https://www.drinkshouse247.co.uk/products/20-white-roses-bouquet
11,https://www.drinkshouse247.co.uk/products/untitled-jun13_02-01-56,https://www.drinkshouse247.co.uk/products/seventy-one-gin-trudon-candle-luxury-gift-set
10,https://www.drinkshouse247.co.uk/products/dark-sea-salt-caramel-chocolate-truffles,https://www.drinkshouse247.co.uk/products/charbonnel-et-walker-milk-and-dark-sea-salt-caramel-truffles-240g
10,https://www.drinkshouse247.co.uk/products/007-dry-martini-truffles,https://www.drinkshouse247.co.uk/products/charbonnel-et-walker-milk-and-dark-sea-salt-caramel-truffles-240g
10,https://www.drinkshouse247.co.uk/products/laduree-box-of-42-dark-and-milk-chocolate-squares-230g,https://www.drinkshouse247.co.uk/products/charbonnel-et-walker-milk-chocolate-truffles-115g
10,https://www.drinkshouse247.co.uk/collections/champagne/products/taittinger-vintage,https://www.drinkshouse247.co.uk/products/taittinger-brut-millesime-champagne
10,https://www.drinkshouse247.co.uk/collections/moet-et-chandon-champagne,https://www.drinkshouse247.co.uk/collections/moet-chandon-champagne
10,https://www.drinkshouse247.co.uk/collections/gifts,https://www.drinkshouse247.co.uk/collections/alcohol-gift-sets
9,https://drinkshouse247.co.uk/collections/champagne/products/dom-perignon-champagne,https://drinkshouse247.co.uk/products/dom-perignon-champagne-2013
8,https://www.drinkshouse247.co.uk/products/charbonnel-et-walker-union-jack-milk-and-dark-chocolate-truffle-205g,https://www.drinkaware.co.uk
8,https://www.drinkshouse247.co.uk/products/charbonnel-et-walker-whisky-truffles,https://www.drinkshouse247.co.uk/products/charbonnel-et-walker-milk-and-dark-sea-salt-caramel-truffles-240g
8,https://www.drinkshouse247.co.uk/products/charbonnel-et-walker-pistachio-truffles,https://www.drinkshouse247.co.uk/products/charbonnel-et-walker-milk-chocolate-truffles-115g
8,https://www.drinkshouse247.co.uk/products/charbonnel-et-walker-milk-and-dark-sea-salt-caramel-truffles-240g,https://www.drinkshouse247.co.uk/products/charbonnel-et-walker-pistachio-truffles
8,https://www.drinkshouse247.co.uk/collections/champagne/products/bollinger-special-cuvee,https://www.drinkshouse247.co.uk/products/bollinger-special-cuvee-brut-champagne-75cl
7,https://www.drinkshouse247.co.uk/products/laduree-pearls-box-ispahan-almond-130g,https://www.drinkshouse247.co.uk/products/charbonnel-et-walker-milk-chocolate-truffles-115g
7,https://www.drinkshouse247.co.uk/products/charbonnel-et-walker-union-jack-milk-and-dark-chocolate-truffle-205g,https://www.drinkshouse247.co.uk/products/laduree-box-of-42-dark-and-milk-chocolate-squares-230g
7,https://www.drinkshouse247.co.uk/products/laduree-box-of-42-dark-and-milk-chocolate-squares-230g,https://www.drinkshouse247.co.uk/products/charbonnel-et-walker-milk-pink-and-dark-chocolate-truffle-gift-set-132g
7,https://www.drinkshouse247.co.uk/products/dark-sea-salt-caramel-chocolate-truffles,https://www.drinkshouse247.co.uk/products/charbonnel-et-walker-whisky-truffles
7,https://drinkshouse247.co.uk/pages/online-champagne-delivery,https://drinkshouse247.co.uk/collections/champagne
7,https://www.drinkshouse247.co.uk/collections/champagne/products/louis-roederer-cristal,https://www.drinkshouse247.co.uk/products/louis-roederer-cristal-champagne
6,https://www.drinkshouse247.co.uk/products/untitled-jun13_03-01-29,https://www.drinkshouse247.co.uk/products/20-white-roses-bouquet
6,https://www.drinkshouse247.co.uk/products/10-dram-whisky-tasting-gift-set-10-x-3cl,https://www.drinkshouse247.co.uk/products/seventy-one-gin-trudon-candle-luxury-gift-set
6,https://www.drinkshouse247.co.uk/products/charbonnel-et-walker-milk-pink-and-dark-chocolate-truffle-gift-set-132g,https://www.drinkshouse247.co.uk/products/laduree-box-of-42-dark-and-milk-chocolate-squares-230g
6,https://www.drinkshouse247.co.uk/products/pink-marc-de-champagne-chocolate-truffles-135g,https://www.drinkshouse247.co.uk/products/charbonnel-et-walker-milk-pink-and-dark-chocolate-truffle-gift-set-132g
6,https://www.drinkshouse247.co.uk/products/charbonnel-et-walker-pistachio-truffles,https://www.drinkaware.co.uk
6,https://www.drinkshouse247.co.uk/products/untitled-jun13_03-01-29,https://www.drinkshouse247.co.uk/products/10-dram-whisky-tasting-gift-set-10-x-3cl
6,https://www.drinkshouse247.co.uk/products/20-red-roses-flower-box,https://www.drinkshouse247.co.uk/products/10-dram-whisky-tasting-gift-set-10-x-3cl
6,https://www.drinkshouse247.co.uk/collections/champagne/products/moet-chandon-imperial-champagne,https://www.drinkshouse247.co.uk/products/moet-chandon-champagne
6,https://www.drinkshouse247.co.uk/collections/champagne/products/piper-heidsieck-champagne,https://www.drinkshouse247.co.uk/products/piper-heidsieck-brut-champagne-gift-set
6,/products/untitled-jun7_02-52-44,/products/the-celebration-hamper
5,https://www.drinkshouse247.co.uk/products/charbonnel-et-walker-milk-chocolate-truffles-115g,https://www.drinkshouse247.co.uk/products/007-dry-martini-truffles
5,https://www.drinkshouse247.co.uk/products/charbonnel-et-walker-milk-and-dark-sea-salt-caramel-truffles-240g,https://www.drinkshouse247.co.uk/products/dark-sea-salt-caramel-chocolate-truffles
5,https://www.drinkshouse247.co.uk/products/charbonnel-et-walker-pistachio-truffles,https://www.drinkshouse247.co.uk/products/charbonnel-et-walker-union-jack-milk-and-dark-chocolate-truffle-selection-205g
5,https://www.drinkshouse247.co.uk/products/the-beluga-hamper,https://www.drinkshouse247.co.uk/products/20-red-roses-flower-box
5,https://www.drinkshouse247.co.uk/products/charbonnel-et-walker-milk-chocolate-truffles-115g,https://www.drinkshouse247.co.uk/products/laduree-box-of-42-dark-and-milk-chocolate-squares-230g
5,https://www.drinkshouse247.co.uk/products/charbonnel-et-walker-pistachio-truffles,https://www.drinkshouse247.co.uk/products/laduree-box-of-42-dark-and-milk-chocolate-squares-230g
5,https://www.drinkshouse247.co.uk/products/the-rose-champagne-hamper,https://www.drinkshouse247.co.uk/products/the-prestige-pearl-ruinart-blanc-de-blancs-oscietra-caviar-gift-set
5,https://www.drinkshouse247.co.uk/products/charbonnel-et-walker-pistachio-truffles,https://www.drinkshouse247.co.uk/products/dark-sea-salt-caramel-chocolate-truffles
5,https://www.drinkshouse247.co.uk/products/laduree-pearls-box-ispahan-almond-130g,https://www.drinkshouse247.co.uk/products/pink-marc-de-champagne-chocolate-truffles-135g
5,https://www.drinkshouse247.co.uk/products/untitled-jun13_03-01-29,https://www.drinkshouse247.co.uk/products/the-celebration-hamper
5,https://www.drinkshouse247.co.uk/products/untitled-jun7_02-52-44,https://www.drinkshouse247.co.uk/products/cipriani-hamper
5,https://www.drinkshouse247.co.uk/products/cipriani-hamper,https://www.drinkshouse247.co.uk/products/the-rose-champagne-hamper
5,https://www.drinkshouse247.co.uk/products/20-red-roses-flower-box,https://www.drinkshouse247.co.uk/products/20-white-roses-bouquet
5,https://www.drinkshouse247.co.uk/products/charbonnel-et-walker-milk-chocolate-truffles-115g,https://www.drinkshouse247.co.uk/products/dark-sea-salt-caramel-chocolate-truffles
5,https://www.drinkshouse247.co.uk/products/charbonnel-et-walker-milk-and-dark-sea-salt-caramel-truffles-240g,https://www.drinkshouse247.co.uk/products/charbonnel-et-walker-milk-chocolate-truffles-115g
5,https://www.drinkshouse247.co.uk/products/laduree-pearls-box-ispahan-almond-130g,https://www.drinkaware.co.uk
5,https://www.drinkshouse247.co.uk/pages/online-champagne-delivery,https://www.drinkshouse247.co.uk/collections/champagne
5,https://drinkshouse247.co.uk/products/veuve-clicquot-vintage-champagne-2012,https://drinkshouse247.co.uk/products/veuve-clicquot-vintage-champagne-2015
5,https://www.drinkshouse247.co.uk/collections/beers/products/kronenbourg-x4,https://www.drinkshouse247.co.uk/
5,https://www.drinkshouse247.co.uk/collections/champagne/products/bollinger,https://www.drinkshouse247.co.uk/products/bollinger-special-cuvee-brut-champagne-75cl
5,https://www.drinkshouse247.co.uk/collections/champagne/veuve-clicquot,https://www.drinkshouse247.co.uk/collections/veuve-clicquot-champagne
5,https://drinkshouse247.co.uk/top-wine-gift-sets-2026/,https://drinkshouse247.co.uk/collections/alcohol-gift-sets
4,https://www.drinkshouse247.co.uk/products/charbonnel-et-walker-milk-chocolate-truffles-115g,https://www.drinkshouse247.co.uk/products/charbonnel-et-walker-pistachio-truffles
4,https://www.drinkshouse247.co.uk/products/pink-marc-de-champagne-chocolate-truffles-135g,https://www.drinkshouse247.co.uk/products/charbonnel-et-walker-pistachio-truffles
4,https://www.drinkshouse247.co.uk/products/20-white-roses-bouquet,https://www.drinkshouse247.co.uk/products/charbonnel-et-walker-milk-and-dark-sea-salt-caramel-truffles-240g
4,https://www.drinkshouse247.co.uk/products/charbonnel-et-walker-milk-pink-and-dark-chocolate-truffle-gift-set-132g,https://www.drinkaware.co.uk
4,https://www.drinkshouse247.co.uk/products/laduree-box-of-42-dark-and-milk-chocolate-squares-230g,https://www.drinkshouse247.co.uk/products/farhi-chocolate-coated-almond-bonbonniere-130g
4,https://www.drinkshouse247.co.uk/products/exotic-fruits-delight-basket-premium-assortment,https://www.drinkshouse247.co.uk/products/charbonnel-et-walker-whisky-truffles
4,https://www.drinkshouse247.co.uk/products/charbonnel-et-walker-pistachio-truffles,https://www.drinkshouse247.co.uk/products/milk-sea-salt-caramel-praline-chocolate-truffles
4,https://www.drinkshouse247.co.uk/products/dark-marc-de-champagne-chocolate-truffles,https://www.drinkshouse247.co.uk/products/charbonnel-et-walker-pistachio-truffles
4,https://www.drinkshouse247.co.uk/products/dark-sea-salt-caramel-chocolate-truffles,https://www.drinkshouse247.co.uk/products/007-dry-martini-truffles
4,https://www.drinkshouse247.co.uk/products/charbonnel-et-walker-pistachio-truffles,https://www.drinkshouse247.co.uk/products/dark-marc-de-champagne-chocolate-truffles
4,https://www.drinkshouse247.co.uk/products/laduree-pearls-box-ispahan-almond-130g,https://www.drinkshouse247.co.uk/products/pink-himalayan-salted-caramel-chocolate-truffles
4,https://www.drinkshouse247.co.uk/products/exotic-fruits-delight-basket-premium-assortment,https://www.drinkshouse247.co.uk/products/premium-anejo-and-caviar-gift-set
4,https://www.drinkshouse247.co.uk/products/20-white-roses-bouquet,https://www.drinkshouse247.co.uk/products/the-rose-champagne-hamper
4,https://www.drinkshouse247.co.uk/products/cipriani-hamper,https://www.drinkshouse247.co.uk/products/seventy-one-gin-signature-martini-gift-set
4,https://www.drinkshouse247.co.uk/products/untitled-jun7_02-52-44,https://www.drinkshouse247.co.uk/products/the-rose-champagne-hamper
4,https://www.drinkshouse247.co.uk/products/10-dram-whisky-tasting-gift-set-10-x-3cl,https://www.drinkshouse247.co.uk/products/charbonnel-et-walker-pistachio-truffles
4,https://www.drinkshouse247.co.uk/products/20-red-roses-flower-box,https://www.drinkshouse247.co.uk/products/seventy-one-gin-signature-martini-gift-set
4,https://www.drinkshouse247.co.uk/products/10-dram-whisky-tasting-gift-set-10-x-3cl,https://www.drinkshouse247.co.uk/products/007-dry-martini-truffles
4,https://www.drinkshouse247.co.uk/products/charbonnel-et-walker-union-jack-milk-and-dark-chocolate-truffle-205g,https://www.drinkshouse247.co.uk/products/laduree-pearls-box-ispahan-almond-130g
4,/pages/challenge-21,/pages/challenge-25
4,https://drinkshouse247.co.uk/products/dom-perignon-champagne,https://drinkshouse247.co.uk/products/dom-perignon-champagne-2013
4,https://drinkshouse247.co.uk/pages/happy-birthday-champagne,https://drinkshouse247.co.uk/pages/champagne-gifts-birthday
4,https://www.drinkshouse247.co.uk/pages/champagne-gift-delivered,https://www.drinkshouse247.co.uk/pages/send-a-gift-of-champagne
4,https://www.drinkshouse247.co.uk/collections/champagne/products/bollinger-special-cuvee-champagne-75cl,https://www.drinkshouse247.co.uk/products/bollinger-special-cuvee-brut-champagne-75cl
4,https://drinkshouse247.co.uk/collections/blanco-tequila/Blanco-Tequila,https://drinkshouse247.co.uk/collections/blanco-tequila
4,https://drinkshouse247.co.uk/collections/reposado-tequila/Reposado,https://drinkshouse247.co.uk/collections/reposado-tequila
4,https://drinkshouse247.co.uk/collections/anejo-tequila/Anejo-Tequila,https://drinkshouse247.co.uk/collections/anejo-tequila
4,https://drinkshouse247.co.uk/luxury-alcohol-gift-hampers/,https://drinkshouse247.co.uk/collections/gifts-hampers
4,https://drinkshouse247.co.uk/pages/champagne-delight-buying-champagne-online-at-drinks-house-247,https://drinkshouse247.co.uk/collections/champagne
3,https://www.drinkshouse247.co.uk/products/007-dry-martini-truffles,https://www.drinkshouse247.co.uk/products/dark-sea-salt-caramel-chocolate-truffles
3,https://www.drinkshouse247.co.uk/products/pink-himalayan-salted-caramel-chocolate-truffles,https://www.drinkshouse247.co.uk/products/charbonnel-et-walker-milk-chocolate-truffles-115g
3,https://www.drinkshouse247.co.uk/products/laduree-pearls-box-ispahan-almond-130g,https://www.drinkshouse247.co.uk/products/laduree-box-of-42-dark-and-milk-chocolate-squares-230g
3,https://www.drinkshouse247.co.uk/products/the-tuxedo-belvedere-no-10-vodka-oscietra-caviar-gift-set,https://www.drinkshouse247.co.uk/products/the-beluga-hamper
3,https://www.drinkshouse247.co.uk/products/007-dry-martini-truffles,https://www.drinkshouse247.co.uk/products/charbonnel-et-walker-pistachio-truffles
3,https://www.drinkshouse247.co.uk/products/charbonnel-et-walker-milk-pink-and-dark-chocolate-truffle-gift-set-132g,https://www.drinkshouse247.co.uk/products/pink-himalayan-salted-caramel-chocolate-truffles
3,https://www.drinkshouse247.co.uk/products/pink-himalayan-salted-caramel-chocolate-truffles,https://www.drinkshouse247.co.uk/products/laduree-box-of-42-dark-and-milk-chocolate-squares-230g
3,https://www.drinkshouse247.co.uk/products/dark-marc-de-champagne-chocolate-truffles,https://www.drinkshouse247.co.uk/products/pink-marc-de-champagne-chocolate-truffles-135g
3,https://www.drinkshouse247.co.uk/products/pink-himalayan-salted-caramel-chocolate-truffles,https://www.drinkshouse247.co.uk/products/007-dry-martini-truffles
3,https://www.drinkshouse247.co.uk/products/charbonnel-et-walker-whisky-truffles,https://www.drinkshouse247.co.uk/products/pink-himalayan-salted-caramel-chocolate-truffles
3,https://www.drinkshouse247.co.uk/products/charbonnel-et-walker-whisky-truffles,https://www.drinkshouse247.co.uk/products/dark-sea-salt-caramel-chocolate-truffles
3,https://www.drinkshouse247.co.uk/products/charbonnel-et-walker-milk-and-dark-sea-salt-caramel-truffles-240g,https://www.drinkshouse247.co.uk/products/charbonnel-et-walker-union-jack-milk-and-dark-chocolate-truffle-selection-205g
3,https://www.drinkshouse247.co.uk/products/milk-sea-salt-caramel-praline-chocolate-truffles,https://www.drinkshouse247.co.uk/products/dark-sea-salt-caramel-chocolate-truffles
3,https://www.drinkshouse247.co.uk/products/20-red-roses-flower-box,https://www.drinkshouse247.co.uk/products/charbonnel-et-walker-pistachio-truffles
3,https://www.drinkshouse247.co.uk/products/farhi-assorted-chocolate-raisin-bonbonniere-130g,https://www.drinkaware.co.uk
3,https://www.drinkshouse247.co.uk/products/007-dry-martini-truffles,https://www.drinkshouse247.co.uk/products/charbonnel-et-walker-whisky-truffles
3,https://www.drinkshouse247.co.uk/products/charbonnel-et-walker-union-jack-milk-and-dark-chocolate-truffle-selection-205g,https://www.drinkshouse247.co.uk/products/laduree-box-of-42-dark-and-milk-chocolate-squares-230g
3,https://www.drinkshouse247.co.uk/products/charbonnel-et-walker-milk-and-dark-sea-salt-caramel-truffles-240g,https://www.drinkshouse247.co.uk/products/dark-marc-de-champagne-chocolate-truffles
3,https://www.drinkshouse247.co.uk/products/untitled-jun7_02-52-44,https://www.drinkshouse247.co.uk/products/10-dram-whisky-tasting-gift-set-10-x-3cl
3,https://www.drinkshouse247.co.uk/products/the-prestige-pearl-ruinart-blanc-de-blancs-oscietra-caviar-gift-set,https://www.drinkshouse247.co.uk/products/cipriani-hamper
3,https://www.drinkshouse247.co.uk/products/pink-himalayan-salted-caramel-chocolate-truffles,https://www.drinkshouse247.co.uk/products/dark-sea-salt-caramel-chocolate-truffles
3,https://www.drinkshouse247.co.uk/products/laduree-box-of-42-dark-and-milk-chocolate-squares-230g,https://www.drinkshouse247.co.uk/products/charbonnel-et-walker-milk-and-dark-sea-salt-caramel-truffles-240g
3,https://www.drinkshouse247.co.uk/products/exotic-fruits-delight-basket-premium-assortment,https://www.drinkshouse247.co.uk/products/cipriani-hamper
3,https://www.drinkshouse247.co.uk/products/20-white-roses-bouquet,https://www.drinkshouse247.co.uk/products/the-beluga-hamper
3,https://www.drinkshouse247.co.uk/products/farhi-assorted-chocolate-raisin-bonbonniere-130g,https://www.drinkshouse247.co.uk/products/charbonnel-et-walker-milk-chocolate-truffles-115g
3,https://www.drinkshouse247.co.uk/products/charbonnel-et-walker-whisky-truffles,https://www.drinkshouse247.co.uk/products/charbonnel-et-walker-pistachio-truffles
3,https://www.drinkshouse247.co.uk/products/007-dry-martini-truffles,https://www.drinkshouse247.co.uk/products/farhi-chocolate-coated-almond-bonbonniere-130g
3,https://www.drinkshouse247.co.uk/products/charbonnel-et-walker-union-jack-milk-and-dark-chocolate-truffle-205g,https://www.drinkshouse247.co.uk/products/dark-sea-salt-caramel-chocolate-truffles
3,https://www.drinkshouse247.co.uk/products/farhi-assorted-chocolate-raisin-bonbonniere-130g,https://www.drinkshouse247.co.uk/products/laduree-box-of-42-dark-and-milk-chocolate-squares-230g
3,https://www.drinkshouse247.co.uk/products/farhi-chocolate-coated-almond-bonbonniere-130g,https://www.drinkshouse247.co.uk/products/laduree-pearls-box-ispahan-almond-130g
3,https://www.drinkshouse247.co.uk/products/the-rose-champagne-hamper,https://www.drinkshouse247.co.uk/products/cipriani-hamper
3,https://www.drinkshouse247.co.uk/products/10-dram-whisky-tasting-gift-set-10-x-3cl,https://www.drinkshouse247.co.uk/products/20-red-roses-flower-box
3,https://www.drinkshouse247.co.uk/products/farhi-vegan-almond-bonbonniere-130g,https://www.drinkshouse247.co.uk/products/laduree-box-of-42-dark-and-milk-chocolate-squares-230g
3,https://www.drinkshouse247.co.uk/products/pink-marc-de-champagne-chocolate-truffles-135g,https://www.drinkshouse247.co.uk/products/charbonnel-et-walker-milk-chocolate-truffles-115g
3,https://www.drinkshouse247.co.uk/products/20-red-roses-flower-box,https://www.drinkshouse247.co.uk/products/dark-sea-salt-caramel-chocolate-truffles
3,https://www.drinkshouse247.co.uk/products/milk-sea-salt-caramel-praline-chocolate-truffles,https://www.drinkshouse247.co.uk/products/charbonnel-et-walker-milk-and-dark-sea-salt-caramel-truffles-240g
3,https://www.drinkshouse247.co.uk/products/charbonnel-et-walker-milk-and-dark-sea-salt-caramel-truffles-240g,https://www.drinkshouse247.co.uk/products/007-dry-martini-truffles
3,https://www.drinkshouse247.co.uk/products/farhi-chocolate-coated-almond-bonbonniere-130g,https://www.drinkshouse247.co.uk/products/laduree-box-of-42-dark-and-milk-chocolate-squares-230g
3,https://www.drinkshouse247.co.uk/products/dark-marc-de-champagne-chocolate-truffles,https://www.drinkshouse247.co.uk/products/charbonnel-et-walker-milk-and-dark-sea-salt-caramel-truffles-240g
3,https://www.drinkshouse247.co.uk/products/untitled-jun7_02-52-44,https://www.drinkshouse247.co.uk/products/20-white-roses-bouquet
3,https://www.drinkshouse247.co.uk/products/laduree-box-of-42-dark-and-milk-chocolate-squares-230g,https://www.drinkshouse247.co.uk/products/pink-marc-de-champagne-chocolate-truffles-135g
3,https://www.drinkshouse247.co.uk/products/the-rose-champagne-hamper,https://www.drinkshouse247.co.uk/products/20-white-roses-bouquet
3,https://www.drinkshouse247.co.uk/products/charbonnel-et-walker-pistachio-truffles,https://www.drinkshouse247.co.uk/products/007-dry-martini-truffles
3,https://www.drinkshouse247.co.uk/products/untitled-jun13_03-01-29,https://www.drinkshouse247.co.uk/products/the-prestige-pearl-ruinart-blanc-de-blancs-oscietra-caviar-gift-set
3,https://www.drinkshouse247.co.uk/products/laduree-box-of-42-dark-and-milk-chocolate-squares-230g,https://www.drinkshouse247.co.uk/products/charbonnel-et-walker-pistachio-truffles
3,https://www.drinkshouse247.co.uk/products/charbonnel-et-walker-milk-chocolate-truffles-115g,https://www.drinkshouse247.co.uk/products/charbonnel-et-walker-union-jack-milk-and-dark-chocolate-truffle-selection-205g
3,https://www.drinkshouse247.co.uk/products/untitled-jun13_02-01-56,https://www.drinkshouse247.co.uk/products/dark-sea-salt-caramel-chocolate-truffles
3,https://www.drinkshouse247.co.uk/collections/alcohol-gift-sets/deals,https://www.drinkshouse247.co.uk/collections/alcohol-gift-sets
3,https://www.drinkshouse247.co.uk/collections/champagne/brand_veuve-clicquot,https://www.drinkshouse247.co.uk/collections/veuve-clicquot-champagne
3,https://www.drinkshouse247.co.uk/collections/beers/products/strongbow-dark-fruit-cider-1,https://www.drinkshouse247.co.uk/products/strongbow-original-cider
3,https://drinkshouse247.co.uk/best-champagne-gifts/,https://drinkshouse247.co.uk/collections/champagne-gifts
3,https://drinkshouse247.co.uk/pages/champagne-gifts-delivery,https://drinkshouse247.co.uk/pages/send-a-gift-of-champagne
2,https://www.drinkshouse247.co.uk/products/untitled-jun13_02-01-56,https://www.drinkshouse247.co.uk/products/charbonnel-et-walker-milk-chocolate-truffles-115g
2,https://www.drinkshouse247.co.uk/products/20-white-roses-bouquet,https://www.drinkshouse247.co.uk/products/the-celebration-hamper
2,https://www.drinkshouse247.co.uk/products/charbonnel-et-walker-pistachio-truffles,https://www.drinkshouse247.co.uk/products/charbonnel-et-walker-whisky-truffles
2,https://www.drinkshouse247.co.uk/products/charbonnel-et-walker-pistachio-truffles,https://www.drinkshouse247.co.uk/products/pink-himalayan-salted-caramel-chocolate-truffles
2,https://www.drinkshouse247.co.uk/products/pink-himalayan-salted-caramel-chocolate-truffles,https://www.drinkshouse247.co.uk/products/charbonnel-et-walker-milk-pink-and-dark-chocolate-truffle-gift-set-132g
2,https://www.drinkshouse247.co.uk/products/charbonnel-et-walker-milk-pink-and-dark-chocolate-truffle-gift-set-132g,https://www.drinkshouse247.co.uk/products/laduree-pearls-box-ispahan-almond-130g
2,https://www.drinkshouse247.co.uk/products/10-dram-whisky-tasting-gift-set-10-x-3cl,https://www.drinkshouse247.co.uk/products/the-rose-champagne-hamper
2,https://www.drinkshouse247.co.uk/products/dark-sea-salt-caramel-chocolate-truffles,https://www.drinkshouse247.co.uk/products/milk-sea-salt-caramel-praline-chocolate-truffles
2,https://www.drinkshouse247.co.uk/products/milk-sea-salt-caramel-praline-chocolate-truffles,https://www.drinkshouse247.co.uk/products/charbonnel-et-walker-pistachio-truffles
2,https://www.drinkshouse247.co.uk/products/farhi-chocolate-coated-almond-bonbonniere-130g,https://www.drinkshouse247.co.uk/products/charbonnel-et-walker-milk-chocolate-truffles-115g
2,https://www.drinkshouse247.co.uk/products/20-white-roses-bouquet,https://www.drinkshouse247.co.uk/products/the-tuxedo-belvedere-no-10-vodka-oscietra-caviar-gift-set
2,https://www.drinkshouse247.co.uk/products/laduree-pearls-box-ispahan-almond-130g,https://www.drinkshouse247.co.uk/products/charbonnel-et-walker-milk-pink-and-dark-chocolate-truffle-gift-set-132g
2,https://www.drinkshouse247.co.uk/products/pink-marc-de-champagne-chocolate-truffles-135g,https://www.drinkshouse247.co.uk/products/pink-himalayan-salted-caramel-chocolate-truffles
2,https://www.drinkshouse247.co.uk/products/pink-himalayan-salted-caramel-chocolate-truffles,https://www.drinkshouse247.co.uk/products/charbonnel-et-walker-pistachio-truffles
2,https://www.drinkshouse247.co.uk/products/007-dry-martini-truffles,https://www.drinkshouse247.co.uk/products/pink-himalayan-salted-caramel-chocolate-truffles
2,https://www.drinkshouse247.co.uk/products/the-prestige-pearl-ruinart-blanc-de-blancs-oscietra-caviar-gift-set,https://www.drinkshouse247.co.uk/products/20-white-roses-bouquet
2,https://www.drinkshouse247.co.uk/products/exotic-fruits-delight-basket-premium-assortment,https://www.drinkshouse247.co.uk/products/20-red-roses-flower-box
2,https://www.drinkshouse247.co.uk/products/the-prestige-pearl-ruinart-blanc-de-blancs-oscietra-caviar-gift-set,https://www.drinkshouse247.co.uk/products/seventy-one-gin-signature-martini-gift-set
2,https://www.drinkshouse247.co.uk/products/the-beluga-hamper,https://www.drinkshouse247.co.uk/products/laduree-pearls-box-ispahan-almond-130g
2,https://www.drinkshouse247.co.uk/products/007-dry-martini-truffles,https://www.drinkshouse247.co.uk/products/laduree-box-of-42-dark-and-milk-chocolate-squares-230g
2,https://www.drinkshouse247.co.uk/products/charbonnel-et-walker-pistachio-truffles,https://www.drinkshouse247.co.uk/products/charbonnel-et-walker-milk-and-dark-sea-salt-caramel-truffles-240g
2,https://www.drinkshouse247.co.uk/products/dark-marc-de-champagne-chocolate-truffles,https://www.drinkshouse247.co.uk/products/charbonnel-et-walker-union-jack-milk-and-dark-chocolate-truffle-selection-205g
2,https://www.drinkshouse247.co.uk/products/dark-sea-salt-caramel-chocolate-truffles,https://www.drinkshouse247.co.uk/products/dark-marc-de-champagne-chocolate-truffles
2,https://www.drinkshouse247.co.uk/products/cipriani-hamper,https://www.drinkshouse247.co.uk/products/20-white-roses-bouquet
2,https://www.drinkshouse247.co.uk/products/20-white-roses-bouquet,https://www.drinkshouse247.co.uk/products/the-prestige-pearl-ruinart-blanc-de-blancs-oscietra-caviar-gift-set
2,https://www.drinkshouse247.co.uk/products/the-prestige-pearl-ruinart-blanc-de-blancs-oscietra-caviar-gift-set,https://www.drinkshouse247.co.uk/products/20-red-roses-flower-box
2,https://www.drinkshouse247.co.uk/products/20-red-roses-flower-box,https://www.drinkshouse247.co.uk/products/laduree-pearls-box-ispahan-almond-130g
2,https://www.drinkshouse247.co.uk/products/laduree-pearls-box-ispahan-almond-130g,https://www.drinkshouse247.co.uk/products/charbonnel-et-walker-pistachio-truffles
2,https://www.drinkshouse247.co.uk/products/pink-marc-de-champagne-chocolate-truffles-135g,https://www.drinkshouse247.co.uk/products/007-dry-martini-truffles
2,https://www.drinkshouse247.co.uk/products/charbonnel-et-walker-milk-pink-and-dark-chocolate-truffle-gift-set-132g,https://www.drinkshouse247.co.uk/products/farhi-assorted-chocolate-raisin-bonbonniere-130g
2,https://www.drinkshouse247.co.uk/products/pink-marc-de-champagne-chocolate-truffles-135g,https://www.drinkshouse247.co.uk/products/dark-sea-salt-caramel-chocolate-truffles
2,https://www.drinkshouse247.co.uk/products/charbonnel-et-walker-milk-pink-and-dark-chocolate-truffle-gift-set-132g,https://www.drinkshouse247.co.uk/products/007-dry-martini-truffles
2,https://www.drinkshouse247.co.uk/products/farhi-chocolate-coated-almond-bonbonniere-130g,https://www.drinkaware.co.uk
2,https://www.drinkshouse247.co.uk/products/20-red-roses-flower-box,https://www.drinkshouse247.co.uk/products/charbonnel-et-walker-whisky-truffles
2,https://www.drinkshouse247.co.uk/products/charbonnel-et-walker-milk-chocolate-truffles-115g,https://www.drinkshouse247.co.uk/products/farhi-assorted-chocolate-raisin-bonbonniere-130g
2,https://www.drinkshouse247.co.uk/products/charbonnel-et-walker-milk-and-dark-sea-salt-caramel-truffles-240g,https://www.drinkshouse247.co.uk/products/charbonnel-et-walker-milk-pink-and-dark-chocolate-truffle-gift-set-132g
2,https://www.drinkshouse247.co.uk/products/charbonnel-et-walker-milk-pink-and-dark-chocolate-truffle-gift-set-132g,https://www.drinkshouse247.co.uk/products/charbonnel-et-walker-union-jack-milk-and-dark-chocolate-truffle-selection-205g
2,https://www.drinkshouse247.co.uk/products/pink-marc-de-champagne-chocolate-truffles-135g,https://www.drinkshouse247.co.uk/products/farhi-vegan-almond-bonbonniere-130g
2,https://www.drinkshouse247.co.uk/products/laduree-box-of-42-dark-and-milk-chocolate-squares-230g,https://www.drinkshouse247.co.uk/products/milk-sea-salt-caramel-praline-chocolate-truffles
2,https://www.drinkshouse247.co.uk/products/farhi-assorted-chocolate-raisin-bonbonniere-130g,https://www.drinkshouse247.co.uk/products/charbonnel-et-walker-pistachio-truffles
2,https://www.drinkshouse247.co.uk/products/charbonnel-et-walker-milk-and-dark-sea-salt-caramel-truffles-240g,https://www.drinkshouse247.co.uk/products/pink-marc-de-champagne-chocolate-truffles-135g
2,https://www.drinkshouse247.co.uk/products/jack-daniels-old-no-7-tennessee-whiskey-guitar-gift-pack-70cl,https://www.drinkshouse247.co.uk/products/20-red-roses-flower-box
2,https://www.drinkshouse247.co.uk/products/charbonnel-et-walker-union-jack-milk-and-dark-chocolate-truffle-205g,https://www.drinkshouse247.co.uk/products/charbonnel-et-walker-union-jack-milk-and-dark-chocolate-truffle-selection-205g
2,https://www.drinkshouse247.co.uk/products/charbonnel-et-walker-milk-and-dark-sea-salt-caramel-truffles-240g,https://www.drinkshouse247.co.uk/products/farhi-assorted-chocolate-raisin-bonbonniere-130g
2,https://www.drinkshouse247.co.uk/products/the-prestige-pearl-ruinart-blanc-de-blancs-oscietra-caviar-gift-set,https://www.drinkshouse247.co.uk/products/10-dram-whisky-tasting-gift-set-10-x-3cl
2,https://www.drinkshouse247.co.uk/products/charbonnel-et-walker-pistachio-truffles,https://www.drinkshouse247.co.uk/products/farhi-vegan-almond-bonbonniere-130g
2,https://www.drinkshouse247.co.uk/products/farhi-vegan-almond-bonbonniere-130g,https://www.drinkshouse247.co.uk/products/charbonnel-et-walker-milk-chocolate-truffles-115g
2,https://www.drinkshouse247.co.uk/products/charbonnel-et-walker-whisky-truffles,https://www.drinkshouse247.co.uk/products/laduree-box-of-42-dark-and-milk-chocolate-squares-230g
2,https://www.drinkshouse247.co.uk/products/exotic-fruits-delight-basket-premium-assortment,https://www.drinkshouse247.co.uk/products/seventy-one-gin-trudon-candle-luxury-gift-set
2,https://www.drinkshouse247.co.uk/products/laduree-pearls-box-ispahan-almond-130g,https://www.drinkshouse247.co.uk/products/milk-sea-salt-caramel-praline-chocolate-truffles
2,https://www.drinkshouse247.co.uk/products/10-dram-whisky-tasting-gift-set-10-x-3cl,https://www.drinkshouse247.co.uk/products/charbonnel-et-walker-milk-and-dark-sea-salt-caramel-truffles-240g
2,https://www.drinkshouse247.co.uk/products/charbonnel-et-walker-union-jack-milk-and-dark-chocolate-truffle-205g,https://www.drinkshouse247.co.uk/products/farhi-assorted-chocolate-raisin-bonbonniere-130g
2,https://www.drinkshouse247.co.uk/products/cipriani-hamper,https://www.drinkshouse247.co.uk/products/10-dram-whisky-tasting-gift-set-10-x-3cl
2,https://www.drinkshouse247.co.uk/products/10-dram-whisky-tasting-gift-set-10-x-3cl,https://www.drinkshouse247.co.uk/products/charbonnel-et-walker-union-jack-milk-and-dark-chocolate-truffle-selection-205g
2,https://www.drinkshouse247.co.uk/products/charbonnel-et-walker-union-jack-milk-and-dark-chocolate-truffle-205g,https://www.drinkshouse247.co.uk/products/pink-marc-de-champagne-chocolate-truffles-135g
2,https://www.drinkshouse247.co.uk/products/charbonnel-et-walker-milk-pink-and-dark-chocolate-truffle-gift-set-132g,https://www.drinkshouse247.co.uk/products/dark-marc-de-champagne-chocolate-truffles
2,https://www.drinkshouse247.co.uk/products/charbonnel-et-walker-milk-chocolate-truffles-115g,https://www.drinkshouse247.co.uk/products/charbonnel-et-walker-milk-and-dark-sea-salt-caramel-truffles-240g
2,https://www.drinkshouse247.co.uk/products/untitled-jun7_02-52-44,https://www.drinkshouse247.co.uk/products/20-red-roses-flower-box
2,https://www.drinkshouse247.co.uk/products/the-rose-champagne-hamper,https://www.drinkshouse247.co.uk/products/seventy-one-gin-signature-martini-gift-set
2,https://www.drinkshouse247.co.uk/products/dark-sea-salt-caramel-chocolate-truffles,https://www.drinkaware.co.uk
2,https://www.drinkshouse247.co.uk/products/20-white-roses-bouquet,https://www.drinkshouse247.co.uk/products/seventy-one-gin-signature-martini-gift-set
2,https://www.drinkshouse247.co.uk/products/10-dram-whisky-tasting-gift-set-10-x-3cl,https://www.drinkshouse247.co.uk/products/dark-sea-salt-caramel-chocolate-truffles
2,https://www.drinkshouse247.co.uk/products/dark-marc-de-champagne-chocolate-truffles,https://www.drinkshouse247.co.uk/products/dark-sea-salt-caramel-chocolate-truffles
2,https://www.drinkshouse247.co.uk/products/cipriani-hamper,https://www.drinkshouse247.co.uk/products/the-prestige-pearl-ruinart-blanc-de-blancs-oscietra-caviar-gift-set
2,https://www.drinkshouse247.co.uk/products/20-white-roses-bouquet,https://www.drinkshouse247.co.uk/products/cipriani-hamper
2,https://drinkshouse247.co.uk/products/bollinger,https://drinkshouse247.co.uk/products/bollinger-special-cuvee-brut-champagne-75cl
2,https://drinkshouse247.co.uk/pages/champagne-sent-as-a-gift,https://drinkshouse247.co.uk/pages/send-a-gift-of-champagne
2,https://www.drinkshouse247.co.uk/collections/beers-1,https://www.drinkshouse247.co.uk/collections/beers
2,https://www.drinkshouse247.co.uk/products/veuve-clicquot-vintage-champagne-2012,https://www.drinkshouse247.co.uk/products/veuve-clicquot-vintage-champagne-2015
2,https://drinkshouse247.co.uk/pages/unveil-the-elegance-with-bollinger-champagne-gifts,https://drinkshouse247.co.uk/pages/bollinger-champagne-gifts
2,https://www.drinkshouse247.co.uk/collections/organic-champagne,https://www.drinkshouse247.co.uk/collections/certified-organic-wines
2,https://www.drinkshouse247.co.uk/collections/champagne-nebuchadnezzar-15l,https://www.drinkshouse247.co.uk/collections/champagne-magnum-1-5l
2,https://www.drinkshouse247.co.uk/collections/tequila/products/clase-azul-anejo,https://www.drinkshouse247.co.uk/products/clase-azul-anejo-tequila-70cl
2,https://www.drinkshouse247.co.uk/collections/tequila/products/casa-dragones-joven,https://www.drinkshouse247.co.uk/products/casa-dragones-joven-tequila-70cl
2,https://drinkshouse247.co.uk/collections/extra-anejo-tequila/Extra-Anejo,https://drinkshouse247.co.uk/collections/extra-anejo-tequila
2,/pages/valentines-day-alcohol-delivery-london-uk-2026,/pages/valentines-day-alcohol-delivery-london-uk-2026-romantic-gifts-party-drinks-house-247
2,https://drinkshouse247.co.uk/craft-beer-delivery-london/,https://drinkshouse247.co.uk/collections/beers
2,https://www.drinkshouse247.co.uk/delivery-information,https://www.drinkshouse247.co.uk/
2,https://drinkshouse247.co.uk/pages/sending-champagne-as-gift,https://drinkshouse247.co.uk/pages/sending-champagne-as-a-gift-uk
2,https://drinkshouse247.co.uk/collections/organic-champagne,https://drinkshouse247.co.uk/collections/certified-organic-wines
2,https://drinkshouse247.co.uk/pages/champagne-delivery-london,https://drinkshouse247.co.uk/collections/champagne
2,https://drinkshouse247.co.uk/pages/champagne-delivery-in-uk,https://drinkshouse247.co.uk/pages/uk-champagne-delivery
2,https://drinkshouse247.co.uk/pages/buy-champagne-online,https://drinkshouse247.co.uk/collections/champagne
2,https://www.drinkshouse247.co.uk/wine-hampers-delivery-uk,https://www.drinkshouse247.co.uk/collections/gifts-hampers
1,https://www.drinkshouse247.co.uk/products/laduree-pearls-box-ispahan-almond-130g,https://www.drinkshouse247.co.uk/products/007-dry-martini-truffles
1,https://www.drinkshouse247.co.uk/products/untitled-jun7_02-52-44,https://www.drinkshouse247.co.uk/products/seventy-one-gin-trudon-candle-luxury-gift-set
1,https://www.drinkshouse247.co.uk/products/untitled-jun13_02-01-56,https://www.drinkshouse247.co.uk/products/pink-marc-de-champagne-chocolate-truffles-135g
1,https://www.drinkshouse247.co.uk/products/charbonnel-et-walker-milk-pink-and-dark-chocolate-truffle-gift-set-132g,https://www.drinkshouse247.co.uk/products/lopez-de-heredia-vina-cubillo-crianza-rioja-2017-75cl
1,https://www.drinkshouse247.co.uk/products/lopez-de-heredia-vina-cubillo-crianza-rioja-2017-75cl,https://www.drinkaware.co.uk
1,https://drinkshouse247.co.uk/products/red-roses-berries-wedding-cake,https://drinkshouse247.co.uk/collections/best-sellers
1,https://drinkshouse247.co.uk/products/silver-wedding-cake,https://drinkshouse247.co.uk/collections/best-sellers
1,https://drinkshouse247.co.uk/products/rose-bud-wedding-cake,https://drinkshouse247.co.uk/collections/best-sellers
1,https://drinkshouse247.co.uk/collections/gifts,https://drinkshouse247.co.uk/collections/alcohol-gift-sets
1,https://www.drinkshouse247.co.uk/products/exotic-fruits-delight-basket-premium-assortment,https://www.drinkshouse247.co.uk/products/dark-sea-salt-caramel-chocolate-truffles
1,https://www.drinkshouse247.co.uk/products/charbonnel-et-walker-whisky-truffles,https://www.drinkshouse247.co.uk/products/milk-sea-salt-caramel-praline-chocolate-truffles
1,https://www.drinkshouse247.co.uk/products/milk-sea-salt-caramel-praline-chocolate-truffles,https://www.drinkshouse247.co.uk/products/pink-himalayan-salted-caramel-chocolate-truffles
1,https://www.drinkshouse247.co.uk/products/charbonnel-et-walker-milk-chocolate-truffles-115g,https://www.drinkshouse247.co.uk/products/charbonnel-et-walker-milk-pink-and-dark-chocolate-truffle-gift-set-132g
1,https://www.drinkshouse247.co.uk/products/20-white-roses-bouquet,https://www.drinkshouse247.co.uk/products/007-dry-martini-truffles
1,https://www.drinkshouse247.co.uk/products/007-dry-martini-truffles,https://www.drinkshouse247.co.uk/products/pink-marc-de-champagne-chocolate-truffles-135g
1,https://www.drinkshouse247.co.uk/products/exotic-fruits-delight-basket-premium-assortment,https://www.drinkshouse247.co.uk/products/10-dram-whisky-tasting-gift-set-10-x-3cl
1,https://www.drinkshouse247.co.uk/products/the-rose-champagne-hamper,https://www.drinkshouse247.co.uk/products/dark-sea-salt-caramel-chocolate-truffles
1,https://www.drinkshouse247.co.uk/products/20-red-roses-flower-box,https://www.drinkshouse247.co.uk/products/pink-marc-de-champagne-chocolate-truffles-135g
1,https://www.drinkshouse247.co.uk/products/pink-marc-de-champagne-chocolate-truffles-135g,https://www.drinkshouse247.co.uk/products/dark-marc-de-champagne-chocolate-truffles
1,https://www.drinkshouse247.co.uk/products/dark-marc-de-champagne-chocolate-truffles,https://www.drinkshouse247.co.uk/products/007-dry-martini-truffles
1,https://www.drinkshouse247.co.uk/products/exotic-fruits-delight-basket-premium-assortment,https://www.drinkshouse247.co.uk/products/dark-marc-de-champagne-chocolate-truffles
1,https://www.drinkshouse247.co.uk/products/007-dry-martini-truffles,https://www.drinkshouse247.co.uk/products/charbonnel-et-walker-union-jack-milk-and-dark-chocolate-truffle-selection-205g
1,https://www.drinkshouse247.co.uk/products/charbonnel-et-walker-union-jack-milk-and-dark-chocolate-truffle-selection-205g,https://www.drinkshouse247.co.uk/products/charbonnel-et-walker-milk-pink-and-dark-chocolate-truffle-gift-set-132g
1,https://www.drinkshouse247.co.uk/products/milk-sea-salt-caramel-praline-chocolate-truffles,https://www.drinkshouse247.co.uk/products/charbonnel-et-walker-union-jack-milk-and-dark-chocolate-truffle-selection-205g
1,https://www.drinkshouse247.co.uk/products/charbonnel-et-walker-union-jack-milk-and-dark-chocolate-truffle-selection-205g,https://www.drinkshouse247.co.uk/products/farhi-vegan-almond-bonbonniere-130g
1,https://www.drinkshouse247.co.uk/products/farhi-vegan-almond-bonbonniere-130g,https://www.drinkshouse247.co.uk/products/charbonnel-et-walker-milk-pink-and-dark-chocolate-truffle-gift-set-132g
1,https://www.drinkshouse247.co.uk/products/charbonnel-et-walker-union-jack-milk-and-dark-chocolate-truffle-selection-205g,https://www.drinkshouse247.co.uk/products/dark-marc-de-champagne-chocolate-truffles
1,https://www.drinkshouse247.co.uk/products/charbonnel-et-walker-whisky-truffles,https://www.drinkshouse247.co.uk/products/007-dry-martini-truffles
1,https://www.drinkshouse247.co.uk/products/pink-himalayan-salted-caramel-chocolate-truffles,https://www.drinkshouse247.co.uk/products/milk-sea-salt-caramel-praline-chocolate-truffles
1,https://www.drinkshouse247.co.uk/products/007-dry-martini-truffles,https://www.drinkshouse247.co.uk/products/laduree-pearls-box-ispahan-almond-130g
1,https://www.drinkshouse247.co.uk/products/laduree-box-of-42-dark-and-milk-chocolate-squares-230g,https://www.drinkshouse247.co.uk/products/farhi-assorted-chocolate-raisin-bonbonniere-130g
1,https://www.drinkshouse247.co.uk/products/20-red-roses-flower-box,https://www.drinkshouse247.co.uk/products/the-prestige-pearl-ruinart-blanc-de-blancs-oscietra-caviar-gift-set
1,https://www.drinkshouse247.co.uk/products/untitled-jun13_03-01-29,https://www.drinkshouse247.co.uk/products/the-tuxedo-belvedere-no-10-vodka-oscietra-caviar-gift-set
1,https://www.drinkshouse247.co.uk/products/dark-marc-de-champagne-chocolate-truffles,https://www.drinkshouse247.co.uk/products/charbonnel-et-walker-milk-pink-and-dark-chocolate-truffle-gift-set-132g
1,https://www.drinkshouse247.co.uk/products/exotic-fruits-delight-basket-premium-assortment,https://www.drinkshouse247.co.uk/products/charbonnel-et-walker-pistachio-truffles
1,https://www.drinkshouse247.co.uk/products/the-rose-champagne-hamper,https://www.drinkshouse247.co.uk/products/dom-perignon-caviar-hamper
1,https://www.drinkshouse247.co.uk/products/dom-perignon-caviar-hamper,https://www.drinkshouse247.co.uk/products/the-prestige-pearl-ruinart-blanc-de-blancs-oscietra-caviar-gift-set
1,https://www.drinkshouse247.co.uk/products/cipriani-hamper,https://www.drinkshouse247.co.uk/products/the-beluga-hamper
1,https://www.drinkshouse247.co.uk/products/the-beluga-hamper,https://www.drinkshouse247.co.uk/products/20-white-roses-bouquet
1,https://www.drinkshouse247.co.uk/products/20-white-roses-bouquet,https://www.drinkshouse247.co.uk/products/milk-sea-salt-caramel-praline-chocolate-truffles
1,https://www.drinkshouse247.co.uk/products/milk-sea-salt-caramel-praline-chocolate-truffles,https://www.drinkshouse247.co.uk/products/charbonnel-et-walker-whisky-truffles
1,https://www.drinkshouse247.co.uk/products/charbonnel-et-walker-milk-and-dark-sea-salt-caramel-truffles-240g,https://www.drinkaware.co.uk
1,https://www.drinkshouse247.co.uk/products/exotic-fruits-delight-basket-premium-assortment,https://www.drinkshouse247.co.uk/products/the-dom-perignon-prestige-hamper
1,https://www.drinkshouse247.co.uk/products/the-dom-perignon-prestige-hamper,https://www.drinkshouse247.co.uk/products/charbonnel-et-walker-pistachio-truffles
1,https://www.drinkshouse247.co.uk/products/20-red-roses-flower-box,https://www.drinkshouse247.co.uk/products/dom-perignon-caviar-hamper
1,https://www.drinkshouse247.co.uk/products/dom-perignon-caviar-hamper,https://www.drinkshouse247.co.uk/products/the-dom-perignon-prestige-hamper
1,https://www.drinkshouse247.co.uk/products/the-dom-perignon-prestige-hamper,https://www.drinkshouse247.co.uk/products/milk-sea-salt-caramel-praline-chocolate-truffles
1,https://www.drinkshouse247.co.uk/products/pink-himalayan-salted-caramel-chocolate-truffles,https://www.drinkshouse247.co.uk/products/pink-marc-de-champagne-chocolate-truffles-135g
1,https://www.drinkshouse247.co.uk/products/the-prestige-pearl-ruinart-blanc-de-blancs-oscietra-caviar-gift-set,https://www.drinkshouse247.co.uk/products/premium-anejo-and-caviar-gift-set
1,https://www.drinkshouse247.co.uk/products/premium-anejo-and-caviar-gift-set,https://www.drinkshouse247.co.uk/products/20-white-roses-bouquet
1,https://www.drinkshouse247.co.uk/products/charbonnel-et-walker-pistachio-truffles,https://www.drinkshouse247.co.uk/products/pink-marc-de-champagne-chocolate-truffles-135g
1,https://www.drinkshouse247.co.uk/products/exotic-fruits-delight-basket-premium-assortment,https://www.drinkshouse247.co.uk/products/the-prestige-pearl-ruinart-blanc-de-blancs-oscietra-caviar-gift-set
1,https://www.drinkshouse247.co.uk/products/the-beluga-hamper,https://www.drinkshouse247.co.uk/products/the-macallan-rare-cask-ultimate-whisky-cigar-gift-set
1,https://www.drinkshouse247.co.uk/products/the-macallan-rare-cask-ultimate-whisky-cigar-gift-set,https://www.drinkshouse247.co.uk/products/20-red-roses-flower-box
1,https://www.drinkshouse247.co.uk/products/20-red-roses-flower-box,https://www.drinkshouse247.co.uk/products/milk-sea-salt-caramel-praline-chocolate-truffles
1,https://www.drinkshouse247.co.uk/products/charbonnel-et-walker-pistachio-truffles,https://www.drinkshouse247.co.uk/products/farhi-assorted-chocolate-raisin-bonbonniere-130g
1,https://www.drinkshouse247.co.uk/products/charbonnel-et-walker-union-jack-milk-and-dark-chocolate-truffle-selection-205g,https://www.drinkshouse247.co.uk/products/charbonnel-et-walker-whisky-truffles
1,https://www.drinkshouse247.co.uk/products/charbonnel-et-walker-whisky-truffles,https://www.drinkaware.co.uk
1,https://www.drinkshouse247.co.uk/products/20-white-roses-bouquet,https://www.drinkshouse247.co.uk/products/dark-sea-salt-caramel-chocolate-truffles
1,https://www.drinkshouse247.co.uk/products/milk-sea-salt-caramel-praline-chocolate-truffles,https://www.drinkshouse247.co.uk/products/007-dry-martini-truffles
1,https://www.drinkshouse247.co.uk/products/untitled-jun13_03-01-29,https://www.drinkshouse247.co.uk/products/the-beluga-hamper
1,https://www.drinkshouse247.co.uk/products/20-red-roses-flower-box,https://www.drinkshouse247.co.uk/products/the-macallan-rare-cask-ultimate-whisky-cigar-gift-set
1,https://www.drinkshouse247.co.uk/products/the-macallan-rare-cask-ultimate-whisky-cigar-gift-set,https://www.drinkshouse247.co.uk/products/charbonnel-et-walker-pistachio-truffles
1,https://www.drinkshouse247.co.uk/products/dark-sea-salt-caramel-chocolate-truffles,https://www.drinkshouse247.co.uk/products/laduree-pearls-box-ispahan-almond-130g
1,https://www.drinkshouse247.co.uk/products/premium-anejo-and-caviar-gift-set,https://www.drinkshouse247.co.uk/products/the-beluga-hamper
1,https://www.drinkshouse247.co.uk/products/dark-marc-de-champagne-chocolate-truffles,https://www.drinkshouse247.co.uk/products/charbonnel-et-walker-milk-chocolate-truffles-115g
1,https://www.drinkshouse247.co.uk/products/untitled-jun7_02-52-44,https://www.drinkshouse247.co.uk/products/charbonnel-et-walker-milk-and-dark-sea-salt-caramel-truffles-240g
1,https://www.drinkshouse247.co.uk/products/charbonnel-et-walker-union-jack-milk-and-dark-chocolate-truffle-205g,https://www.drinkshouse247.co.uk/products/farhi-chocolate-coated-almond-bonbonniere-130g
1,https://www.drinkshouse247.co.uk/products/laduree-pearls-box-ispahan-almond-130g,https://www.drinkshouse247.co.uk/products/charbonnel-et-walker-whisky-truffles
1,https://www.drinkshouse247.co.uk/products/milk-sea-salt-caramel-praline-chocolate-truffles,https://www.drinkshouse247.co.uk/products/charbonnel-et-walker-milk-pink-and-dark-chocolate-truffle-gift-set-132g
1,https://www.drinkshouse247.co.uk/products/pink-himalayan-salted-caramel-chocolate-truffles,https://www.drinkaware.co.uk
1,https://www.drinkshouse247.co.uk/products/10-dram-whisky-tasting-gift-set-10-x-3cl,https://www.drinkshouse247.co.uk/products/the-house-of-suntory
1,https://www.drinkshouse247.co.uk/products/the-house-of-suntory,https://www.drinkshouse247.co.uk/products/seventy-one-gin-trudon-candle-luxury-gift-set
1,https://www.drinkshouse247.co.uk/products/untitled-jun13_02-01-56,https://www.drinkshouse247.co.uk/products/farhi-assorted-chocolate-raisin-bonbonniere-130g
1,https://www.drinkshouse247.co.uk/products/laduree-pearls-box-ispahan-almond-130g,https://www.drinkshouse247.co.uk/products/charbonnel-et-walker-milk-and-dark-sea-salt-caramel-truffles-240g
1,https://www.drinkshouse247.co.uk/products/charbonnel-et-walker-milk-chocolate-truffles-115g,https://www.drinkshouse247.co.uk/products/farhi-chocolate-coated-almond-bonbonniere-130g
1,https://www.drinkshouse247.co.uk/products/farhi-chocolate-coated-almond-bonbonniere-130g,https://www.drinkshouse247.co.uk/products/charbonnel-et-walker-union-jack-milk-and-dark-chocolate-truffle-selection-205g
1,https://www.drinkshouse247.co.uk/products/premium-anejo-and-caviar-gift-set,https://www.drinkshouse247.co.uk/products/the-celebration-hamper
1,https://www.drinkshouse247.co.uk/products/10-dram-whisky-tasting-gift-set-10-x-3cl,https://www.drinkshouse247.co.uk/products/the-macallan-rare-cask-ultimate-whisky-cigar-gift-set
1,https://www.drinkshouse247.co.uk/products/the-macallan-rare-cask-ultimate-whisky-cigar-gift-set,https://www.drinkshouse247.co.uk/products/the-tuxedo-belvedere-no-10-vodka-oscietra-caviar-gift-set
1,https://www.drinkshouse247.co.uk/products/the-tuxedo-belvedere-no-10-vodka-oscietra-caviar-gift-set,https://www.drinkshouse247.co.uk/products/cipriani-hamper
1,https://www.drinkshouse247.co.uk/products/cipriani-hamper,https://www.drinkshouse247.co.uk/products/jack-daniels-old-no-7-tennessee-whiskey-guitar-gift-pack-70cl
1,https://www.drinkshouse247.co.uk/products/premium-anejo-and-caviar-gift-set,https://www.drinkshouse247.co.uk/products/jack-daniels-old-no-7-tennessee-whiskey-guitar-gift-pack-70cl
1,https://www.drinkshouse247.co.uk/products/charbonnel-et-walker-whisky-truffles,https://www.drinkshouse247.co.uk/products/dark-marc-de-champagne-chocolate-truffles
1,https://www.drinkshouse247.co.uk/products/farhi-assorted-chocolate-raisin-bonbonniere-130g,https://www.drinkshouse247.co.uk/products/pink-marc-de-champagne-chocolate-truffles-135g
1,https://www.drinkshouse247.co.uk/products/dark-sea-salt-caramel-chocolate-truffles,https://www.drinkshouse247.co.uk/products/charbonnel-et-walker-milk-pink-and-dark-chocolate-truffle-gift-set-132g
1,https://www.drinkshouse247.co.uk/products/the-rose-champagne-hamper,https://www.drinkshouse247.co.uk/products/the-beluga-hamper
1,https://www.drinkshouse247.co.uk/products/the-beluga-hamper,https://www.drinkshouse247.co.uk/products/10-dram-whisky-tasting-gift-set-10-x-3cl
1,https://www.drinkshouse247.co.uk/products/untitled-jun7_02-52-44,https://www.drinkshouse247.co.uk/products/dark-marc-de-champagne-chocolate-truffles
1,https://www.drinkshouse247.co.uk/products/exotic-fruits-delight-basket-premium-assortment,https://www.drinkshouse247.co.uk/products/farhi-chocolate-coated-almond-bonbonniere-130g
1,https://www.drinkshouse247.co.uk/products/farhi-chocolate-coated-almond-bonbonniere-130g,https://www.drinkshouse247.co.uk/products/seventy-one-gin-trudon-candle-luxury-gift-set
1,https://www.drinkshouse247.co.uk/products/untitled-jun13_02-01-56,https://www.drinkshouse247.co.uk/products/cipriani-hamper
1,https://www.drinkshouse247.co.uk/products/untitled-jun13_03-01-29,https://www.drinkshouse247.co.uk/products/20-red-roses-flower-box
1,https://www.drinkshouse247.co.uk/products/the-rose-champagne-hamper,https://www.drinkshouse247.co.uk/products/farhi-chocolate-coated-almond-bonbonniere-130g
1,https://www.drinkshouse247.co.uk/products/farhi-vegan-almond-bonbonniere-130g,https://www.drinkshouse247.co.uk/products/dark-sea-salt-caramel-chocolate-truffles
1,https://www.drinkshouse247.co.uk/products/dark-sea-salt-caramel-chocolate-truffles,https://www.drinkshouse247.co.uk/products/farhi-assorted-chocolate-raisin-bonbonniere-130g
1,https://www.drinkshouse247.co.uk/products/pink-marc-de-champagne-chocolate-truffles-135g,https://www.drinkaware.co.uk
1,https://www.drinkshouse247.co.uk/products/untitled-jun13_02-01-56,https://www.drinkshouse247.co.uk/products/the-rose-champagne-hamper
1,https://www.drinkshouse247.co.uk/products/dark-sea-salt-caramel-chocolate-truffles,https://www.drinkshouse247.co.uk/products/farhi-chocolate-coated-almond-bonbonniere-130g
1,https://www.drinkshouse247.co.uk/products/10-dram-whisky-tasting-gift-set-10-x-3cl,https://www.drinkshouse247.co.uk/products/20-white-roses-bouquet
1,https://www.drinkshouse247.co.uk/products/dark-sea-salt-caramel-chocolate-truffles,https://www.drinkshouse247.co.uk/products/farhi-vegan-almond-bonbonniere-130g
1,https://www.drinkshouse247.co.uk/products/farhi-vegan-almond-bonbonniere-130g,https://www.drinkshouse247.co.uk/products/007-dry-martini-truffles
1,https://www.drinkshouse247.co.uk/products/dark-marc-de-champagne-chocolate-truffles,https://www.drinkshouse247.co.uk/products/laduree-box-of-42-dark-and-milk-chocolate-squares-230g
1,https://www.drinkshouse247.co.uk/products/untitled-jun13_02-01-56,https://www.drinkshouse247.co.uk/products/20-white-roses-bouquet
1,https://www.drinkshouse247.co.uk/products/cipriani-hamper,https://www.drinkshouse247.co.uk/products/pink-marc-de-champagne-chocolate-truffles-135g
1,https://www.drinkshouse247.co.uk/products/10-dram-whisky-tasting-gift-set-10-x-3cl,https://www.drinkshouse247.co.uk/products/laduree-pearls-box-ispahan-almond-130g
1,https://www.drinkshouse247.co.uk/products/charbonnel-et-walker-milk-pink-and-dark-chocolate-truffle-gift-set-132g,https://www.drinkshouse247.co.uk/products/farhi-vegan-almond-bonbonniere-130g
1,https://www.drinkshouse247.co.uk/products/untitled-jun13_03-01-29,https://www.drinkshouse247.co.uk/products/pink-marc-de-champagne-chocolate-truffles-135g
1,https://www.drinkshouse247.co.uk/products/dark-marc-de-champagne-chocolate-truffles,https://www.drinkshouse247.co.uk/products/laduree-pearls-box-ispahan-almond-130g
1,https://www.drinkshouse247.co.uk/products/cipriani-hamper,https://www.drinkshouse247.co.uk/products/premium-anejo-and-caviar-gift-set
1,https://www.drinkshouse247.co.uk/products/premium-anejo-and-caviar-gift-set,https://www.drinkshouse247.co.uk/products/the-rose-champagne-hamper
1,https://www.drinkshouse247.co.uk/products/10-dram-whisky-tasting-gift-set-10-x-3cl,https://www.drinkshouse247.co.uk/products/milk-sea-salt-caramel-praline-chocolate-truffles
1,https://www.drinkshouse247.co.uk/products/farhi-chocolate-coated-almond-bonbonniere-130g,https://www.drinkshouse247.co.uk/products/charbonnel-et-walker-milk-and-dark-sea-salt-caramel-truffles-240g
1,https://www.drinkshouse247.co.uk/products/laduree-box-of-42-dark-and-milk-chocolate-squares-230g,https://www.drinkshouse247.co.uk/products/pink-himalayan-salted-caramel-chocolate-truffles
1,https://www.drinkshouse247.co.uk/products/pink-himalayan-salted-caramel-chocolate-truffles,https://www.drinkshouse247.co.uk/products/charbonnel-et-walker-milk-and-dark-sea-salt-caramel-truffles-240g
1,https://www.drinkshouse247.co.uk/products/milk-sea-salt-caramel-praline-chocolate-truffles,https://www.drinkshouse247.co.uk/products/laduree-box-of-42-dark-and-milk-chocolate-squares-230g
1,https://www.drinkshouse247.co.uk/products/farhi-chocolate-coated-almond-bonbonniere-130g,https://www.drinkshouse247.co.uk/products/dark-sea-salt-caramel-chocolate-truffles
1,https://www.drinkshouse247.co.uk/products/10-dram-whisky-tasting-gift-set-10-x-3cl,https://www.drinkshouse247.co.uk/products/dark-marc-de-champagne-chocolate-truffles
1,https://www.drinkshouse247.co.uk/products/20-white-roses-bouquet,https://www.drinkshouse247.co.uk/products/20-red-roses-flower-box
1,https://www.drinkshouse247.co.uk/products/20-red-roses-flower-box,https://www.drinkshouse247.co.uk/products/cipriani-hamper
1,https://www.drinkshouse247.co.uk/products/the-prestige-pearl-ruinart-blanc-de-blancs-oscietra-caviar-gift-set,https://www.drinkshouse247.co.uk/products/laduree-pearls-box-ispahan-almond-130g
1,https://www.drinkshouse247.co.uk/products/007-dry-martini-truffles,https://www.drinkshouse247.co.uk/products/farhi-vegan-almond-bonbonniere-130g
1,https://www.drinkshouse247.co.uk/products/dark-marc-de-champagne-chocolate-truffles,https://www.drinkshouse247.co.uk/products/farhi-chocolate-coated-almond-bonbonniere-130g
1,https://www.drinkshouse247.co.uk/products/milk-sea-salt-caramel-praline-chocolate-truffles,https://www.drinkshouse247.co.uk/products/charbonnel-et-walker-milk-chocolate-truffles-115g
1,https://www.drinkshouse247.co.uk/products/10-dram-whisky-tasting-gift-set-10-x-3cl,https://www.drinkshouse247.co.uk/products/charbonnel-et-walker-milk-chocolate-truffles-115g
1,https://www.drinkshouse247.co.uk/products/pink-himalayan-salted-caramel-chocolate-truffles,https://www.drinkshouse247.co.uk/products/charbonnel-et-walker-union-jack-milk-and-dark-chocolate-truffle-selection-205g
1,https://www.drinkshouse247.co.uk/products/premium-anejo-and-caviar-gift-set,https://www.drinkshouse247.co.uk/products/seventy-one-gin-signature-martini-gift-set
1,https://www.drinkshouse247.co.uk/products/milk-sea-salt-caramel-praline-chocolate-truffles,https://www.drinkshouse247.co.uk/products/farhi-chocolate-coated-almond-bonbonniere-130g
1,https://www.drinkshouse247.co.uk/products/untitled-jun13_03-01-29,https://www.drinkshouse247.co.uk/products/the-house-of-suntory
1,https://www.drinkshouse247.co.uk/products/the-house-of-suntory,https://www.drinkshouse247.co.uk/products/charbonnel-et-walker-whisky-truffles
1,https://www.drinkshouse247.co.uk/products/20-red-roses-flower-box,https://www.drinkshouse247.co.uk/products/dark-marc-de-champagne-chocolate-truffles
1,https://www.drinkshouse247.co.uk/products/the-rose-champagne-hamper,https://www.drinkshouse247.co.uk/products/seventy-one-gin-trudon-candle-luxury-gift-set
1,https://www.drinkshouse247.co.uk/products/untitled-jun13_02-01-56,https://www.drinkshouse247.co.uk/products/20-red-roses-flower-box
1,https://www.drinkshouse247.co.uk/products/007-dry-martini-truffles,https://www.drinkshouse247.co.uk/products/dark-marc-de-champagne-chocolate-truffles
1,https://www.drinkshouse247.co.uk/products/pink-marc-de-champagne-chocolate-truffles-135g,https://www.drinkshouse247.co.uk/products/farhi-assorted-chocolate-raisin-bonbonniere-130g
1,https://www.drinkshouse247.co.uk/products/the-rose-champagne-hamper,https://www.drinkshouse247.co.uk/products/the-celebration-hamper
1,https://www.drinkshouse247.co.uk/products/untitled-jun13_03-01-29,https://www.drinkshouse247.co.uk/products/cipriani-hamper
1,https://www.drinkshouse247.co.uk/products/the-prestige-pearl-ruinart-blanc-de-blancs-oscietra-caviar-gift-set,https://www.drinkshouse247.co.uk/products/pink-marc-de-champagne-chocolate-truffles-135g
1,https://www.drinkshouse247.co.uk/products/untitled-jun7_02-52-44,https://www.drinkshouse247.co.uk/products/seventy-one-gin-signature-martini-gift-set
1,https://www.drinkshouse247.co.uk/products/untitled-jun13_03-01-29,https://www.drinkshouse247.co.uk/products/the-rose-champagne-hamper
1,https://www.drinkshouse247.co.uk/products/charbonnel-et-walker-milk-chocolate-truffles-115g,https://www.drinkshouse247.co.uk/products/laduree-pearls-box-ispahan-almond-130g
1,https://www.drinkshouse247.co.uk/products/007-dry-martini-truffles,https://www.drinkaware.co.uk
1,https://www.drinkshouse247.co.uk/products/20-red-roses-flower-box,https://www.drinkshouse247.co.uk/products/the-house-of-suntory
1,https://www.drinkshouse247.co.uk/products/the-house-of-suntory,https://www.drinkshouse247.co.uk/products/dark-marc-de-champagne-chocolate-truffles
1,https://www.drinkshouse247.co.uk/products/charbonnel-et-walker-milk-chocolate-truffles-115g,https://www.drinkshouse247.co.uk/products/charbonnel-et-walker-whisky-truffles
1,https://www.drinkshouse247.co.uk/products/the-prestige-pearl-ruinart-blanc-de-blancs-oscietra-caviar-gift-set,https://www.drinkshouse247.co.uk/products/the-rose-champagne-hamper
1,https://www.drinkshouse247.co.uk/products/charbonnel-et-walker-union-jack-milk-and-dark-chocolate-truffle-205g,https://www.drinkshouse247.co.uk/products/pink-himalayan-salted-caramel-chocolate-truffles
1,https://www.drinkshouse247.co.uk/products/cipriani-hamper,https://www.drinkshouse247.co.uk/products/20-red-roses-flower-box
1,https://www.drinkshouse247.co.uk/products/20-red-roses-flower-box,https://www.drinkshouse247.co.uk/products/the-rose-champagne-hamper
1,https://www.drinkshouse247.co.uk/products/the-prestige-pearl-ruinart-blanc-de-blancs-oscietra-caviar-gift-set,https://www.drinkshouse247.co.uk/products/charbonnel-et-walker-pistachio-truffles
1,https://www.drinkshouse247.co.uk/products/charbonnel-et-walker-milk-chocolate-truffles-115g,https://www.drinkshouse247.co.uk/products/pink-himalayan-salted-caramel-chocolate-truffles
1,https://www.drinkshouse247.co.uk/products/untitled-jun13_03-01-29,https://www.drinkshouse247.co.uk/products/pink-himalayan-salted-caramel-chocolate-truffles
1,https://www.drinkshouse247.co.uk/products/untitled-jun7_02-52-44,https://www.drinkshouse247.co.uk/products/the-prestige-pearl-ruinart-blanc-de-blancs-oscietra-caviar-gift-set
1,https://www.drinkshouse247.co.uk/products/untitled-jun13_02-01-56,https://www.drinkshouse247.co.uk/products/charbonnel-et-walker-union-jack-milk-and-dark-chocolate-truffle-selection-205g
1,https://www.drinkshouse247.co.uk/products/laduree-box-of-42-dark-and-milk-chocolate-squares-230g,https://www.drinkshouse247.co.uk/products/laduree-pearls-box-ispahan-almond-130g
1,/blogs/posts/beautiful-wine-rack-ideas-for-your-home,/blogs/sponsored/beautiful-wine-rack-ideas-for-your-home
1,https://www.drinkshouse247.co.uk/collections/champagne/products/Bollinger,https://www.drinkshouse247.co.uk/products/bollinger-special-cuvee-brut-champagne-75cl
1,https://www.drinkshouse247.co.uk/collections/champagne/products/pichon-lalande-2020,https://www.drinkshouse247.co.uk/products/pichon-lalande-2021
1,https://www.drinkshouse247.co.uk/collections/alcohol-gift-sets/products/veuve-clicquot-vintage-champagne-2012,https://www.drinkshouse247.co.uk/products/veuve-clicquot-vintage-champagne-2015
1,https://drinkshouse247.co.uk/collections/alcohol-gift-sets/vintage,https://drinkshouse247.co.uk/collections/alcohol-gift-sets
1,https://www.drinkshouse247.co.uk/collections/beers-1/products/guinness-beers,https://www.drinkshouse247.co.uk/products/guinness-beers
1,https://www.drinkshouse247.co.uk/collections/pre-mixed-cases/products/taste-of-france-pre-mixed-case,https://www.drinkshouse247.co.uk/products/taste-of-france-pre-mixed-case
1,https://www.drinkshouse247.co.uk/collections/pre-mixed-cases/products/french-white-pre-mixed-case,https://www.drinkshouse247.co.uk/products/french-white-pre-mixed-case
1,https://www.drinkshouse247.co.uk/collections/champagne/products/taittinger-prestige-rose,https://www.drinkshouse247.co.uk/products/taittinger-prestige-rose-champagne
1,https://www.drinkshouse247.co.uk/pages/champagne-sent-as-a-gift,https://www.drinkshouse247.co.uk/pages/send-a-gift-of-champagne
1,https://www.drinkshouse247.co.uk/collections/wines/products/chateau-les-eyquem-margaux-2019,https://www.drinkshouse247.co.uk/products/chateau-les-eyquem-margaux-2021
1,https://www.drinkshouse247.co.uk/collections/wines-1/products/pinot-grigio-white-wine,https://www.drinkshouse247.co.uk/products/pinot-grigio-white-wine
1,https://www.drinkshouse247.co.uk/collections/champagnes/products/prosecco-1,https://www.drinkshouse247.co.uk/products/prosecco-1
1,https://www.drinkshouse247.co.uk/collections/champagne/products/grand-vintage-moet-2013-champagne,https://www.drinkshouse247.co.uk/products/grand-vintage-moet-2015
1,https://drinkshouse247.co.uk/products/taittinger-vintage,https://drinkshouse247.co.uk/products/taittinger-brut-millesime-champagne
1,https://www.drinkshouse247.co.uk/collections/red-wine/products/chateau-les-eyquem-margaux-2019,https://www.drinkshouse247.co.uk/products/chateau-les-eyquem-margaux-2021
1,https://drinkshouse247.co.uk/pages/wine-gift-box-the-perfect-present-for-wine-lover%20,https://drinkshouse247.co.uk/pages/wine-gift-box-the-perfect-present-for-wine-lover
1,https://drinkshouse247.co.uk/pages/exquisite-champagne-gifts,https://drinkshouse247.co.uk/pages/send-a-gift-of-champagne
1,https://drinkshouse247.co.uk/collections/wines-1/deep-red,https://drinkshouse247.co.uk/collections/red-wine
1,https://drinkshouse247.co.uk/collections/white-wine/all-products,https://drinkshouse247.co.uk/collections/white-wine
1,https://drinkshouse247.co.uk/collections/alcohol-gift-sets/red-wine,https://drinkshouse247.co.uk/collections/alcohol-gift-sets
1,https://drinkshouse247.co.uk/collections/wines-1/black-fruits,https://drinkshouse247.co.uk/collections/wines
1,https://drinkshouse247.co.uk/collections/Champagne,https://drinkshouse247.co.uk/collections/champagne
1,https://www.drinkshouse247.co.uk/collections/champagne-balthazar-12l,https://www.drinkshouse247.co.uk/collections/champagne-magnum-1-5l
1,https://www.drinkshouse247.co.uk/collections/tequila/products/818-eight-reserve,https://www.drinkshouse247.co.uk/products/818-eight-reserve-extra-anejo-tequila-70cl
1,https://drinkshouse247.co.uk/pages/champagne-delivery-london-1,https://drinkshouse247.co.uk/collections/champagne
1,/pages/send-tequila-as-a-gift-uk,/pages/send-tequila-as-a-gift-uk-premium-fast-delivery-drinks-house-247
1,/pages/champagne-delivery-london,/collections/champagne
1,https://www.drinkshouse247.co.uk/custom-engraved-spirits,https://www.drinkshouse247.co.uk/collections/spirits
1,https://www.drinkshouse247.co.uk/prosecco,https://www.drinkshouse247.co.uk/collections/prosecco-gifts
1,https://www.drinkshouse247.co.uk/gift-sets,https://www.drinkshouse247.co.uk/collections/alcohol-gift-sets
1,https://www.drinkshouse247.co.uk/craft-beer-gift-sets,https://www.drinkshouse247.co.uk/collections/beers
1,https://www.drinkshouse247.co.uk/order-tracking,https://www.drinkshouse247.co.uk/account
1,https://www.drinkshouse247.co.uk/collections/white-wine/products/albert-bichot-chablis,https://www.drinkshouse247.co.uk/products/louis-jadot-chablis
1,https://www.drinkshouse247.co.uk/products/cheese-platter-1-2-people,https://www.drinkshouse247.co.uk/products/cheese-platter
1,https://www.drinkshouse247.co.uk/collections/rum/products/captain-morgan-white-rum,https://www.drinkshouse247.co.uk/collections/rum
1,https://www.drinkshouse247.co.uk/products/captain-morgan-white-rum?_pos=1&amp;_sid=d186b5e7f&amp;_ss=r,https://www.drinkshouse247.co.uk/collections/rum?_pos=1&amp;_sid=d186b5e7f&amp;_ss=r
1,https://www.drinkshouse247.co.uk/products/taittinger-vintage,https://www.drinkshouse247.co.uk/products/taittinger-brut-millesime-champagne
1,https://drinkshouse247.co.uk/pages/challenge-21,https://drinkshouse247.co.uk/pages/challenge-25
1,https://drinkshouse247.co.uk/pages/champagne-engagement-gifts-celebrate-love-with-sparkling-wine,https://drinkshouse247.co.uk/pages/champagne-for-engagement-gift-a-toast-to-celebrate-love
1,https://drinkshouse247.co.uk/blogs/posts/personalised-champagne-box-guide-unique-gifting-ideas-2027,https://drinkshouse247.co.uk/blogs/posts/personalised-champagne-box-guide-unique-gifting-ideas-2026
1,https://drinkshouse247.co.uk/pages/alcohol-delivery-1,https://drinkshouse247.co.uk/pages/alcohol-delivery
1,https://drinkshouse247.co.uk/pages/champagne-chocolate-flowers-the-perfect-valentines-day-gift-london-2026,https://drinkshouse247.co.uk/pages/champagne-and-chocolate-flowers-the-perfect-valentines-day-gift-london-2026
1,https://www.drinkshouse247.co.uk/wine-gift-sets,https://www.drinkshouse247.co.uk/collections/alcohol-gift-sets
1,https://www.drinkshouse247.co.uk/luxury-wine-gift-boxes,https://www.drinkshouse247.co.uk/collections/alcohol-gift-sets
1,https://drinkshouse247.co.uk/pages/a-sparkling-gesture-sending-champagne-as-a-gift,https://drinkshouse247.co.uk/pages/send-a-gift-of-champagne
1,https://drinkshouse247.co.uk/pages/champagne-delivered-as-a-gift,https://drinkshouse247.co.uk/pages/send-a-gift-of-champagne
1,https://drinkshouse247.co.uk/pages/send-prosecco-gift-uk-bubbly-fast-delivery-drinks-house-248,https://drinkshouse247.co.uk/pages/send-prosecco-gift-uk-bubbly-fast-delivery-drinks-house-247
1,https://drinkshouse247.co.uk/pages/champagne-delivery-uk-bringing-elegance-to-your-doorstep,https://drinkshouse247.co.uk/pages/uk-champagne-delivery
1,https://www.drinkshouse247.co.uk/wine/sustainable-wine,https://www.drinkshouse247.co.uk/collections/certified-organic-wines
1,https://drinkshouse247.co.uk/wine/organic-wine,https://drinkshouse247.co.uk/collections/practicing-organic-wines
1,/blogs/posts/flavoured-vodka-sodas-vs-regular-calorie-breakdown,/blogs/posts/top-10-alcoholic-drinks-with-the-least-calories
1,https://www.drinkshouse247.co.uk/collections/extras,https://www.drinkshouse247.co.uk/collections/mixers
1,https://drinkshouse247.co.uk/products/dom-perignon-champagne?_pos=1&amp;_sid=a27b6fb01&amp;_ss=r,https://drinkshouse247.co.uk/products/dom-perignon-champagne-2013
1,/products/dom-ruinart-2010,/collections/champagne
1,https://www.drinkshouse247.co.uk/collections/champagne/products/bollinger-special-cuvee-champagne,https://www.drinkshouse247.co.uk/products/bollinger-special-cuvee-brut-champagne-75cl
